entity_id,time_index_colombia,energyproducedtoday_delta,n_muestras,gap_h,calidad,reinicio
enphase_monitor,2026-01-30 20:00:00,0.0,59,1.0,ok,False
enphase_monitor,2026-01-30 21:00:00,0.0,60,1.0,ok,False
enphase_monitor,2026-01-30 22:00:00,0.0,60,1.0,ok,False
enphase_monitor,2026-01-30 23:00:00,0.0,60,1.0,ok,False
enphase_monitor,2026-01-31 00:00:00,0.0,59,1.0,ok,True
enphase_monitor,2026-01-31 01:00:00,0.0,60,1.0,ok,False
enphase_monitor,2026-01-31 02:00:00,0.0,60,1.0,ok,False
enphase_monitor,2026-01-31 03:00:00,0.0,58,1.0,ok,False
enphase_monitor,2026-01-31 04:00:00,0.0,60,1.0,ok,False
enphase_monitor,2026-01-31 05:00:00,0.0,60,1.0,ok,False
enphase_monitor,2026-01-31 06:00:00,0.0,59,1.0,ok,False
enphase_monitor,2026-01-31 07:00:00,167.0,60,1.0,ok,False
enphase_monitor,2026-01-31 08:00:00,495.0,60,1.0,ok,False
enphase_monitor,2026-01-31 09:00:00,1197.0,59,1.0,ok,False
enphase_monitor,2026-01-31 10:00:00,1976.0,60,1.0,ok,False
enphase_monitor,2026-01-31 11:00:00,2350.0,60,1.0,ok,False
enphase_monitor,2026-01-31 12:00:00,2441.0,59,1.0,ok,False
enphase_monitor,2026-01-31 13:00:00,1245.0,60,1.0,ok,False
enphase_monitor,2026-01-31 14:00:00,838.0,60,1.0,ok,False
enphase_monitor,2026-01-31 15:00:00,1516.0,59,1.0,ok,False
enphase_monitor,2026-01-31 16:00:00,199.0,60,1.0,ok,False
enphase_monitor,2026-01-31 17:00:00,12.0,55,1.0,ok,False
enphase_monitor,2026-01-31 18:00:00,0.0,58,1.0,ok,False
enphase_monitor,2026-01-31 19:00:00,0.0,59,1.0,ok,False
enphase_monitor,2026-01-31 20:00:00,0.0,60,1.0,ok,False
enphase_monitor,2026-01-31 21:00:00,0.0,60,1.0,ok,False
enphase_monitor,2026-01-31 22:00:00,0.0,59,1.0,ok,False
enphase_monitor,2026-01-31 23:00:00,0.0,60,1.0,ok,False
enphase_monitor,2026-02-01 00:00:00,0.0,60,1.0,ok,True
enphase_monitor,2026-02-01 01:00:00,0.0,58,1.0,ok,False
enphase_monitor,2026-02-01 02:00:00,0.0,58,1.0,ok,False
enphase_monitor,2026-02-01 03:00:00,0.0,58,1.0,ok,False
enphase_monitor,2026-02-01 04:00:00,0.0,57,1.0,ok,False
enphase_monitor,2026-02-01 05:00:00,0.0,59,1.0,ok,False
enphase_monitor,2026-02-01 06:00:00,2.0,60,1.0,ok,False
enphase_monitor,2026-02-01 07:00:00,127.0,59,1.0,ok,False
enphase_monitor,2026-02-01 08:00:00,505.0,60,1.0,ok,False
enphase_monitor,2026-02-01 09:00:00,791.0,60,1.0,ok,False
enphase_monitor,2026-02-01 10:00:00,964.0,59,1.0,ok,False
enphase_monitor,2026-02-01 11:00:00,1291.0,60,1.0,ok,False
enphase_monitor,2026-02-01 12:00:00,1888.0,60,1.0,ok,False
enphase_monitor,2026-02-01 13:00:00,861.0,59,1.0,ok,False
enphase_monitor,2026-02-01 14:00:00,617.0,60,1.0,ok,False
enphase_monitor,2026-02-01 15:00:00,281.0,60,1.0,ok,False
enphase_monitor,2026-02-01 16:00:00,67.0,60,1.0,ok,False
enphase_monitor,2026-02-01 17:00:00,55.0,59,1.0,ok,False
enphase_monitor,2026-02-01 18:00:00,0.0,60,1.0,ok,False
enphase_monitor,2026-02-01 19:00:00,0.0,60,1.0,ok,False
enphase_monitor,2026-02-01 20:00:00,0.0,59,1.0,ok,False
enphase_monitor,2026-02-01 21:00:00,0.0,60,1.0,ok,False
enphase_monitor,2026-02-01 22:00:00,0.0,60,1.0,ok,False
enphase_monitor,2026-02-01 23:00:00,0.0,59,1.0,ok,False
enphase_monitor,2026-02-02 00:00:00,0.0,60,1.0,ok,True
enphase_monitor,2026-02-02 01:00:00,0.0,59,1.0,ok,False
enphase_monitor,2026-02-02 02:00:00,0.0,60,1.0,ok,False
enphase_monitor,2026-02-02 03:00:00,0.0,60,1.0,ok,False
enphase_monitor,2026-02-02 04:00:00,0.0,58,1.0,ok,False
enphase_monitor,2026-02-02 05:00:00,0.0,60,1.0,ok,False
enphase_monitor,2026-02-02 06:00:00,15.0,60,1.0,ok,False
enphase_monitor,2026-02-02 07:00:00,304.0,59,1.0,ok,False
enphase_monitor,2026-02-02 08:00:00,799.0,54,1.0,ok,False
enphase_monitor,2026-02-02 09:00:00,827.0,59,1.0,ok,False
enphase_monitor,2026-02-02 10:00:00,1192.0,60,1.0,ok,False
enphase_monitor,2026-02-02 11:00:00,1454.0,60,1.0,ok,False
enphase_monitor,2026-02-02 12:00:00,0.0,5,1.0,ok,False
enphase_monitor,2026-02-02 13:00:00,3321.0,32,1.0,ok,False
enphase_monitor,2026-02-02 14:00:00,567.0,59,1.0,ok,False
enphase_monitor,2026-02-02 15:00:00,684.0,60,1.0,ok,False
enphase_monitor,2026-02-02 16:00:00,485.0,58,1.0,ok,False
enphase_monitor,2026-02-02 17:00:00,95.0,45,1.0,ok,False
enphase_monitor,2026-02-02 18:00:00,2.0,60,1.0,ok,False
enphase_monitor,2026-02-02 19:00:00,0.0,58,1.0,ok,False
enphase_monitor,2026-02-02 20:00:00,0.0,58,1.0,ok,False
enphase_monitor,2026-02-02 21:00:00,0.0,57,1.0,ok,False
enphase_monitor,2026-02-02 22:00:00,0.0,59,1.0,ok,False
enphase_monitor,2026-02-02 23:00:00,0.0,60,1.0,ok,False
enphase_monitor,2026-02-03 00:00:00,0.0,60,1.0,ok,True
enphase_monitor,2026-02-03 01:00:00,0.0,59,1.0,ok,False
enphase_monitor,2026-02-03 02:00:00,0.0,59,1.0,ok,False
enphase_monitor,2026-02-03 03:00:00,0.0,59,1.0,ok,False
enphase_monitor,2026-02-03 04:00:00,0.0,59,1.0,ok,False
enphase_monitor,2026-02-03 05:00:00,0.0,59,1.0,ok,False
enphase_monitor,2026-02-03 06:00:00,0.0,59,1.0,ok,False
enphase_monitor,2026-02-03 07:00:00,154.0,60,1.0,ok,False
enphase_monitor,2026-02-03 08:00:00,829.0,59,1.0,ok,False
enphase_monitor,2026-02-03 09:00:00,1679.0,59,1.0,ok,False
enphase_monitor,2026-02-03 10:00:00,943.0,59,1.0,ok,False
enphase_monitor,2026-02-03 11:00:00,1461.0,60,1.0,ok,False
enphase_monitor,2026-02-03 12:00:00,1614.0,59,1.0,ok,False
enphase_monitor,2026-02-03 13:00:00,1537.0,60,1.0,ok,False
enphase_monitor,2026-02-03 14:00:00,1362.0,60,1.0,ok,False
enphase_monitor,2026-02-03 15:00:00,1233.0,59,1.0,ok,False
enphase_monitor,2026-02-03 16:00:00,398.0,60,1.0,ok,False
enphase_monitor,2026-02-03 17:00:00,67.0,47,1.0,ok,False
enphase_monitor,2026-02-03 18:00:00,0.0,41,1.0,ok,False
enphase_monitor,2026-02-03 19:00:00,0.0,45,1.0,ok,False
enphase_monitor,2026-02-03 20:00:00,0.0,59,1.0,ok,False
enphase_monitor,2026-02-03 21:00:00,0.0,57,1.0,ok,False
enphase_monitor,2026-02-03 22:00:00,0.0,60,1.0,ok,False
enphase_monitor,2026-02-03 23:00:00,0.0,60,1.0,ok,False
enphase_monitor,2026-02-04 00:00:00,0.0,59,1.0,ok,True
enphase_monitor,2026-02-04 01:00:00,0.0,60,1.0,ok,False
enphase_monitor,2026-02-04 02:00:00,0.0,59,1.0,ok,False
enphase_monitor,2026-02-04 03:00:00,0.0,59,1.0,ok,False
enphase_monitor,2026-02-04 04:00:00,0.0,60,1.0,ok,False
enphase_monitor,2026-02-04 05:00:00,0.0,59,1.0,ok,False
enphase_monitor,2026-02-04 06:00:00,8.0,60,1.0,ok,False
enphase_monitor,2026-02-04 07:00:00,349.0,59,1.0,ok,False
enphase_monitor,2026-02-04 08:00:00,484.0,60,1.0,ok,False
enphase_monitor,2026-02-04 09:00:00,986.0,58,1.0,ok,False
enphase_monitor,2026-02-04 10:00:00,2733.0,60,1.0,ok,False
enphase_monitor,2026-02-04 11:00:00,2946.0,59,1.0,ok,False
enphase_monitor,2026-02-04 12:00:00,3109.0,59,1.0,ok,False
enphase_monitor,2026-02-04 13:00:00,2363.0,59,1.0,ok,False
enphase_monitor,2026-02-04 14:00:00,520.0,60,1.0,ok,False
enphase_monitor,2026-02-04 15:00:00,935.0,55,1.0,ok,False
enphase_monitor,2026-02-04 16:00:00,291.0,59,1.0,ok,False
enphase_monitor,2026-02-04 17:00:00,154.0,58,1.0,ok,False
enphase_monitor,2026-02-04 18:00:00,15.0,39,1.0,ok,False
enphase_monitor,2026-02-04 19:00:00,0.0,43,1.0,ok,False
enphase_monitor,2026-02-04 20:00:00,0.0,59,1.0,ok,False
enphase_monitor,2026-02-04 21:00:00,0.0,60,1.0,ok,False
enphase_monitor,2026-02-04 22:00:00,0.0,59,1.0,ok,False
enphase_monitor,2026-02-04 23:00:00,0.0,60,1.0,ok,False
enphase_monitor,2026-02-05 00:00:00,0.0,59,1.0,ok,True
enphase_monitor,2026-02-05 01:00:00,0.0,60,1.0,ok,False
enphase_monitor,2026-02-05 02:00:00,0.0,59,1.0,ok,False
enphase_monitor,2026-02-05 03:00:00,0.0,60,1.0,ok,False
enphase_monitor,2026-02-05 04:00:00,0.0,60,1.0,ok,False
enphase_monitor,2026-02-05 05:00:00,0.0,60,1.0,ok,False
enphase_monitor,2026-02-05 06:00:00,6.0,59,1.0,ok,False
enphase_monitor,2026-02-05 07:00:00,250.0,60,1.0,ok,False
enphase_monitor,2026-02-05 08:00:00,549.0,47,1.0,ok,False
enphase_monitor,2026-02-05 09:00:00,2005.0,59,1.0,ok,False
enphase_monitor,2026-02-05 10:00:00,2440.0,59,1.0,ok,False
enphase_monitor,2026-02-05 11:00:00,2731.0,59,1.0,ok,False
enphase_monitor,2026-02-05 12:00:00,3244.0,60,1.0,ok,False
enphase_monitor,2026-02-05 13:00:00,2684.0,60,1.0,ok,False
enphase_monitor,2026-02-05 14:00:00,2797.0,60,1.0,ok,False
enphase_monitor,2026-02-05 15:00:00,1324.0,57,1.0,ok,False
enphase_monitor,2026-02-05 16:00:00,92.0,50,1.0,ok,False
enphase_monitor,2026-02-05 17:00:00,80.0,60,1.0,ok,False
enphase_monitor,2026-02-05 18:00:00,5.0,58,1.0,ok,False
enphase_monitor,2026-02-05 19:00:00,0.0,59,1.0,ok,False
enphase_monitor,2026-02-05 20:00:00,0.0,60,1.0,ok,False
enphase_monitor,2026-02-05 21:00:00,0.0,60,1.0,ok,False
enphase_monitor,2026-02-05 22:00:00,0.0,59,1.0,ok,False
enphase_monitor,2026-02-05 23:00:00,0.0,60,1.0,ok,False
enphase_monitor,2026-02-06 00:00:00,0.0,60,1.0,ok,True
enphase_monitor,2026-02-06 01:00:00,0.0,53,1.0,ok,False
enphase_monitor,2026-02-06 02:00:00,0.0,60,1.0,ok,False
enphase_monitor,2026-02-06 03:00:00,0.0,59,1.0,ok,False
enphase_monitor,2026-02-06 04:00:00,0.0,60,1.0,ok,False
enphase_monitor,2026-02-06 05:00:00,0.0,60,1.0,ok,False
enphase_monitor,2026-02-06 06:00:00,1.0,60,1.0,ok,False
enphase_monitor,2026-02-06 07:00:00,28.0,43,1.0,ok,False
enphase_monitor,2026-02-06 12:00:00,5956.0,25,5.0,hueco,False
enphase_monitor,2026-02-06 13:00:00,1792.0,58,1.0,ok,False
enphase_monitor,2026-02-06 14:00:00,1551.0,59,1.0,ok,False
enphase_monitor,2026-02-06 15:00:00,683.0,60,1.0,ok,False
enphase_monitor,2026-02-06 16:00:00,411.0,54,1.0,ok,False
enphase_monitor,2026-02-06 17:00:00,65.0,56,1.0,ok,False
enphase_monitor,2026-02-06 18:00:00,0.0,60,1.0,ok,False
enphase_monitor,2026-02-06 19:00:00,0.0,58,1.0,ok,False
enphase_monitor,2026-02-06 20:00:00,0.0,60,1.0,ok,False
enphase_monitor,2026-02-06 21:00:00,0.0,60,1.0,ok,False
enphase_monitor,2026-02-06 22:00:00,0.0,59,1.0,ok,False
enphase_monitor,2026-02-06 23:00:00,0.0,60,1.0,ok,False
enphase_monitor,2026-02-07 00:00:00,0.0,60,1.0,ok,True
enphase_monitor,2026-02-07 01:00:00,0.0,60,1.0,ok,False
enphase_monitor,2026-02-07 02:00:00,0.0,59,1.0,ok,False
enphase_monitor,2026-02-07 03:00:00,0.0,60,1.0,ok,False
enphase_monitor,2026-02-07 04:00:00,0.0,60,1.0,ok,False
enphase_monitor,2026-02-07 05:00:00,0.0,59,1.0,ok,False
enphase_monitor,2026-02-07 06:00:00,7.0,60,1.0,ok,False
enphase_monitor,2026-02-07 07:00:00,354.0,60,1.0,ok,False
enphase_monitor,2026-02-07 08:00:00,1007.0,59,1.0,ok,False
enphase_monitor,2026-02-07 09:00:00,1970.0,60,1.0,ok,False
enphase_monitor,2026-02-07 10:00:00,2137.0,60,1.0,ok,False
enphase_monitor,2026-02-07 11:00:00,2520.0,60,1.0,ok,False
enphase_monitor,2026-02-07 12:00:00,3053.0,59,1.0,ok,False
enphase_monitor,2026-02-07 13:00:00,3081.0,60,1.0,ok,False
enphase_monitor,2026-02-07 14:00:00,2588.0,60,1.0,ok,False
enphase_monitor,2026-02-07 15:00:00,1453.0,59,1.0,ok,False
enphase_monitor,2026-02-07 16:00:00,336.0,60,1.0,ok,False
enphase_monitor,2026-02-07 17:00:00,50.0,59,1.0,ok,False
enphase_monitor,2026-02-07 18:00:00,0.0,60,1.0,ok,False
enphase_monitor,2026-02-07 19:00:00,0.0,59,1.0,ok,False
enphase_monitor,2026-02-07 20:00:00,0.0,60,1.0,ok,False
enphase_monitor,2026-02-07 21:00:00,0.0,60,1.0,ok,False
enphase_monitor,2026-02-07 22:00:00,0.0,60,1.0,ok,False
enphase_monitor,2026-02-07 23:00:00,0.0,60,1.0,ok,False
enphase_monitor,2026-02-08 00:00:00,0.0,59,1.0,ok,True
enphase_monitor,2026-02-08 01:00:00,0.0,60,1.0,ok,False
enphase_monitor,2026-02-08 02:00:00,0.0,60,1.0,ok,False
enphase_monitor,2026-02-08 03:00:00,0.0,60,1.0,ok,False
enphase_monitor,2026-02-08 04:00:00,0.0,58,1.0,ok,False
enphase_monitor,2026-02-08 05:00:00,0.0,60,1.0,ok,False
enphase_monitor,2026-02-08 06:00:00,7.0,59,1.0,ok,False
enphase_monitor,2026-02-08 07:00:00,261.0,60,1.0,ok,False
enphase_monitor,2026-02-08 08:00:00,586.0,60,1.0,ok,False
enphase_monitor,2026-02-08 09:00:00,845.0,60,1.0,ok,False
enphase_monitor,2026-02-08 10:00:00,1482.0,60,1.0,ok,False
enphase_monitor,2026-02-08 11:00:00,1448.0,59,1.0,ok,False
enphase_monitor,2026-02-08 12:00:00,1586.0,60,1.0,ok,False
enphase_monitor,2026-02-08 13:00:00,1355.0,60,1.0,ok,False
enphase_monitor,2026-02-08 14:00:00,1287.0,58,1.0,ok,False
enphase_monitor,2026-02-08 15:00:00,671.0,60,1.0,ok,False
enphase_monitor,2026-02-08 16:00:00,524.0,58,1.0,ok,False
enphase_monitor,2026-02-08 17:00:00,226.0,60,1.0,ok,False
enphase_monitor,2026-02-08 18:00:00,19.0,58,1.0,ok,False
enphase_monitor,2026-02-08 19:00:00,0.0,60,1.0,ok,False
enphase_monitor,2026-02-08 20:00:00,0.0,60,1.0,ok,False
enphase_monitor,2026-02-08 21:00:00,0.0,60,1.0,ok,False
enphase_monitor,2026-02-08 22:00:00,0.0,58,1.0,ok,False
enphase_monitor,2026-02-08 23:00:00,0.0,60,1.0,ok,False
enphase_monitor,2026-02-09 00:00:00,0.0,60,1.0,ok,True
enphase_monitor,2026-02-09 01:00:00,0.0,59,1.0,ok,False
enphase_monitor,2026-02-09 02:00:00,0.0,60,1.0,ok,False
enphase_monitor,2026-02-09 03:00:00,0.0,59,1.0,ok,False
enphase_monitor,2026-02-09 04:00:00,0.0,60,1.0,ok,False
enphase_monitor,2026-02-09 05:00:00,0.0,59,1.0,ok,False
enphase_monitor,2026-02-09 06:00:00,2.0,59,1.0,ok,False
enphase_monitor,2026-02-09 07:00:00,139.0,59,1.0,ok,False
enphase_monitor,2026-02-09 08:00:00,922.0,60,1.0,ok,False
enphase_monitor,2026-02-09 09:00:00,1497.0,60,1.0,ok,False
enphase_monitor,2026-02-09 10:00:00,1830.0,54,1.0,ok,False
enphase_monitor,2026-02-09 11:00:00,2482.0,60,1.0,ok,False
enphase_monitor,2026-02-09 12:00:00,2713.0,59,1.0,ok,False
enphase_monitor,2026-02-09 13:00:00,3118.0,60,1.0,ok,False
enphase_monitor,2026-02-09 14:00:00,2760.0,60,1.0,ok,False
enphase_monitor,2026-02-09 15:00:00,1500.0,59,1.0,ok,False
enphase_monitor,2026-02-09 16:00:00,296.0,60,1.0,ok,False
enphase_monitor,2026-02-09 17:00:00,112.0,60,1.0,ok,False
enphase_monitor,2026-02-09 18:00:00,10.0,59,1.0,ok,False
enphase_monitor,2026-02-09 19:00:00,0.0,60,1.0,ok,False
enphase_monitor,2026-02-09 20:00:00,0.0,60,1.0,ok,False
enphase_monitor,2026-02-09 21:00:00,0.0,58,1.0,ok,False
enphase_monitor,2026-02-09 22:00:00,0.0,60,1.0,ok,False
enphase_monitor,2026-02-09 23:00:00,0.0,60,1.0,ok,False
enphase_monitor,2026-02-10 00:00:00,0.0,59,1.0,ok,True
enphase_monitor,2026-02-10 01:00:00,0.0,60,1.0,ok,False
enphase_monitor,2026-02-10 02:00:00,0.0,60,1.0,ok,False
enphase_monitor,2026-02-10 03:00:00,0.0,59,1.0,ok,False
enphase_monitor,2026-02-10 04:00:00,0.0,60,1.0,ok,False
enphase_monitor,2026-02-10 05:00:00,0.0,60,1.0,ok,False
enphase_monitor,2026-02-10 06:00:00,5.0,59,1.0,ok,False
enphase_monitor,2026-02-10 07:00:00,207.0,60,1.0,ok,False
enphase_monitor,2026-02-10 08:00:00,731.0,60,1.0,ok,False
enphase_monitor,2026-02-10 09:00:00,1490.0,60,1.0,ok,False
enphase_monitor,2026-02-10 10:00:00,1498.0,59,1.0,ok,False
enphase_monitor,2026-02-10 11:00:00,1393.0,59,1.0,ok,False
enphase_monitor,2026-02-10 12:00:00,1321.0,60,1.0,ok,False
enphase_monitor,2026-02-10 13:00:00,1171.0,60,1.0,ok,False
enphase_monitor,2026-02-10 14:00:00,737.0,59,1.0,ok,False
enphase_monitor,2026-02-10 15:00:00,598.0,60,1.0,ok,False
enphase_monitor,2026-02-10 16:00:00,448.0,58,1.0,ok,False
enphase_monitor,2026-02-10 17:00:00,143.0,57,1.0,ok,False
enphase_monitor,2026-02-10 18:00:00,0.0,60,1.0,ok,False
enphase_monitor,2026-02-10 19:00:00,0.0,58,1.0,ok,False
enphase_monitor,2026-02-10 20:00:00,0.0,59,1.0,ok,False
enphase_monitor,2026-02-10 21:00:00,0.0,60,1.0,ok,False
enphase_monitor,2026-02-10 22:00:00,0.0,60,1.0,ok,False
enphase_monitor,2026-02-10 23:00:00,0.0,59,1.0,ok,False
enphase_monitor,2026-02-11 00:00:00,0.0,60,1.0,ok,True
enphase_monitor,2026-02-11 01:00:00,0.0,59,1.0,ok,False
enphase_monitor,2026-02-11 02:00:00,0.0,60,1.0,ok,False
enphase_monitor,2026-02-11 03:00:00,0.0,60,1.0,ok,False
enphase_monitor,2026-02-11 04:00:00,0.0,59,1.0,ok,False
enphase_monitor,2026-02-11 05:00:00,0.0,60,1.0,ok,False
enphase_monitor,2026-02-11 06:00:00,30.0,60,1.0,ok,False
enphase_monitor,2026-02-11 07:00:00,532.0,59,1.0,ok,False
enphase_monitor,2026-02-11 08:00:00,1413.0,60,1.0,ok,False
enphase_monitor,2026-02-11 09:00:00,2165.0,60,1.0,ok,False
enphase_monitor,2026-02-11 10:00:00,2645.0,31,1.0,ok,False
enphase_monitor,2026-02-11 11:00:00,2285.0,48,1.0,ok,False
enphase_monitor,2026-02-11 12:00:00,3460.0,58,1.0,ok,False
enphase_monitor,2026-02-11 13:00:00,2625.0,60,1.0,ok,False
enphase_monitor,2026-02-11 14:00:00,1793.0,60,1.0,ok,False
enphase_monitor,2026-02-11 15:00:00,212.0,59,1.0,ok,False
enphase_monitor,2026-02-11 16:00:00,157.0,60,1.0,ok,False
enphase_monitor,2026-02-11 17:00:00,79.0,60,1.0,ok,False
enphase_monitor,2026-02-11 18:00:00,0.0,60,1.0,ok,False
enphase_monitor,2026-02-11 19:00:00,0.0,59,1.0,ok,False
enphase_monitor,2026-02-11 20:00:00,0.0,60,1.0,ok,False
enphase_monitor,2026-02-11 21:00:00,0.0,60,1.0,ok,False
enphase_monitor,2026-02-11 22:00:00,0.0,60,1.0,ok,False
enphase_monitor,2026-02-11 23:00:00,0.0,59,1.0,ok,False
enphase_monitor,2026-02-12 00:00:00,0.0,60,1.0,ok,True
enphase_monitor,2026-02-12 01:00:00,0.0,60,1.0,ok,False
enphase_monitor,2026-02-12 02:00:00,0.0,60,1.0,ok,False
enphase_monitor,2026-02-12 03:00:00,0.0,59,1.0,ok,False
enphase_monitor,2026-02-12 04:00:00,0.0,59,1.0,ok,False
enphase_monitor,2026-02-12 05:00:00,0.0,60,1.0,ok,False
enphase_monitor,2026-02-12 06:00:00,6.0,59,1.0,ok,False
enphase_monitor,2026-02-12 07:00:00,65.0,60,1.0,ok,False
enphase_monitor,2026-02-12 08:00:00,453.0,60,1.0,ok,False
enphase_monitor,2026-02-12 09:00:00,788.0,58,1.0,ok,False
enphase_monitor,2026-02-12 10:00:00,1216.0,60,1.0,ok,False
enphase_monitor,2026-02-12 11:00:00,2762.0,60,1.0,ok,False
enphase_monitor,2026-02-12 12:00:00,2098.0,59,1.0,ok,False
enphase_monitor,2026-02-12 13:00:00,2667.0,60,1.0,ok,False
enphase_monitor,2026-02-12 14:00:00,2065.0,57,1.0,ok,False
enphase_monitor,2026-02-12 15:00:00,1695.0,59,1.0,ok,False
enphase_monitor,2026-02-12 16:00:00,632.0,58,1.0,ok,False
enphase_monitor,2026-02-12 17:00:00,48.0,59,1.0,ok,False
enphase_monitor,2026-02-12 18:00:00,0.0,60,1.0,ok,False
enphase_monitor,2026-02-12 19:00:00,0.0,60,1.0,ok,False
enphase_monitor,2026-02-12 20:00:00,0.0,60,1.0,ok,False
enphase_monitor,2026-02-12 21:00:00,0.0,59,1.0,ok,False
enphase_monitor,2026-02-12 22:00:00,0.0,60,1.0,ok,False
enphase_monitor,2026-02-12 23:00:00,0.0,60,1.0,ok,False
enphase_monitor,2026-02-13 00:00:00,0.0,60,1.0,ok,True
enphase_monitor,2026-02-13 01:00:00,0.0,59,1.0,ok,False
enphase_monitor,2026-02-13 02:00:00,0.0,60,1.0,ok,False
enphase_monitor,2026-02-13 03:00:00,0.0,60,1.0,ok,False
enphase_monitor,2026-02-13 04:00:00,0.0,60,1.0,ok,False
enphase_monitor,2026-02-13 05:00:00,0.0,59,1.0,ok,False
enphase_monitor,2026-02-13 06:00:00,0.0,31,1.0,ok,False
enphase_monitor,2026-02-13 08:00:00,956.0,38,2.0,hueco,False
enphase_monitor,2026-02-13 09:00:00,861.0,59,1.0,ok,False
enphase_monitor,2026-02-13 10:00:00,1084.0,60,1.0,ok,False
enphase_monitor,2026-02-13 11:00:00,2099.0,60,1.0,ok,False
enphase_monitor,2026-02-13 12:00:00,2448.0,60,1.0,ok,False
enphase_monitor,2026-02-13 13:00:00,1593.0,60,1.0,ok,False
enphase_monitor,2026-02-13 14:00:00,898.0,60,1.0,ok,False
enphase_monitor,2026-02-13 15:00:00,552.0,59,1.0,ok,False
enphase_monitor,2026-02-13 16:00:00,113.0,60,1.0,ok,False
enphase_monitor,2026-02-13 17:00:00,66.0,60,1.0,ok,False
enphase_monitor,2026-02-13 18:00:00,0.0,59,1.0,ok,False
enphase_monitor,2026-02-13 19:00:00,0.0,60,1.0,ok,False
enphase_monitor,2026-02-13 20:00:00,0.0,60,1.0,ok,False
enphase_monitor,2026-02-13 21:00:00,0.0,60,1.0,ok,False
enphase_monitor,2026-02-13 22:00:00,0.0,56,1.0,ok,False
enphase_monitor,2026-02-13 23:00:00,0.0,60,1.0,ok,False
enphase_monitor,2026-02-14 00:00:00,0.0,53,1.0,ok,True
enphase_monitor,2026-02-14 01:00:00,0.0,9,1.0,ok,False
enphase_monitor,2026-02-14 02:00:00,0.0,12,1.0,ok,False
enphase_monitor,2026-02-14 03:00:00,0.0,59,1.0,ok,False
enphase_monitor,2026-02-14 04:00:00,0.0,60,1.0,ok,False
enphase_monitor,2026-02-14 05:00:00,0.0,60,1.0,ok,False
enphase_monitor,2026-02-14 06:00:00,2.0,60,1.0,ok,False
enphase_monitor,2026-02-14 07:00:00,246.0,59,1.0,ok,False
enphase_monitor,2026-02-14 08:00:00,513.0,60,1.0,ok,False
enphase_monitor,2026-02-14 09:00:00,1913.0,60,1.0,ok,False
enphase_monitor,2026-02-14 10:00:00,2420.0,59,1.0,ok,False
enphase_monitor,2026-02-14 11:00:00,0.0,7,1.0,ok,False
enphase_monitor,2026-02-14 13:00:00,7590.0,36,2.0,hueco,False
enphase_monitor,2026-02-14 14:00:00,269.0,59,1.0,ok,False
enphase_monitor,2026-02-14 15:00:00,33.0,55,1.0,ok,False
enphase_monitor,2026-02-14 16:00:00,44.0,60,1.0,ok,False
enphase_monitor,2026-02-14 17:00:00,58.0,60,1.0,ok,False
enphase_monitor,2026-02-14 18:00:00,0.0,60,1.0,ok,False
enphase_monitor,2026-02-14 19:00:00,0.0,59,1.0,ok,False
enphase_monitor,2026-02-14 20:00:00,0.0,60,1.0,ok,False
enphase_monitor,2026-02-14 21:00:00,0.0,60,1.0,ok,False
enphase_monitor,2026-02-14 22:00:00,0.0,60,1.0,ok,False
enphase_monitor,2026-02-14 23:00:00,0.0,59,1.0,ok,False
enphase_monitor,2026-02-15 00:00:00,0.0,60,1.0,ok,True
enphase_monitor,2026-02-15 01:00:00,0.0,60,1.0,ok,False
enphase_monitor,2026-02-15 02:00:00,0.0,60,1.0,ok,False
enphase_monitor,2026-02-15 03:00:00,0.0,59,1.0,ok,False
enphase_monitor,2026-02-15 04:00:00,0.0,60,1.0,ok,False
enphase_monitor,2026-02-15 05:00:00,0.0,48,1.0,ok,False
enphase_monitor,2026-02-15 06:00:00,5.0,11,1.0,ok,False
enphase_monitor,2026-02-15 07:00:00,266.0,54,1.0,ok,False
enphase_monitor,2026-02-15 08:00:00,647.0,60,1.0,ok,False
enphase_monitor,2026-02-15 09:00:00,987.0,16,1.0,ok,False
enphase_monitor,2026-02-15 10:00:00,1344.0,57,1.0,ok,False
enphase_monitor,2026-02-15 11:00:00,570.0,60,1.0,ok,False
enphase_monitor,2026-02-15 12:00:00,825.0,60,1.0,ok,False
enphase_monitor,2026-02-15 13:00:00,153.0,60,1.0,ok,False
enphase_monitor,2026-02-15 14:00:00,227.0,59,1.0,ok,False
enphase_monitor,2026-02-15 15:00:00,249.0,59,1.0,ok,False
enphase_monitor,2026-02-15 16:00:00,249.0,60,1.0,ok,False
enphase_monitor,2026-02-15 17:00:00,43.0,20,1.0,ok,False
enphase_monitor,2026-02-15 18:00:00,87.0,21,1.0,ok,False
enphase_monitor,2026-02-15 19:00:00,0.0,60,1.0,ok,False
enphase_monitor,2026-02-15 20:00:00,0.0,43,1.0,ok,False
enphase_monitor,2026-02-15 21:00:00,0.0,8,1.0,ok,False
enphase_monitor,2026-02-15 22:00:00,0.0,20,1.0,ok,False
enphase_monitor,2026-02-15 23:00:00,0.0,60,1.0,ok,False
enphase_monitor,2026-02-16 00:00:00,0.0,59,1.0,ok,True
enphase_monitor,2026-02-16 01:00:00,0.0,60,1.0,ok,False
enphase_monitor,2026-02-16 02:00:00,0.0,57,1.0,ok,False
enphase_monitor,2026-02-16 03:00:00,0.0,38,1.0,ok,False
enphase_monitor,2026-02-16 04:00:00,0.0,42,1.0,ok,False
enphase_monitor,2026-02-16 05:00:00,0.0,60,1.0,ok,False
enphase_monitor,2026-02-16 06:00:00,1.0,60,1.0,ok,False
enphase_monitor,2026-02-16 07:00:00,145.0,59,1.0,ok,False
enphase_monitor,2026-02-16 08:00:00,752.0,59,1.0,ok,False
enphase_monitor,2026-02-16 09:00:00,1391.0,60,1.0,ok,False
enphase_monitor,2026-02-16 10:00:00,1465.0,60,1.0,ok,False
enphase_monitor,2026-02-16 11:00:00,1323.0,41,1.0,ok,False
enphase_monitor,2026-02-16 12:00:00,1759.0,25,1.0,ok,False
enphase_monitor,2026-02-16 13:00:00,1215.0,56,1.0,ok,False
enphase_monitor,2026-02-16 14:00:00,2042.0,60,1.0,ok,False
enphase_monitor,2026-02-16 15:00:00,1741.0,56,1.0,ok,False
enphase_monitor,2026-02-16 16:00:00,605.0,45,1.0,ok,False
enphase_monitor,2026-02-16 17:00:00,72.0,56,1.0,ok,False
enphase_monitor,2026-02-16 18:00:00,11.0,60,1.0,ok,False
enphase_monitor,2026-02-16 19:00:00,0.0,60,1.0,ok,False
enphase_monitor,2026-02-16 20:00:00,0.0,59,1.0,ok,False
enphase_monitor,2026-02-16 21:00:00,0.0,60,1.0,ok,False
enphase_monitor,2026-02-16 22:00:00,0.0,60,1.0,ok,False
enphase_monitor,2026-02-16 23:00:00,0.0,60,1.0,ok,False
enphase_monitor,2026-02-17 00:00:00,0.0,59,1.0,ok,True
enphase_monitor,2026-02-17 01:00:00,0.0,60,1.0,ok,False
enphase_monitor,2026-02-17 02:00:00,0.0,60,1.0,ok,False
enphase_monitor,2026-02-17 03:00:00,0.0,59,1.0,ok,False
enphase_monitor,2026-02-17 04:00:00,0.0,60,1.0,ok,False
enphase_monitor,2026-02-17 05:00:00,0.0,60,1.0,ok,False
enphase_monitor,2026-02-17 06:00:00,3.0,60,1.0,ok,False
enphase_monitor,2026-02-17 07:00:00,291.0,59,1.0,ok,False
enphase_monitor,2026-02-17 08:00:00,790.0,60,1.0,ok,False
enphase_monitor,2026-02-17 09:00:00,2151.0,44,1.0,ok,False
enphase_monitor,2026-02-17 10:00:00,1273.0,4,1.0,ok,False
enphase_monitor,2026-02-17 11:00:00,4418.0,44,1.0,ok,False
enphase_monitor,2026-02-17 12:00:00,1797.0,60,1.0,ok,False
enphase_monitor,2026-02-17 13:00:00,772.0,59,1.0,ok,False
enphase_monitor,2026-02-17 14:00:00,1308.0,60,1.0,ok,False
enphase_monitor,2026-02-17 15:00:00,326.0,60,1.0,ok,False
enphase_monitor,2026-02-17 16:00:00,293.0,60,1.0,ok,False
enphase_monitor,2026-02-17 17:00:00,92.0,60,1.0,ok,False
enphase_monitor,2026-02-17 18:00:00,0.0,59,1.0,ok,False
enphase_monitor,2026-02-17 19:00:00,0.0,59,1.0,ok,False
enphase_monitor,2026-02-17 20:00:00,0.0,60,1.0,ok,False
enphase_monitor,2026-02-17 21:00:00,0.0,32,1.0,ok,False
enphase_monitor,2026-02-17 22:00:00,0.0,15,1.0,ok,False
enphase_monitor,2026-02-17 23:00:00,0.0,60,1.0,ok,False
enphase_monitor,2026-02-18 00:00:00,0.0,60,1.0,ok,True
enphase_monitor,2026-02-18 01:00:00,0.0,59,1.0,ok,False
enphase_monitor,2026-02-18 02:00:00,0.0,60,1.0,ok,False
enphase_monitor,2026-02-18 03:00:00,0.0,60,1.0,ok,False
enphase_monitor,2026-02-18 04:00:00,0.0,60,1.0,ok,False
enphase_monitor,2026-02-18 05:00:00,0.0,59,1.0,ok,False
enphase_monitor,2026-02-18 06:00:00,3.0,58,1.0,ok,False
enphase_monitor,2026-02-18 07:00:00,280.0,8,1.0,ok,False
enphase_monitor,2026-02-18 08:00:00,648.0,7,1.0,ok,False
enphase_monitor,2026-02-18 09:00:00,1562.0,60,1.0,ok,False
enphase_monitor,2026-02-18 10:00:00,2069.0,58,1.0,ok,False
enphase_monitor,2026-02-18 11:00:00,2375.0,46,1.0,ok,False
enphase_monitor,2026-02-18 12:00:00,3209.0,60,1.0,ok,False
enphase_monitor,2026-02-18 13:00:00,2089.0,58,1.0,ok,False
enphase_monitor,2026-02-18 14:00:00,1294.0,59,1.0,ok,False
enphase_monitor,2026-02-18 15:00:00,684.0,60,1.0,ok,False
enphase_monitor,2026-02-18 16:00:00,599.0,59,1.0,ok,False
enphase_monitor,2026-02-18 17:00:00,295.0,58,1.0,ok,False
enphase_monitor,2026-02-18 18:00:00,4.0,60,1.0,ok,False
enphase_monitor,2026-02-18 19:00:00,0.0,59,1.0,ok,False
enphase_monitor,2026-02-18 20:00:00,0.0,60,1.0,ok,False
enphase_monitor,2026-02-18 21:00:00,0.0,60,1.0,ok,False
enphase_monitor,2026-02-18 22:00:00,0.0,60,1.0,ok,False
enphase_monitor,2026-02-18 23:00:00,0.0,59,1.0,ok,False
enphase_monitor,2026-02-19 00:00:00,0.0,60,1.0,ok,True
enphase_monitor,2026-02-19 01:00:00,0.0,60,1.0,ok,False
enphase_monitor,2026-02-19 02:00:00,0.0,59,1.0,ok,False
enphase_monitor,2026-02-19 03:00:00,0.0,60,1.0,ok,False
enphase_monitor,2026-02-19 04:00:00,0.0,60,1.0,ok,False
enphase_monitor,2026-02-19 05:00:00,0.0,59,1.0,ok,False
enphase_monitor,2026-02-19 06:00:00,3.0,60,1.0,ok,False
enphase_monitor,2026-02-19 07:00:00,521.0,58,1.0,ok,False
enphase_monitor,2026-02-19 08:00:00,1162.0,60,1.0,ok,False
enphase_monitor,2026-02-19 09:00:00,797.0,59,1.0,ok,False
enphase_monitor,2026-02-19 10:00:00,1236.0,60,1.0,ok,False
enphase_monitor,2026-02-19 11:00:00,1932.0,50,1.0,ok,False
enphase_monitor,2026-02-19 12:00:00,2418.0,60,1.0,ok,False
enphase_monitor,2026-02-19 13:00:00,2855.0,59,1.0,ok,False
enphase_monitor,2026-02-19 14:00:00,892.0,59,1.0,ok,False
enphase_monitor,2026-02-19 15:00:00,594.0,60,1.0,ok,False
enphase_monitor,2026-02-19 16:00:00,305.0,59,1.0,ok,False
enphase_monitor,2026-02-19 17:00:00,243.0,59,1.0,ok,False
enphase_monitor,2026-02-19 18:00:00,13.0,58,1.0,ok,False
enphase_monitor,2026-02-19 19:00:00,0.0,56,1.0,ok,False
enphase_monitor,2026-02-19 20:00:00,0.0,60,1.0,ok,False
enphase_monitor,2026-02-19 21:00:00,0.0,59,1.0,ok,False
enphase_monitor,2026-02-19 22:00:00,0.0,60,1.0,ok,False
enphase_monitor,2026-02-19 23:00:00,0.0,60,1.0,ok,False
enphase_monitor,2026-02-20 00:00:00,0.0,60,1.0,ok,True
enphase_monitor,2026-02-20 01:00:00,0.0,59,1.0,ok,False
enphase_monitor,2026-02-20 02:00:00,0.0,60,1.0,ok,False
enphase_monitor,2026-02-20 03:00:00,0.0,60,1.0,ok,False
enphase_monitor,2026-02-20 04:00:00,0.0,59,1.0,ok,False
enphase_monitor,2026-02-20 05:00:00,0.0,60,1.0,ok,False
enphase_monitor,2026-02-20 06:00:00,5.0,60,1.0,ok,False
enphase_monitor,2026-02-20 07:00:00,203.0,59,1.0,ok,False
enphase_monitor,2026-02-20 08:00:00,860.0,60,1.0,ok,False
enphase_monitor,2026-02-20 09:00:00,2163.0,60,1.0,ok,False
enphase_monitor,2026-02-20 10:00:00,2541.0,59,1.0,ok,False
enphase_monitor,2026-02-20 11:00:00,2362.0,58,1.0,ok,False
enphase_monitor,2026-02-20 12:00:00,2105.0,60,1.0,ok,False
enphase_monitor,2026-02-20 13:00:00,1553.0,60,1.0,ok,False
enphase_monitor,2026-02-20 14:00:00,2023.0,59,1.0,ok,False
enphase_monitor,2026-02-20 15:00:00,1135.0,60,1.0,ok,False
enphase_monitor,2026-02-20 16:00:00,325.0,59,1.0,ok,False
enphase_monitor,2026-02-20 17:00:00,162.0,60,1.0,ok,False
enphase_monitor,2026-02-20 18:00:00,3.0,60,1.0,ok,False
enphase_monitor,2026-02-20 19:00:00,0.0,59,1.0,ok,False
enphase_monitor,2026-02-20 20:00:00,0.0,60,1.0,ok,False
enphase_monitor,2026-02-20 21:00:00,0.0,60,1.0,ok,False
enphase_monitor,2026-02-20 22:00:00,0.0,56,1.0,ok,False
enphase_monitor,2026-02-20 23:00:00,0.0,45,1.0,ok,False
enphase_monitor,2026-02-21 00:00:00,0.0,39,1.0,ok,True
enphase_monitor,2026-02-21 01:00:00,0.0,60,1.0,ok,False
enphase_monitor,2026-02-21 02:00:00,0.0,59,1.0,ok,False
enphase_monitor,2026-02-21 03:00:00,0.0,59,1.0,ok,False
enphase_monitor,2026-02-21 04:00:00,0.0,60,1.0,ok,False
enphase_monitor,2026-02-21 05:00:00,0.0,59,1.0,ok,False
enphase_monitor,2026-02-21 06:00:00,13.0,60,1.0,ok,False
enphase_monitor,2026-02-21 07:00:00,155.0,59,1.0,ok,False
enphase_monitor,2026-02-21 08:00:00,706.0,59,1.0,ok,False
enphase_monitor,2026-02-21 09:00:00,1461.0,60,1.0,ok,False
enphase_monitor,2026-02-21 10:00:00,1751.0,60,1.0,ok,False
enphase_monitor,2026-02-21 11:00:00,2146.0,58,1.0,ok,False
enphase_monitor,2026-02-21 12:00:00,1323.0,59,1.0,ok,False
enphase_monitor,2026-02-21 13:00:00,726.0,60,1.0,ok,False
enphase_monitor,2026-02-21 14:00:00,1590.0,58,1.0,ok,False
enphase_monitor,2026-02-21 15:00:00,998.0,59,1.0,ok,False
enphase_monitor,2026-02-21 16:00:00,524.0,60,1.0,ok,False
enphase_monitor,2026-02-21 17:00:00,128.0,60,1.0,ok,False
enphase_monitor,2026-02-21 18:00:00,8.0,59,1.0,ok,False
enphase_monitor,2026-02-21 19:00:00,0.0,60,1.0,ok,False
enphase_monitor,2026-02-21 20:00:00,0.0,60,1.0,ok,False
enphase_monitor,2026-02-21 21:00:00,0.0,59,1.0,ok,False
enphase_monitor,2026-02-21 22:00:00,0.0,58,1.0,ok,False
enphase_monitor,2026-02-21 23:00:00,0.0,58,1.0,ok,False
enphase_monitor,2026-02-22 00:00:00,0.0,60,1.0,ok,True
enphase_monitor,2026-02-22 01:00:00,0.0,60,1.0,ok,False
enphase_monitor,2026-02-22 02:00:00,0.0,58,1.0,ok,False
enphase_monitor,2026-02-22 03:00:00,0.0,59,1.0,ok,False
enphase_monitor,2026-02-22 04:00:00,0.0,59,1.0,ok,False
enphase_monitor,2026-02-22 05:00:00,0.0,60,1.0,ok,False
enphase_monitor,2026-02-22 06:00:00,13.0,60,1.0,ok,False
enphase_monitor,2026-02-22 07:00:00,230.0,59,1.0,ok,False
enphase_monitor,2026-02-22 08:00:00,863.0,60,1.0,ok,False
enphase_monitor,2026-02-22 09:00:00,1481.0,60,1.0,ok,False
enphase_monitor,2026-02-22 10:00:00,1284.0,60,1.0,ok,False
enphase_monitor,2026-02-22 11:00:00,2831.0,60,1.0,ok,False
enphase_monitor,2026-02-22 12:00:00,1572.0,59,1.0,ok,False
enphase_monitor,2026-02-22 13:00:00,1112.0,60,1.0,ok,False
enphase_monitor,2026-02-22 14:00:00,873.0,60,1.0,ok,False
enphase_monitor,2026-02-22 15:00:00,44.0,50,1.0,ok,False
enphase_monitor,2026-02-22 16:00:00,75.0,60,1.0,ok,False
enphase_monitor,2026-02-22 17:00:00,110.0,60,1.0,ok,False
enphase_monitor,2026-02-22 18:00:00,0.0,60,1.0,ok,False
enphase_monitor,2026-02-22 19:00:00,0.0,58,1.0,ok,False
enphase_monitor,2026-02-22 20:00:00,0.0,58,1.0,ok,False
enphase_monitor,2026-02-22 21:00:00,0.0,57,1.0,ok,False
enphase_monitor,2026-02-22 22:00:00,0.0,60,1.0,ok,False
enphase_monitor,2026-02-22 23:00:00,0.0,60,1.0,ok,False
enphase_monitor,2026-02-23 00:00:00,0.0,59,1.0,ok,True
enphase_monitor,2026-02-23 01:00:00,0.0,60,1.0,ok,False
enphase_monitor,2026-02-23 02:00:00,0.0,60,1.0,ok,False
enphase_monitor,2026-02-23 03:00:00,0.0,60,1.0,ok,False
enphase_monitor,2026-02-23 04:00:00,0.0,59,1.0,ok,False
enphase_monitor,2026-02-23 05:00:00,0.0,60,1.0,ok,False
enphase_monitor,2026-02-23 06:00:00,8.0,60,1.0,ok,False
enphase_monitor,2026-02-23 07:00:00,195.0,60,1.0,ok,False
enphase_monitor,2026-02-23 08:00:00,461.0,42,1.0,ok,False
enphase_monitor,2026-02-23 09:00:00,1298.0,55,1.0,ok,False
enphase_monitor,2026-02-23 10:00:00,1108.0,60,1.0,ok,False
enphase_monitor,2026-02-23 11:00:00,2162.0,58,1.0,ok,False
enphase_monitor,2026-02-23 12:00:00,1444.0,59,1.0,ok,False
enphase_monitor,2026-02-23 13:00:00,783.0,60,1.0,ok,False
enphase_monitor,2026-02-23 14:00:00,778.0,59,1.0,ok,False
enphase_monitor,2026-02-23 15:00:00,1285.0,58,1.0,ok,False
enphase_monitor,2026-02-23 16:00:00,204.0,51,1.0,ok,False
enphase_monitor,2026-02-23 17:00:00,87.0,60,1.0,ok,False
enphase_monitor,2026-02-23 18:00:00,0.0,58,1.0,ok,False
enphase_monitor,2026-02-23 19:00:00,0.0,60,1.0,ok,False
enphase_monitor,2026-02-23 20:00:00,0.0,59,1.0,ok,False
enphase_monitor,2026-02-23 21:00:00,0.0,58,1.0,ok,False
enphase_monitor,2026-02-23 22:00:00,0.0,56,1.0,ok,False
enphase_monitor,2026-02-23 23:00:00,0.0,59,1.0,ok,False
enphase_monitor,2026-02-24 00:00:00,0.0,60,1.0,ok,True
enphase_monitor,2026-02-24 01:00:00,0.0,59,1.0,ok,False
enphase_monitor,2026-02-24 02:00:00,0.0,60,1.0,ok,False
enphase_monitor,2026-02-24 03:00:00,0.0,60,1.0,ok,False
enphase_monitor,2026-02-24 04:00:00,0.0,60,1.0,ok,False
enphase_monitor,2026-02-24 05:00:00,0.0,59,1.0,ok,False
enphase_monitor,2026-02-24 06:00:00,5.0,60,1.0,ok,False
enphase_monitor,2026-02-24 07:00:00,164.0,60,1.0,ok,False
enphase_monitor,2026-02-24 08:00:00,461.0,59,1.0,ok,False
enphase_monitor,2026-02-24 09:00:00,936.0,58,1.0,ok,False
enphase_monitor,2026-02-24 10:00:00,1557.0,60,1.0,ok,False
enphase_monitor,2026-02-24 11:00:00,1438.0,58,1.0,ok,False
enphase_monitor,2026-02-24 12:00:00,1275.0,60,1.0,ok,False
enphase_monitor,2026-02-24 13:00:00,1630.0,60,1.0,ok,False
enphase_monitor,2026-02-24 14:00:00,2085.0,59,1.0,ok,False
enphase_monitor,2026-02-24 15:00:00,992.0,60,1.0,ok,False
enphase_monitor,2026-02-24 16:00:00,641.0,59,1.0,ok,False
enphase_monitor,2026-02-24 17:00:00,374.0,59,1.0,ok,False
enphase_monitor,2026-02-24 18:00:00,0.0,59,1.0,ok,False
enphase_monitor,2026-02-24 19:00:00,0.0,59,1.0,ok,False
enphase_monitor,2026-02-24 20:00:00,0.0,59,1.0,ok,False
enphase_monitor,2026-02-24 21:00:00,0.0,59,1.0,ok,False
enphase_monitor,2026-02-24 22:00:00,0.0,60,1.0,ok,False
enphase_monitor,2026-02-24 23:00:00,0.0,59,1.0,ok,False
enphase_monitor,2026-02-25 00:00:00,0.0,60,1.0,ok,True
enphase_monitor,2026-02-25 01:00:00,0.0,60,1.0,ok,False
enphase_monitor,2026-02-25 02:00:00,0.0,60,1.0,ok,False
enphase_monitor,2026-02-25 03:00:00,0.0,59,1.0,ok,False
enphase_monitor,2026-02-25 04:00:00,0.0,60,1.0,ok,False
enphase_monitor,2026-02-25 05:00:00,0.0,60,1.0,ok,False
enphase_monitor,2026-02-25 06:00:00,4.0,58,1.0,ok,False
enphase_monitor,2026-02-25 07:00:00,75.0,59,1.0,ok,False
enphase_monitor,2026-02-25 08:00:00,266.0,57,1.0,ok,False
enphase_monitor,2026-02-25 09:00:00,1042.0,57,1.0,ok,False
enphase_monitor,2026-02-25 10:00:00,1651.0,59,1.0,ok,False
enphase_monitor,2026-02-25 11:00:00,2461.0,60,1.0,ok,False
enphase_monitor,2026-02-25 12:00:00,2527.0,60,1.0,ok,False
enphase_monitor,2026-02-25 13:00:00,1214.0,59,1.0,ok,False
enphase_monitor,2026-02-25 14:00:00,1341.0,37,1.0,ok,False
enphase_monitor,2026-02-25 15:00:00,654.0,34,1.0,ok,False
enphase_monitor,2026-02-25 16:00:00,85.0,53,1.0,ok,False
enphase_monitor,2026-02-25 17:00:00,44.0,59,1.0,ok,False
enphase_monitor,2026-02-25 18:00:00,8.0,60,1.0,ok,False
enphase_monitor,2026-02-25 19:00:00,0.0,60,1.0,ok,False
enphase_monitor,2026-02-25 20:00:00,0.0,60,1.0,ok,False
enphase_monitor,2026-02-25 21:00:00,0.0,59,1.0,ok,False
enphase_monitor,2026-02-25 22:00:00,0.0,60,1.0,ok,False
enphase_monitor,2026-02-25 23:00:00,0.0,60,1.0,ok,False
enphase_monitor,2026-02-26 00:00:00,0.0,56,1.0,ok,True
enphase_monitor,2026-02-26 01:00:00,0.0,60,1.0,ok,False
enphase_monitor,2026-02-26 02:00:00,0.0,45,1.0,ok,False
enphase_monitor,2026-02-26 03:00:00,0.0,53,1.0,ok,False
enphase_monitor,2026-02-26 04:00:00,0.0,53,1.0,ok,False
enphase_monitor,2026-02-26 05:00:00,0.0,59,1.0,ok,False
enphase_monitor,2026-02-26 06:00:00,6.0,46,1.0,ok,False
enphase_monitor,2026-02-26 07:00:00,301.0,60,1.0,ok,False
enphase_monitor,2026-02-26 08:00:00,1460.0,59,1.0,ok,False
enphase_monitor,2026-02-26 09:00:00,1961.0,60,1.0,ok,False
enphase_monitor,2026-02-26 10:00:00,2531.0,60,1.0,ok,False
enphase_monitor,2026-02-26 11:00:00,3404.0,60,1.0,ok,False
enphase_monitor,2026-02-26 12:00:00,2701.0,59,1.0,ok,False
enphase_monitor,2026-02-26 13:00:00,2819.0,60,1.0,ok,False
enphase_monitor,2026-02-26 14:00:00,2860.0,60,1.0,ok,False
enphase_monitor,2026-02-26 15:00:00,1718.0,60,1.0,ok,False
enphase_monitor,2026-02-26 17:00:00,317.0,40,2.0,hueco,False
enphase_monitor,2026-02-26 18:00:00,8.0,60,1.0,ok,False
enphase_monitor,2026-02-26 19:00:00,0.0,58,1.0,ok,False
enphase_monitor,2026-02-26 20:00:00,0.0,60,1.0,ok,False
enphase_monitor,2026-02-26 21:00:00,0.0,60,1.0,ok,False
enphase_monitor,2026-02-26 22:00:00,0.0,59,1.0,ok,False
enphase_monitor,2026-02-26 23:00:00,0.0,60,1.0,ok,False
enphase_monitor,2026-02-27 00:00:00,0.0,59,1.0,ok,True
enphase_monitor,2026-02-27 01:00:00,0.0,60,1.0,ok,False
enphase_monitor,2026-02-27 02:00:00,0.0,59,1.0,ok,False
enphase_monitor,2026-02-27 03:00:00,0.0,60,1.0,ok,False
enphase_monitor,2026-02-27 04:00:00,0.0,60,1.0,ok,False
enphase_monitor,2026-02-27 05:00:00,0.0,57,1.0,ok,False
enphase_monitor,2026-02-27 06:00:00,18.0,60,1.0,ok,False
enphase_monitor,2026-02-27 07:00:00,331.0,59,1.0,ok,False
enphase_monitor,2026-02-27 08:00:00,884.0,60,1.0,ok,False
enphase_monitor,2026-02-27 09:00:00,1515.0,56,1.0,ok,False
enphase_monitor,2026-02-27 10:00:00,2397.0,60,1.0,ok,False
enphase_monitor,2026-02-27 11:00:00,2981.0,57,1.0,ok,False
enphase_monitor,2026-02-27 12:00:00,3094.0,60,1.0,ok,False
enphase_monitor,2026-02-27 13:00:00,2966.0,59,1.0,ok,False
enphase_monitor,2026-02-27 14:00:00,883.0,60,1.0,ok,False
enphase_monitor,2026-02-27 15:00:00,555.0,60,1.0,ok,False
enphase_monitor,2026-02-27 16:00:00,279.0,59,1.0,ok,False
enphase_monitor,2026-02-27 17:00:00,147.0,60,1.0,ok,False
enphase_monitor,2026-02-27 18:00:00,8.0,58,1.0,ok,False
enphase_monitor,2026-02-27 19:00:00,0.0,59,1.0,ok,False
enphase_monitor,2026-02-27 20:00:00,0.0,60,1.0,ok,False
enphase_monitor,2026-02-27 21:00:00,0.0,60,1.0,ok,False
enphase_monitor,2026-02-27 22:00:00,0.0,59,1.0,ok,False
enphase_monitor,2026-02-27 23:00:00,0.0,60,1.0,ok,False
enphase_monitor,2026-02-28 00:00:00,0.0,59,1.0,ok,True
enphase_monitor,2026-02-28 01:00:00,0.0,60,1.0,ok,False
enphase_monitor,2026-02-28 02:00:00,0.0,60,1.0,ok,False
enphase_monitor,2026-02-28 03:00:00,0.0,59,1.0,ok,False
enphase_monitor,2026-02-28 04:00:00,0.0,60,1.0,ok,False
enphase_monitor,2026-02-28 05:00:00,0.0,59,1.0,ok,False
enphase_monitor,2026-02-28 06:00:00,10.0,59,1.0,ok,False
enphase_monitor,2026-02-28 07:00:00,295.0,60,1.0,ok,False
enphase_monitor,2026-02-28 08:00:00,978.0,60,1.0,ok,False
enphase_monitor,2026-02-28 09:00:00,1881.0,59,1.0,ok,False
enphase_monitor,2026-02-28 10:00:00,2855.0,60,1.0,ok,False
enphase_monitor,2026-02-28 11:00:00,2833.0,60,1.0,ok,False
enphase_monitor,2026-02-28 12:00:00,2933.0,59,1.0,ok,False
enphase_monitor,2026-02-28 13:00:00,2263.0,60,1.0,ok,False
enphase_monitor,2026-02-28 14:00:00,629.0,60,1.0,ok,False
enphase_monitor,2026-02-28 15:00:00,121.0,60,1.0,ok,False
enphase_monitor,2026-02-28 16:00:00,283.0,59,1.0,ok,False
enphase_monitor,2026-02-28 17:00:00,90.0,60,1.0,ok,False
enphase_monitor,2026-02-28 18:00:00,1.0,60,1.0,ok,False
enphase_monitor,2026-02-28 19:00:00,0.0,60,1.0,ok,False
enphase_monitor,2026-02-28 20:00:00,0.0,59,1.0,ok,False
enphase_monitor,2026-02-28 21:00:00,0.0,60,1.0,ok,False
enphase_monitor,2026-02-28 22:00:00,0.0,60,1.0,ok,False
enphase_monitor,2026-02-28 23:00:00,0.0,59,1.0,ok,False
enphase_monitor,2026-03-01 00:00:00,0.0,60,1.0,ok,True
enphase_monitor,2026-03-01 01:00:00,0.0,60,1.0,ok,False
enphase_monitor,2026-03-01 02:00:00,0.0,60,1.0,ok,False
enphase_monitor,2026-03-01 03:00:00,0.0,60,1.0,ok,False
enphase_monitor,2026-03-01 04:00:00,0.0,59,1.0,ok,False
enphase_monitor,2026-03-01 05:00:00,0.0,60,1.0,ok,False
enphase_monitor,2026-03-01 06:00:00,21.0,60,1.0,ok,False
enphase_monitor,2026-03-01 07:00:00,615.0,60,1.0,ok,False
enphase_monitor,2026-03-01 08:00:00,1381.0,59,1.0,ok,False
enphase_monitor,2026-03-01 09:00:00,1980.0,60,1.0,ok,False
enphase_monitor,2026-03-01 10:00:00,3020.0,60,1.0,ok,False
enphase_monitor,2026-03-01 11:00:00,2963.0,60,1.0,ok,False
enphase_monitor,2026-03-01 12:00:00,2997.0,59,1.0,ok,False
enphase_monitor,2026-03-01 13:00:00,696.0,60,1.0,ok,False
enphase_monitor,2026-03-01 14:00:00,525.0,60,1.0,ok,False
enphase_monitor,2026-03-01 15:00:00,427.0,60,1.0,ok,False
enphase_monitor,2026-03-01 16:00:00,350.0,59,1.0,ok,False
enphase_monitor,2026-03-01 17:00:00,193.0,60,1.0,ok,False
enphase_monitor,2026-03-01 18:00:00,12.0,60,1.0,ok,False
enphase_monitor,2026-03-01 19:00:00,0.0,60,1.0,ok,False
enphase_monitor,2026-03-01 20:00:00,0.0,59,1.0,ok,False
enphase_monitor,2026-03-01 21:00:00,0.0,59,1.0,ok,False
enphase_monitor,2026-03-01 22:00:00,0.0,59,1.0,ok,False
enphase_monitor,2026-03-01 23:00:00,0.0,60,1.0,ok,False
enphase_monitor,2026-03-02 00:00:00,0.0,59,1.0,ok,True
enphase_monitor,2026-03-02 01:00:00,0.0,59,1.0,ok,False
enphase_monitor,2026-03-02 02:00:00,0.0,60,1.0,ok,False
enphase_monitor,2026-03-02 03:00:00,0.0,60,1.0,ok,False
enphase_monitor,2026-03-02 04:00:00,0.0,60,1.0,ok,False
enphase_monitor,2026-03-02 05:00:00,0.0,59,1.0,ok,False
enphase_monitor,2026-03-02 06:00:00,18.0,55,1.0,ok,False
enphase_monitor,2026-03-02 07:00:00,330.0,56,1.0,ok,False
enphase_monitor,2026-03-02 08:00:00,1395.0,59,1.0,ok,False
enphase_monitor,2026-03-02 09:00:00,1733.0,60,1.0,ok,False
enphase_monitor,2026-03-02 10:00:00,2777.0,59,1.0,ok,False
enphase_monitor,2026-03-02 11:00:00,2986.0,56,1.0,ok,False
enphase_monitor,2026-03-02 12:00:00,2922.0,54,1.0,ok,False
enphase_monitor,2026-03-02 13:00:00,2788.0,53,1.0,ok,False
enphase_monitor,2026-03-02 14:00:00,1599.0,43,1.0,ok,False
enphase_monitor,2026-03-02 15:00:00,494.0,58,1.0,ok,False
enphase_monitor,2026-03-02 16:00:00,208.0,57,1.0,ok,False
enphase_monitor,2026-03-02 17:00:00,146.0,60,1.0,ok,False
enphase_monitor,2026-03-02 18:00:00,8.0,57,1.0,ok,False
enphase_monitor,2026-03-02 19:00:00,0.0,58,1.0,ok,False
enphase_monitor,2026-03-02 20:00:00,0.0,55,1.0,ok,False
enphase_monitor,2026-03-02 21:00:00,0.0,59,1.0,ok,False
enphase_monitor,2026-03-02 22:00:00,0.0,60,1.0,ok,False
enphase_monitor,2026-03-02 23:00:00,0.0,60,1.0,ok,False
enphase_monitor,2026-03-03 00:00:00,0.0,59,1.0,ok,True
enphase_monitor,2026-03-03 01:00:00,0.0,60,1.0,ok,False
enphase_monitor,2026-03-03 02:00:00,0.0,60,1.0,ok,False
enphase_monitor,2026-03-03 03:00:00,0.0,59,1.0,ok,False
enphase_monitor,2026-03-03 04:00:00,0.0,60,1.0,ok,False
enphase_monitor,2026-03-03 05:00:00,0.0,60,1.0,ok,False
enphase_monitor,2026-03-03 06:00:00,0.0,59,1.0,ok,False
enphase_monitor,2026-03-03 07:00:00,218.0,58,1.0,ok,False
enphase_monitor,2026-03-03 08:00:00,612.0,52,1.0,ok,False
enphase_monitor,2026-03-03 09:00:00,821.0,56,1.0,ok,False
enphase_monitor,2026-03-03 10:00:00,1283.0,52,1.0,ok,False
enphase_monitor,2026-03-03 11:00:00,2252.0,51,1.0,ok,False
enphase_monitor,2026-03-03 12:00:00,3105.0,59,1.0,ok,False
enphase_monitor,2026-03-03 13:00:00,2019.0,58,1.0,ok,False
enphase_monitor,2026-03-03 14:00:00,761.0,54,1.0,ok,False
enphase_monitor,2026-03-03 15:00:00,962.0,59,1.0,ok,False
enphase_monitor,2026-03-03 16:00:00,140.0,60,1.0,ok,False
enphase_monitor,2026-03-03 17:00:00,146.0,56,1.0,ok,False
enphase_monitor,2026-03-03 18:00:00,13.0,55,1.0,ok,False
enphase_monitor,2026-03-03 19:00:00,0.0,55,1.0,ok,False
enphase_monitor,2026-03-03 20:00:00,0.0,59,1.0,ok,False
enphase_monitor,2026-03-03 21:00:00,0.0,59,1.0,ok,False
enphase_monitor,2026-03-03 22:00:00,0.0,59,1.0,ok,False
enphase_monitor,2026-03-03 23:00:00,0.0,60,1.0,ok,False
enphase_monitor,2026-03-04 00:00:00,0.0,60,1.0,ok,True
enphase_monitor,2026-03-04 01:00:00,0.0,59,1.0,ok,False
enphase_monitor,2026-03-04 02:00:00,0.0,60,1.0,ok,False
enphase_monitor,2026-03-04 03:00:00,0.0,60,1.0,ok,False
enphase_monitor,2026-03-04 04:00:00,0.0,59,1.0,ok,False
enphase_monitor,2026-03-04 05:00:00,0.0,59,1.0,ok,False
enphase_monitor,2026-03-04 06:00:00,6.0,60,1.0,ok,False
enphase_monitor,2026-03-04 07:00:00,115.0,55,1.0,ok,False
enphase_monitor,2026-03-04 08:00:00,695.0,58,1.0,ok,False
enphase_monitor,2026-03-04 09:00:00,1176.0,59,1.0,ok,False
enphase_monitor,2026-03-04 10:00:00,994.0,60,1.0,ok,False
enphase_monitor,2026-03-04 11:00:00,1963.0,60,1.0,ok,False
enphase_monitor,2026-03-04 12:00:00,2470.0,59,1.0,ok,False
enphase_monitor,2026-03-04 13:00:00,438.0,59,1.0,ok,False
enphase_monitor,2026-03-04 14:00:00,335.0,59,1.0,ok,False
enphase_monitor,2026-03-04 15:00:00,576.0,59,1.0,ok,False
enphase_monitor,2026-03-04 16:00:00,640.0,54,1.0,ok,False
enphase_monitor,2026-03-04 17:00:00,188.0,29,1.0,ok,False
enphase_monitor,2026-03-04 18:00:00,13.0,45,1.0,ok,False
enphase_monitor,2026-03-04 19:00:00,0.0,59,1.0,ok,False
enphase_monitor,2026-03-04 20:00:00,0.0,59,1.0,ok,False
enphase_monitor,2026-03-04 21:00:00,0.0,60,1.0,ok,False
enphase_monitor,2026-03-04 22:00:00,0.0,59,1.0,ok,False
enphase_monitor,2026-03-04 23:00:00,0.0,59,1.0,ok,False
enphase_monitor,2026-03-05 00:00:00,0.0,60,1.0,ok,True
enphase_monitor,2026-03-05 01:00:00,0.0,59,1.0,ok,False
enphase_monitor,2026-03-05 02:00:00,0.0,60,1.0,ok,False
enphase_monitor,2026-03-05 03:00:00,0.0,60,1.0,ok,False
enphase_monitor,2026-03-05 04:00:00,0.0,58,1.0,ok,False
enphase_monitor,2026-03-05 05:00:00,0.0,60,1.0,ok,False
enphase_monitor,2026-03-05 06:00:00,41.0,60,1.0,ok,False
enphase_monitor,2026-03-05 07:00:00,407.0,59,1.0,ok,False
enphase_monitor,2026-03-05 08:00:00,980.0,58,1.0,ok,False
enphase_monitor,2026-03-05 09:00:00,1786.0,60,1.0,ok,False
enphase_monitor,2026-03-05 10:00:00,2312.0,54,1.0,ok,False
enphase_monitor,2026-03-05 11:00:00,3015.0,40,1.0,ok,False
enphase_monitor,2026-03-05 12:00:00,2927.0,59,1.0,ok,False
enphase_monitor,2026-03-05 13:00:00,1168.0,50,1.0,ok,False
enphase_monitor,2026-03-05 14:00:00,293.0,37,1.0,ok,False
enphase_monitor,2026-03-05 15:00:00,807.0,60,1.0,ok,False
enphase_monitor,2026-03-05 16:00:00,597.0,58,1.0,ok,False
enphase_monitor,2026-03-05 17:00:00,84.0,59,1.0,ok,False
enphase_monitor,2026-03-05 18:00:00,5.0,59,1.0,ok,False
enphase_monitor,2026-03-05 19:00:00,0.0,59,1.0,ok,False
enphase_monitor,2026-03-05 20:00:00,0.0,60,1.0,ok,False
enphase_monitor,2026-03-05 21:00:00,0.0,57,1.0,ok,False
enphase_monitor,2026-03-05 22:00:00,0.0,59,1.0,ok,False
enphase_monitor,2026-03-05 23:00:00,0.0,60,1.0,ok,False
enphase_monitor,2026-03-06 00:00:00,0.0,60,1.0,ok,True
enphase_monitor,2026-03-06 01:00:00,0.0,58,1.0,ok,False
enphase_monitor,2026-03-06 02:00:00,0.0,57,1.0,ok,False
enphase_monitor,2026-03-06 03:00:00,0.0,60,1.0,ok,False
enphase_monitor,2026-03-06 04:00:00,0.0,59,1.0,ok,False
enphase_monitor,2026-03-06 05:00:00,0.0,60,1.0,ok,False
enphase_monitor,2026-03-06 06:00:00,21.0,59,1.0,ok,False
enphase_monitor,2026-03-06 07:00:00,145.0,59,1.0,ok,False
enphase_monitor,2026-03-06 08:00:00,444.0,51,1.0,ok,False
enphase_monitor,2026-03-06 09:00:00,1067.0,58,1.0,ok,False
enphase_monitor,2026-03-06 10:00:00,1104.0,60,1.0,ok,False
enphase_monitor,2026-03-06 11:00:00,1196.0,60,1.0,ok,False
enphase_monitor,2026-03-06 12:00:00,2004.0,59,1.0,ok,False
enphase_monitor,2026-03-06 13:00:00,2262.0,60,1.0,ok,False
enphase_monitor,2026-03-06 14:00:00,1112.0,60,1.0,ok,False
enphase_monitor,2026-03-06 15:00:00,806.0,59,1.0,ok,False
enphase_monitor,2026-03-06 16:00:00,985.0,59,1.0,ok,False
enphase_monitor,2026-03-06 17:00:00,151.0,60,1.0,ok,False
enphase_monitor,2026-03-06 18:00:00,12.0,59,1.0,ok,False
enphase_monitor,2026-03-06 19:00:00,0.0,59,1.0,ok,False
enphase_monitor,2026-03-06 20:00:00,0.0,59,1.0,ok,False
enphase_monitor,2026-03-06 21:00:00,0.0,60,1.0,ok,False
enphase_monitor,2026-03-06 22:00:00,0.0,60,1.0,ok,False
enphase_monitor,2026-03-06 23:00:00,0.0,60,1.0,ok,False
enphase_monitor,2026-03-07 00:00:00,0.0,59,1.0,ok,True
enphase_monitor,2026-03-07 01:00:00,0.0,59,1.0,ok,False
enphase_monitor,2026-03-07 02:00:00,0.0,58,1.0,ok,False
enphase_monitor,2026-03-07 03:00:00,0.0,59,1.0,ok,False
enphase_monitor,2026-03-07 04:00:00,0.0,60,1.0,ok,False
enphase_monitor,2026-03-07 05:00:00,0.0,59,1.0,ok,False
enphase_monitor,2026-03-07 06:00:00,49.0,60,1.0,ok,False
enphase_monitor,2026-03-07 07:00:00,469.0,59,1.0,ok,False
enphase_monitor,2026-03-07 08:00:00,1360.0,57,1.0,ok,False
enphase_monitor,2026-03-07 09:00:00,2142.0,60,1.0,ok,False
enphase_monitor,2026-03-07 10:00:00,2153.0,60,1.0,ok,False
enphase_monitor,2026-03-07 11:00:00,2189.0,59,1.0,ok,False
enphase_monitor,2026-03-07 12:00:00,2766.0,58,1.0,ok,False
enphase_monitor,2026-03-07 13:00:00,3279.0,59,1.0,ok,False
enphase_monitor,2026-03-07 14:00:00,2166.0,59,1.0,ok,False
enphase_monitor,2026-03-07 15:00:00,1976.0,60,1.0,ok,False
enphase_monitor,2026-03-07 16:00:00,276.0,59,1.0,ok,False
enphase_monitor,2026-03-07 17:00:00,159.0,60,1.0,ok,False
enphase_monitor,2026-03-07 18:00:00,15.0,60,1.0,ok,False
enphase_monitor,2026-03-07 19:00:00,0.0,59,1.0,ok,False
enphase_monitor,2026-03-07 20:00:00,0.0,58,1.0,ok,False
enphase_monitor,2026-03-07 21:00:00,0.0,60,1.0,ok,False
enphase_monitor,2026-03-07 22:00:00,0.0,59,1.0,ok,False
enphase_monitor,2026-03-07 23:00:00,0.0,60,1.0,ok,False
enphase_monitor,2026-03-08 00:00:00,0.0,60,1.0,ok,True
enphase_monitor,2026-03-08 01:00:00,0.0,59,1.0,ok,False
enphase_monitor,2026-03-08 02:00:00,0.0,60,1.0,ok,False
enphase_monitor,2026-03-08 03:00:00,0.0,59,1.0,ok,False
enphase_monitor,2026-03-08 04:00:00,0.0,60,1.0,ok,False
enphase_monitor,2026-03-08 05:00:00,0.0,60,1.0,ok,False
enphase_monitor,2026-03-08 06:00:00,0.0,58,1.0,ok,False
enphase_monitor,2026-03-08 07:00:00,4.0,59,1.0,ok,False
enphase_monitor,2026-03-08 08:00:00,63.0,60,1.0,ok,False
enphase_monitor,2026-03-08 09:00:00,187.0,59,1.0,ok,False
enphase_monitor,2026-03-08 10:00:00,378.0,60,1.0,ok,False
enphase_monitor,2026-03-08 11:00:00,314.0,58,1.0,ok,False
enphase_monitor,2026-03-08 12:00:00,384.0,59,1.0,ok,False
enphase_monitor,2026-03-08 13:00:00,651.0,60,1.0,ok,False
enphase_monitor,2026-03-08 14:00:00,841.0,60,1.0,ok,False
enphase_monitor,2026-03-08 15:00:00,562.0,59,1.0,ok,False
enphase_monitor,2026-03-08 16:00:00,291.0,60,1.0,ok,False
enphase_monitor,2026-03-08 17:00:00,188.0,60,1.0,ok,False
enphase_monitor,2026-03-08 18:00:00,15.0,59,1.0,ok,False
enphase_monitor,2026-03-08 19:00:00,0.0,60,1.0,ok,False
enphase_monitor,2026-03-08 20:00:00,0.0,59,1.0,ok,False
enphase_monitor,2026-03-08 21:00:00,0.0,60,1.0,ok,False
enphase_monitor,2026-03-08 22:00:00,0.0,60,1.0,ok,False
enphase_monitor,2026-03-08 23:00:00,0.0,59,1.0,ok,False
enphase_monitor,2026-03-09 00:00:00,0.0,59,1.0,ok,True
enphase_monitor,2026-03-09 01:00:00,0.0,59,1.0,ok,False
enphase_monitor,2026-03-09 02:00:00,0.0,60,1.0,ok,False
enphase_monitor,2026-03-09 03:00:00,0.0,60,1.0,ok,False
enphase_monitor,2026-03-09 04:00:00,0.0,60,1.0,ok,False
enphase_monitor,2026-03-09 05:00:00,0.0,59,1.0,ok,False
enphase_monitor,2026-03-09 06:00:00,31.0,60,1.0,ok,False
enphase_monitor,2026-03-09 07:00:00,208.0,60,1.0,ok,False
enphase_monitor,2026-03-09 08:00:00,860.0,58,1.0,ok,False
enphase_monitor,2026-03-09 09:00:00,2268.0,58,1.0,ok,False
enphase_monitor,2026-03-09 10:00:00,2816.0,57,1.0,ok,False
enphase_monitor,2026-03-09 11:00:00,3020.0,58,1.0,ok,False
enphase_monitor,2026-03-09 12:00:00,2849.0,59,1.0,ok,False
enphase_monitor,2026-03-09 13:00:00,3267.0,60,1.0,ok,False
enphase_monitor,2026-03-09 14:00:00,2818.0,59,1.0,ok,False
enphase_monitor,2026-03-09 15:00:00,606.0,60,1.0,ok,False
enphase_monitor,2026-03-09 16:00:00,108.0,59,1.0,ok,False
enphase_monitor,2026-03-09 17:00:00,176.0,60,1.0,ok,False
enphase_monitor,2026-03-09 18:00:00,10.0,59,1.0,ok,False
enphase_monitor,2026-03-09 19:00:00,0.0,57,1.0,ok,False
enphase_monitor,2026-03-09 20:00:00,0.0,59,1.0,ok,False
enphase_monitor,2026-03-09 21:00:00,0.0,60,1.0,ok,False
enphase_monitor,2026-03-09 22:00:00,0.0,60,1.0,ok,False
enphase_monitor,2026-03-09 23:00:00,0.0,60,1.0,ok,False
enphase_monitor,2026-03-10 00:00:00,0.0,59,1.0,ok,True
enphase_monitor,2026-03-10 01:00:00,0.0,60,1.0,ok,False
enphase_monitor,2026-03-10 02:00:00,0.0,60,1.0,ok,False
enphase_monitor,2026-03-10 03:00:00,0.0,60,1.0,ok,False
enphase_monitor,2026-03-10 04:00:00,0.0,59,1.0,ok,False
enphase_monitor,2026-03-10 05:00:00,0.0,60,1.0,ok,False
enphase_monitor,2026-03-10 06:00:00,23.0,58,1.0,ok,False
enphase_monitor,2026-03-10 07:00:00,452.0,57,1.0,ok,False
enphase_monitor,2026-03-10 08:00:00,1176.0,59,1.0,ok,False
enphase_monitor,2026-03-10 09:00:00,1839.0,59,1.0,ok,False
enphase_monitor,2026-03-10 10:00:00,2372.0,54,1.0,ok,False
enphase_monitor,2026-03-10 11:00:00,2726.0,55,1.0,ok,False
enphase_monitor,2026-03-10 12:00:00,3208.0,56,1.0,ok,False
enphase_monitor,2026-03-10 13:00:00,2704.0,60,1.0,ok,False
enphase_monitor,2026-03-10 14:00:00,1699.0,52,1.0,ok,False
enphase_monitor,2026-03-10 15:00:00,784.0,59,1.0,ok,False
enphase_monitor,2026-03-10 16:00:00,66.0,47,1.0,ok,False
enphase_monitor,2026-03-10 17:00:00,54.0,16,1.0,ok,False
enphase_monitor,2026-03-10 18:00:00,8.0,21,1.0,ok,False
enphase_monitor,2026-03-10 19:00:00,0.0,49,1.0,ok,False
enphase_monitor,2026-03-10 20:00:00,0.0,59,1.0,ok,False
enphase_monitor,2026-03-10 21:00:00,0.0,60,1.0,ok,False
enphase_monitor,2026-03-10 22:00:00,0.0,59,1.0,ok,False
enphase_monitor,2026-03-10 23:00:00,0.0,60,1.0,ok,False
enphase_monitor,2026-03-11 00:00:00,0.0,59,1.0,ok,True
enphase_monitor,2026-03-11 01:00:00,0.0,60,1.0,ok,False
enphase_monitor,2026-03-11 02:00:00,0.0,60,1.0,ok,False
enphase_monitor,2026-03-11 03:00:00,0.0,59,1.0,ok,False
enphase_monitor,2026-03-11 04:00:00,0.0,56,1.0,ok,False
enphase_monitor,2026-03-11 05:00:00,0.0,60,1.0,ok,False
enphase_monitor,2026-03-11 06:00:00,11.0,60,1.0,ok,False
enphase_monitor,2026-03-11 07:00:00,310.0,58,1.0,ok,False
enphase_monitor,2026-03-11 08:00:00,538.0,60,1.0,ok,False
enphase_monitor,2026-03-11 09:00:00,1505.0,59,1.0,ok,False
enphase_monitor,2026-03-11 10:00:00,2266.0,42,1.0,ok,False
enphase_monitor,2026-03-11 11:00:00,2359.0,44,1.0,ok,False
enphase_monitor,2026-03-11 12:00:00,3026.0,58,1.0,ok,False
enphase_monitor,2026-03-11 13:00:00,3127.0,60,1.0,ok,False
enphase_monitor,2026-03-11 14:00:00,2051.0,58,1.0,ok,False
enphase_monitor,2026-03-11 15:00:00,1691.0,56,1.0,ok,False
enphase_monitor,2026-03-11 16:00:00,674.0,56,1.0,ok,False
enphase_monitor,2026-03-11 17:00:00,216.0,52,1.0,ok,False
enphase_monitor,2026-03-11 18:00:00,42.0,55,1.0,ok,False
enphase_monitor,2026-03-11 19:00:00,0.0,55,1.0,ok,False
enphase_monitor,2026-03-11 20:00:00,0.0,55,1.0,ok,False
enphase_monitor,2026-03-11 21:00:00,0.0,55,1.0,ok,False
enphase_monitor,2026-03-11 22:00:00,0.0,59,1.0,ok,False
enphase_monitor,2026-03-11 23:00:00,0.0,60,1.0,ok,False
enphase_monitor,2026-03-12 00:00:00,0.0,60,1.0,ok,True
enphase_monitor,2026-03-12 01:00:00,0.0,58,1.0,ok,False
enphase_monitor,2026-03-12 02:00:00,0.0,56,1.0,ok,False
enphase_monitor,2026-03-12 03:00:00,0.0,50,1.0,ok,False
enphase_monitor,2026-03-12 04:00:00,0.0,53,1.0,ok,False
enphase_monitor,2026-03-12 05:00:00,0.0,60,1.0,ok,False
enphase_monitor,2026-03-12 06:00:00,25.0,59,1.0,ok,False
enphase_monitor,2026-03-12 07:00:00,399.0,45,1.0,ok,False
enphase_monitor,2026-03-12 08:00:00,613.0,52,1.0,ok,False
enphase_monitor,2026-03-12 09:00:00,1565.0,34,1.0,ok,False
enphase_monitor,2026-03-12 10:00:00,2228.0,41,1.0,ok,False
enphase_monitor,2026-03-12 11:00:00,2375.0,50,1.0,ok,False
enphase_monitor,2026-03-12 12:00:00,2819.0,60,1.0,ok,False
enphase_monitor,2026-03-12 13:00:00,1628.0,59,1.0,ok,False
enphase_monitor,2026-03-12 14:00:00,1140.0,60,1.0,ok,False
enphase_monitor,2026-03-12 15:00:00,1302.0,45,1.0,ok,False
enphase_monitor,2026-03-12 16:00:00,432.0,47,1.0,ok,False
enphase_monitor,2026-03-12 17:00:00,273.0,55,1.0,ok,False
enphase_monitor,2026-03-12 18:00:00,20.0,56,1.0,ok,False
enphase_monitor,2026-03-12 19:00:00,0.0,21,1.0,ok,False
enphase_monitor,2026-03-12 20:00:00,0.0,4,1.0,ok,False
enphase_monitor,2026-03-12 21:00:00,0.0,55,1.0,ok,False
enphase_monitor,2026-03-12 22:00:00,0.0,59,1.0,ok,False
enphase_monitor,2026-03-12 23:00:00,0.0,60,1.0,ok,False
enphase_monitor,2026-03-13 00:00:00,0.0,60,1.0,ok,True
enphase_monitor,2026-03-13 01:00:00,0.0,59,1.0,ok,False
enphase_monitor,2026-03-13 02:00:00,0.0,60,1.0,ok,False
enphase_monitor,2026-03-13 03:00:00,0.0,59,1.0,ok,False
enphase_monitor,2026-03-13 04:00:00,0.0,55,1.0,ok,False
enphase_monitor,2026-03-13 05:00:00,0.0,54,1.0,ok,False
enphase_monitor,2026-03-13 06:00:00,31.0,51,1.0,ok,False
enphase_monitor,2026-03-13 07:00:00,386.0,54,1.0,ok,False
enphase_monitor,2026-03-13 08:00:00,1351.0,60,1.0,ok,False
enphase_monitor,2026-03-13 09:00:00,2137.0,60,1.0,ok,False
enphase_monitor,2026-03-13 10:00:00,2585.0,59,1.0,ok,False
enphase_monitor,2026-03-13 11:00:00,2855.0,57,1.0,ok,False
enphase_monitor,2026-03-13 12:00:00,3031.0,45,1.0,ok,False
enphase_monitor,2026-03-13 13:00:00,3635.0,37,1.0,ok,False
enphase_monitor,2026-03-13 14:00:00,2452.0,40,1.0,ok,False
enphase_monitor,2026-03-13 15:00:00,658.0,48,1.0,ok,False
enphase_monitor,2026-03-13 16:00:00,237.0,60,1.0,ok,False
enphase_monitor,2026-03-13 17:00:00,78.0,55,1.0,ok,False
enphase_monitor,2026-03-13 18:00:00,13.0,57,1.0,ok,False
enphase_monitor,2026-03-13 19:00:00,0.0,54,1.0,ok,False
enphase_monitor,2026-03-13 20:00:00,0.0,46,1.0,ok,False
enphase_monitor,2026-03-13 21:00:00,0.0,54,1.0,ok,False
enphase_monitor,2026-03-13 22:00:00,0.0,60,1.0,ok,False
enphase_monitor,2026-03-13 23:00:00,0.0,60,1.0,ok,False
enphase_monitor,2026-03-14 00:00:00,0.0,60,1.0,ok,True
enphase_monitor,2026-03-14 01:00:00,0.0,58,1.0,ok,False
enphase_monitor,2026-03-14 02:00:00,0.0,60,1.0,ok,False
enphase_monitor,2026-03-14 03:00:00,0.0,60,1.0,ok,False
enphase_monitor,2026-03-14 04:00:00,0.0,60,1.0,ok,False
enphase_monitor,2026-03-14 05:00:00,0.0,59,1.0,ok,False
enphase_monitor,2026-03-14 06:00:00,0.0,5,1.0,ok,False
enphase_monitor,2026-03-14 08:00:00,1709.0,55,2.0,hueco,False
enphase_monitor,2026-03-14 09:00:00,2220.0,60,1.0,ok,False
enphase_monitor,2026-03-14 10:00:00,2913.0,59,1.0,ok,False
enphase_monitor,2026-03-14 11:00:00,3133.0,60,1.0,ok,False
enphase_monitor,2026-03-14 12:00:00,2751.0,54,1.0,ok,False
enphase_monitor,2026-03-14 13:00:00,2463.0,56,1.0,ok,False
enphase_monitor,2026-03-14 14:00:00,2245.0,58,1.0,ok,False
enphase_monitor,2026-03-14 15:00:00,1005.0,60,1.0,ok,False
enphase_monitor,2026-03-14 16:00:00,485.0,58,1.0,ok,False
enphase_monitor,2026-03-14 17:00:00,233.0,60,1.0,ok,False
enphase_monitor,2026-03-14 18:00:00,10.0,59,1.0,ok,False
enphase_monitor,2026-03-14 19:00:00,0.0,58,1.0,ok,False
enphase_monitor,2026-03-14 20:00:00,0.0,60,1.0,ok,False
enphase_monitor,2026-03-14 21:00:00,0.0,60,1.0,ok,False
enphase_monitor,2026-03-14 22:00:00,0.0,59,1.0,ok,False
enphase_monitor,2026-03-14 23:00:00,0.0,60,1.0,ok,False
enphase_monitor,2026-03-15 00:00:00,0.0,60,1.0,ok,True
enphase_monitor,2026-03-15 01:00:00,0.0,60,1.0,ok,False
enphase_monitor,2026-03-15 02:00:00,0.0,59,1.0,ok,False
enphase_monitor,2026-03-15 03:00:00,0.0,60,1.0,ok,False
enphase_monitor,2026-03-15 04:00:00,0.0,59,1.0,ok,False
enphase_monitor,2026-03-15 05:00:00,0.0,60,1.0,ok,False
enphase_monitor,2026-03-15 06:00:00,66.0,60,1.0,ok,False
enphase_monitor,2026-03-15 07:00:00,581.0,60,1.0,ok,False
enphase_monitor,2026-03-15 08:00:00,1459.0,59,1.0,ok,False
enphase_monitor,2026-03-15 09:00:00,2226.0,60,1.0,ok,False
enphase_monitor,2026-03-15 10:00:00,3050.0,60,1.0,ok,False
enphase_monitor,2026-03-15 11:00:00,2031.0,59,1.0,ok,False
enphase_monitor,2026-03-15 12:00:00,3839.0,59,1.0,ok,False
enphase_monitor,2026-03-15 13:00:00,2425.0,60,1.0,ok,False
enphase_monitor,2026-03-15 14:00:00,1804.0,59,1.0,ok,False
enphase_monitor,2026-03-15 15:00:00,1173.0,60,1.0,ok,False
enphase_monitor,2026-03-15 16:00:00,413.0,60,1.0,ok,False
enphase_monitor,2026-03-15 17:00:00,130.0,59,1.0,ok,False
enphase_monitor,2026-03-15 18:00:00,5.0,60,1.0,ok,False
enphase_monitor,2026-03-15 19:00:00,0.0,60,1.0,ok,False
enphase_monitor,2026-03-15 20:00:00,0.0,58,1.0,ok,False
enphase_monitor,2026-03-15 21:00:00,0.0,59,1.0,ok,False
enphase_monitor,2026-03-15 22:00:00,0.0,59,1.0,ok,False
enphase_monitor,2026-03-15 23:00:00,0.0,59,1.0,ok,False
enphase_monitor,2026-03-16 00:00:00,0.0,60,1.0,ok,True
enphase_monitor,2026-03-16 01:00:00,0.0,50,1.0,ok,False
enphase_monitor,2026-03-16 02:00:00,0.0,55,1.0,ok,False
enphase_monitor,2026-03-16 03:00:00,0.0,59,1.0,ok,False
enphase_monitor,2026-03-16 04:00:00,0.0,60,1.0,ok,False
enphase_monitor,2026-03-16 05:00:00,0.0,60,1.0,ok,False
enphase_monitor,2026-03-16 06:00:00,9.0,58,1.0,ok,False
enphase_monitor,2026-03-16 07:00:00,456.0,60,1.0,ok,False
enphase_monitor,2026-03-16 08:00:00,1217.0,59,1.0,ok,False
enphase_monitor,2026-03-16 09:00:00,2237.0,60,1.0,ok,False
enphase_monitor,2026-03-16 10:00:00,2795.0,57,1.0,ok,False
enphase_monitor,2026-03-16 11:00:00,2954.0,59,1.0,ok,False
enphase_monitor,2026-03-16 12:00:00,3178.0,35,1.0,ok,False
enphase_monitor,2026-03-16 13:00:00,2980.0,42,1.0,ok,False
enphase_monitor,2026-03-16 14:00:00,2607.0,59,1.0,ok,False
enphase_monitor,2026-03-16 15:00:00,1249.0,59,1.0,ok,False
enphase_monitor,2026-03-16 16:00:00,730.0,54,1.0,ok,False
enphase_monitor,2026-03-16 17:00:00,148.0,58,1.0,ok,False
enphase_monitor,2026-03-16 18:00:00,6.0,59,1.0,ok,False
enphase_monitor,2026-03-16 19:00:00,0.0,59,1.0,ok,False
enphase_monitor,2026-03-16 20:00:00,0.0,60,1.0,ok,False
enphase_monitor,2026-03-16 21:00:00,0.0,59,1.0,ok,False
enphase_monitor,2026-03-16 22:00:00,0.0,60,1.0,ok,False
enphase_monitor,2026-03-16 23:00:00,0.0,59,1.0,ok,False
enphase_monitor,2026-03-17 00:00:00,0.0,59,1.0,ok,True
enphase_monitor,2026-03-17 01:00:00,0.0,60,1.0,ok,False
enphase_monitor,2026-03-17 02:00:00,0.0,60,1.0,ok,False
enphase_monitor,2026-03-17 03:00:00,0.0,60,1.0,ok,False
enphase_monitor,2026-03-17 04:00:00,0.0,59,1.0,ok,False
enphase_monitor,2026-03-17 05:00:00,0.0,59,1.0,ok,False
enphase_monitor,2026-03-17 06:00:00,0.0,33,1.0,ok,False
enphase_monitor,2026-03-17 08:00:00,852.0,19,2.0,hueco,False
enphase_monitor,2026-03-17 09:00:00,1736.0,60,1.0,ok,False
enphase_monitor,2026-03-17 10:00:00,2283.0,45,1.0,ok,False
enphase_monitor,2026-03-17 11:00:00,2475.0,59,1.0,ok,False
enphase_monitor,2026-03-17 12:00:00,1863.0,52,1.0,ok,False
enphase_monitor,2026-03-17 13:00:00,2473.0,54,1.0,ok,False
enphase_monitor,2026-03-17 14:00:00,2224.0,45,1.0,ok,False
enphase_monitor,2026-03-17 15:00:00,1173.0,47,1.0,ok,False
enphase_monitor,2026-03-17 16:00:00,215.0,56,1.0,ok,False
enphase_monitor,2026-03-17 17:00:00,110.0,56,1.0,ok,False
enphase_monitor,2026-03-17 18:00:00,7.0,49,1.0,ok,False
enphase_monitor,2026-03-17 19:00:00,0.0,24,1.0,ok,False
enphase_monitor,2026-03-17 20:00:00,0.0,59,1.0,ok,False
enphase_monitor,2026-03-17 21:00:00,0.0,60,1.0,ok,False
enphase_monitor,2026-03-17 22:00:00,0.0,59,1.0,ok,False
enphase_monitor,2026-03-17 23:00:00,0.0,60,1.0,ok,False
enphase_monitor,2026-03-18 00:00:00,0.0,52,1.0,ok,True
enphase_monitor,2026-03-18 01:00:00,0.0,54,1.0,ok,False
enphase_monitor,2026-03-18 02:00:00,0.0,60,1.0,ok,False
enphase_monitor,2026-03-18 03:00:00,0.0,59,1.0,ok,False
enphase_monitor,2026-03-18 04:00:00,0.0,60,1.0,ok,False
enphase_monitor,2026-03-18 05:00:00,0.0,60,1.0,ok,False
enphase_monitor,2026-03-18 06:00:00,33.0,59,1.0,ok,False
enphase_monitor,2026-03-18 07:00:00,538.0,58,1.0,ok,False
enphase_monitor,2026-03-18 08:00:00,505.0,58,1.0,ok,False
enphase_monitor,2026-03-18 09:00:00,644.0,57,1.0,ok,False
enphase_monitor,2026-03-18 10:00:00,875.0,60,1.0,ok,False
enphase_monitor,2026-03-18 11:00:00,1573.0,60,1.0,ok,False
enphase_monitor,2026-03-18 12:00:00,2766.0,59,1.0,ok,False
enphase_monitor,2026-03-18 13:00:00,1170.0,58,1.0,ok,False
enphase_monitor,2026-03-18 14:00:00,869.0,60,1.0,ok,False
enphase_monitor,2026-03-18 15:00:00,281.0,58,1.0,ok,False
enphase_monitor,2026-03-18 16:00:00,405.0,51,1.0,ok,False
enphase_monitor,2026-03-18 17:00:00,94.0,57,1.0,ok,False
enphase_monitor,2026-03-18 18:00:00,3.0,41,1.0,ok,False
enphase_monitor,2026-03-18 19:00:00,0.0,59,1.0,ok,False
enphase_monitor,2026-03-18 20:00:00,0.0,60,1.0,ok,False
enphase_monitor,2026-03-18 21:00:00,0.0,60,1.0,ok,False
enphase_monitor,2026-03-18 22:00:00,0.0,59,1.0,ok,False
enphase_monitor,2026-03-18 23:00:00,0.0,60,1.0,ok,False
enphase_monitor,2026-03-19 00:00:00,0.0,59,1.0,ok,True
enphase_monitor,2026-03-19 01:00:00,0.0,60,1.0,ok,False
enphase_monitor,2026-03-19 02:00:00,0.0,60,1.0,ok,False
enphase_monitor,2026-03-19 03:00:00,0.0,60,1.0,ok,False
enphase_monitor,2026-03-19 04:00:00,0.0,59,1.0,ok,False
enphase_monitor,2026-03-19 05:00:00,0.0,60,1.0,ok,False
enphase_monitor,2026-03-19 06:00:00,32.0,60,1.0,ok,False
enphase_monitor,2026-03-19 07:00:00,398.0,60,1.0,ok,False
enphase_monitor,2026-03-19 08:00:00,629.0,54,1.0,ok,False
enphase_monitor,2026-03-19 09:00:00,2237.0,60,1.0,ok,False
enphase_monitor,2026-03-19 10:00:00,2822.0,60,1.0,ok,False
enphase_monitor,2026-03-19 11:00:00,2511.0,58,1.0,ok,False
enphase_monitor,2026-03-19 12:00:00,3360.0,60,1.0,ok,False
enphase_monitor,2026-03-19 13:00:00,2578.0,60,1.0,ok,False
enphase_monitor,2026-03-19 14:00:00,1671.0,56,1.0,ok,False
enphase_monitor,2026-03-19 15:00:00,1267.0,59,1.0,ok,False
enphase_monitor,2026-03-19 16:00:00,738.0,58,1.0,ok,False
enphase_monitor,2026-03-19 17:00:00,121.0,57,1.0,ok,False
enphase_monitor,2026-03-19 18:00:00,9.0,60,1.0,ok,False
enphase_monitor,2026-03-19 19:00:00,0.0,59,1.0,ok,False
enphase_monitor,2026-03-19 20:00:00,0.0,59,1.0,ok,False
enphase_monitor,2026-03-19 21:00:00,0.0,60,1.0,ok,False
enphase_monitor,2026-03-19 22:00:00,0.0,59,1.0,ok,False
enphase_monitor,2026-03-19 23:00:00,0.0,60,1.0,ok,False
enphase_monitor,2026-03-20 00:00:00,0.0,60,1.0,ok,True
enphase_monitor,2026-03-20 01:00:00,0.0,60,1.0,ok,False
enphase_monitor,2026-03-20 02:00:00,0.0,59,1.0,ok,False
enphase_monitor,2026-03-20 03:00:00,0.0,60,1.0,ok,False
enphase_monitor,2026-03-20 04:00:00,0.0,60,1.0,ok,False
enphase_monitor,2026-03-20 05:00:00,0.0,59,1.0,ok,False
enphase_monitor,2026-03-20 06:00:00,37.0,60,1.0,ok,False
enphase_monitor,2026-03-20 07:00:00,472.0,58,1.0,ok,False
enphase_monitor,2026-03-20 08:00:00,1055.0,60,1.0,ok,False
enphase_monitor,2026-03-20 09:00:00,1905.0,59,1.0,ok,False
enphase_monitor,2026-03-20 10:00:00,2556.0,59,1.0,ok,False
enphase_monitor,2026-03-20 11:00:00,3179.0,60,1.0,ok,False
enphase_monitor,2026-03-20 12:00:00,2284.0,60,1.0,ok,False
enphase_monitor,2026-03-20 13:00:00,2692.0,59,1.0,ok,False
enphase_monitor,2026-03-20 14:00:00,2030.0,60,1.0,ok,False
enphase_monitor,2026-03-20 15:00:00,1173.0,58,1.0,ok,False
enphase_monitor,2026-03-20 16:00:00,608.0,48,1.0,ok,False
enphase_monitor,2026-03-20 17:00:00,140.0,54,1.0,ok,False
enphase_monitor,2026-03-20 18:00:00,7.0,59,1.0,ok,False
enphase_monitor,2026-03-20 19:00:00,0.0,57,1.0,ok,False
enphase_monitor,2026-03-20 20:00:00,0.0,60,1.0,ok,False
enphase_monitor,2026-03-20 21:00:00,0.0,59,1.0,ok,False
enphase_monitor,2026-03-20 22:00:00,0.0,60,1.0,ok,False
enphase_monitor,2026-03-20 23:00:00,0.0,59,1.0,ok,False
enphase_monitor,2026-03-21 00:00:00,0.0,60,1.0,ok,True
enphase_monitor,2026-03-21 01:00:00,0.0,59,1.0,ok,False
enphase_monitor,2026-03-21 02:00:00,0.0,60,1.0,ok,False
enphase_monitor,2026-03-21 03:00:00,0.0,60,1.0,ok,False
enphase_monitor,2026-03-21 04:00:00,0.0,59,1.0,ok,False
enphase_monitor,2026-03-21 05:00:00,0.0,60,1.0,ok,False
enphase_monitor,2026-03-21 06:00:00,47.0,60,1.0,ok,False
enphase_monitor,2026-03-21 07:00:00,363.0,60,1.0,ok,False
enphase_monitor,2026-03-21 08:00:00,776.0,59,1.0,ok,False
enphase_monitor,2026-03-21 09:00:00,811.0,60,1.0,ok,False
enphase_monitor,2026-03-21 10:00:00,1158.0,60,1.0,ok,False
enphase_monitor,2026-03-21 11:00:00,1111.0,59,1.0,ok,False
enphase_monitor,2026-03-21 12:00:00,1495.0,59,1.0,ok,False
enphase_monitor,2026-03-21 13:00:00,3093.0,57,1.0,ok,False
enphase_monitor,2026-03-21 14:00:00,1796.0,59,1.0,ok,False
enphase_monitor,2026-03-21 15:00:00,697.0,55,1.0,ok,False
enphase_monitor,2026-03-21 16:00:00,121.0,58,1.0,ok,False
enphase_monitor,2026-03-21 17:00:00,29.0,57,1.0,ok,False
enphase_monitor,2026-03-21 18:00:00,0.0,60,1.0,ok,False
enphase_monitor,2026-03-21 19:00:00,0.0,60,1.0,ok,False
enphase_monitor,2026-03-21 20:00:00,0.0,59,1.0,ok,False
enphase_monitor,2026-03-21 21:00:00,0.0,60,1.0,ok,False
enphase_monitor,2026-03-21 22:00:00,0.0,60,1.0,ok,False
enphase_monitor,2026-03-21 23:00:00,0.0,59,1.0,ok,False
enphase_monitor,2026-03-22 00:00:00,0.0,60,1.0,ok,True
enphase_monitor,2026-03-22 01:00:00,0.0,60,1.0,ok,False
enphase_monitor,2026-03-22 02:00:00,0.0,60,1.0,ok,False
enphase_monitor,2026-03-22 03:00:00,0.0,59,1.0,ok,False
enphase_monitor,2026-03-22 04:00:00,0.0,57,1.0,ok,False
enphase_monitor,2026-03-22 05:00:00,0.0,59,1.0,ok,False
enphase_monitor,2026-03-22 06:00:00,58.0,60,1.0,ok,False
enphase_monitor,2026-03-22 07:00:00,432.0,60,1.0,ok,False
enphase_monitor,2026-03-22 08:00:00,1103.0,59,1.0,ok,False
enphase_monitor,2026-03-22 09:00:00,1922.0,60,1.0,ok,False
enphase_monitor,2026-03-22 10:00:00,2444.0,58,1.0,ok,False
enphase_monitor,2026-03-22 11:00:00,3364.0,60,1.0,ok,False
enphase_monitor,2026-03-22 12:00:00,3000.0,59,1.0,ok,False
enphase_monitor,2026-03-22 13:00:00,2944.0,60,1.0,ok,False
enphase_monitor,2026-03-22 14:00:00,2658.0,60,1.0,ok,False
enphase_monitor,2026-03-22 15:00:00,2444.0,60,1.0,ok,False
enphase_monitor,2026-03-22 16:00:00,657.0,59,1.0,ok,False
enphase_monitor,2026-03-22 17:00:00,106.0,60,1.0,ok,False
enphase_monitor,2026-03-22 18:00:00,10.0,60,1.0,ok,False
enphase_monitor,2026-03-22 19:00:00,0.0,59,1.0,ok,False
enphase_monitor,2026-03-22 20:00:00,0.0,60,1.0,ok,False
enphase_monitor,2026-03-22 21:00:00,0.0,60,1.0,ok,False
enphase_monitor,2026-03-22 22:00:00,0.0,59,1.0,ok,False
enphase_monitor,2026-03-22 23:00:00,0.0,60,1.0,ok,False
enphase_monitor,2026-03-23 00:00:00,0.0,60,1.0,ok,True
enphase_monitor,2026-03-23 01:00:00,0.0,59,1.0,ok,False
enphase_monitor,2026-03-23 02:00:00,0.0,60,1.0,ok,False
enphase_monitor,2026-03-23 03:00:00,0.0,60,1.0,ok,False
enphase_monitor,2026-03-23 04:00:00,0.0,60,1.0,ok,False
enphase_monitor,2026-03-23 05:00:00,0.0,59,1.0,ok,False
enphase_monitor,2026-03-23 06:00:00,35.0,60,1.0,ok,False
enphase_monitor,2026-03-23 07:00:00,329.0,60,1.0,ok,False
enphase_monitor,2026-03-23 08:00:00,750.0,60,1.0,ok,False
enphase_monitor,2026-03-23 09:00:00,1168.0,59,1.0,ok,False
enphase_monitor,2026-03-23 10:00:00,2901.0,60,1.0,ok,False
enphase_monitor,2026-03-23 11:00:00,3128.0,60,1.0,ok,False
enphase_monitor,2026-03-23 12:00:00,3025.0,59,1.0,ok,False
enphase_monitor,2026-03-23 13:00:00,2656.0,60,1.0,ok,False
enphase_monitor,2026-03-23 14:00:00,1875.0,60,1.0,ok,False
enphase_monitor,2026-03-23 15:00:00,445.0,60,1.0,ok,False
enphase_monitor,2026-03-23 16:00:00,359.0,59,1.0,ok,False
enphase_monitor,2026-03-23 17:00:00,152.0,60,1.0,ok,False
enphase_monitor,2026-03-23 18:00:00,0.0,59,1.0,ok,False
enphase_monitor,2026-03-23 19:00:00,0.0,60,1.0,ok,False
enphase_monitor,2026-03-23 20:00:00,0.0,60,1.0,ok,False
enphase_monitor,2026-03-23 21:00:00,0.0,60,1.0,ok,False
enphase_monitor,2026-03-23 22:00:00,0.0,59,1.0,ok,False
enphase_monitor,2026-03-23 23:00:00,0.0,60,1.0,ok,False
enphase_monitor,2026-03-24 00:00:00,0.0,60,1.0,ok,True
enphase_monitor,2026-03-24 01:00:00,0.0,59,1.0,ok,False
enphase_monitor,2026-03-24 02:00:00,0.0,60,1.0,ok,False
enphase_monitor,2026-03-24 03:00:00,0.0,60,1.0,ok,False
enphase_monitor,2026-03-24 04:00:00,0.0,59,1.0,ok,False
enphase_monitor,2026-03-24 05:00:00,0.0,60,1.0,ok,False
enphase_monitor,2026-03-24 06:00:00,5.0,60,1.0,ok,False
enphase_monitor,2026-03-24 08:00:00,963.0,41,2.0,hueco,False
enphase_monitor,2026-03-24 09:00:00,943.0,59,1.0,ok,False
enphase_monitor,2026-03-24 10:00:00,1219.0,60,1.0,ok,False
enphase_monitor,2026-03-24 11:00:00,1887.0,59,1.0,ok,False
enphase_monitor,2026-03-24 12:00:00,1048.0,59,1.0,ok,False
enphase_monitor,2026-03-24 13:00:00,643.0,60,1.0,ok,False
enphase_monitor,2026-03-24 14:00:00,1102.0,60,1.0,ok,False
enphase_monitor,2026-03-24 15:00:00,622.0,60,1.0,ok,False
enphase_monitor,2026-03-24 16:00:00,386.0,59,1.0,ok,False
enphase_monitor,2026-03-24 17:00:00,298.0,60,1.0,ok,False
enphase_monitor,2026-03-24 18:00:00,19.0,59,1.0,ok,False
enphase_monitor,2026-03-24 19:00:00,0.0,60,1.0,ok,False
enphase_monitor,2026-03-24 20:00:00,0.0,59,1.0,ok,False
enphase_monitor,2026-03-24 21:00:00,0.0,60,1.0,ok,False
enphase_monitor,2026-03-24 22:00:00,0.0,59,1.0,ok,False
enphase_monitor,2026-03-24 23:00:00,0.0,60,1.0,ok,False
enphase_monitor,2026-03-25 00:00:00,0.0,60,1.0,ok,True
enphase_monitor,2026-03-25 01:00:00,0.0,60,1.0,ok,False
enphase_monitor,2026-03-25 02:00:00,0.0,59,1.0,ok,False
enphase_monitor,2026-03-25 03:00:00,0.0,60,1.0,ok,False
enphase_monitor,2026-03-25 04:00:00,0.0,59,1.0,ok,False
enphase_monitor,2026-03-25 05:00:00,0.0,60,1.0,ok,False
enphase_monitor,2026-03-25 06:00:00,38.0,58,1.0,ok,False
enphase_monitor,2026-03-25 07:00:00,521.0,60,1.0,ok,False
enphase_monitor,2026-03-25 08:00:00,1433.0,60,1.0,ok,False
enphase_monitor,2026-03-25 09:00:00,2077.0,57,1.0,ok,False
enphase_monitor,2026-03-25 10:00:00,2040.0,59,1.0,ok,False
enphase_monitor,2026-03-25 11:00:00,2933.0,60,1.0,ok,False
enphase_monitor,2026-03-25 12:00:00,2661.0,59,1.0,ok,False
enphase_monitor,2026-03-25 13:00:00,2209.0,60,1.0,ok,False
enphase_monitor,2026-03-25 14:00:00,2411.0,59,1.0,ok,False
enphase_monitor,2026-03-25 15:00:00,1214.0,60,1.0,ok,False
enphase_monitor,2026-03-25 16:00:00,88.0,58,1.0,ok,False
enphase_monitor,2026-03-25 17:00:00,55.0,60,1.0,ok,False
enphase_monitor,2026-03-25 18:00:00,10.0,60,1.0,ok,False
enphase_monitor,2026-03-25 19:00:00,0.0,58,1.0,ok,False
enphase_monitor,2026-03-25 20:00:00,0.0,57,1.0,ok,False
enphase_monitor,2026-03-25 21:00:00,0.0,60,1.0,ok,False
enphase_monitor,2026-03-25 22:00:00,0.0,59,1.0,ok,False
enphase_monitor,2026-03-25 23:00:00,0.0,60,1.0,ok,False
enphase_monitor,2026-03-26 00:00:00,0.0,60,1.0,ok,True
enphase_monitor,2026-03-26 01:00:00,0.0,59,1.0,ok,False
enphase_monitor,2026-03-26 02:00:00,0.0,60,1.0,ok,False
enphase_monitor,2026-03-26 03:00:00,0.0,60,1.0,ok,False
enphase_monitor,2026-03-26 04:00:00,0.0,59,1.0,ok,False
enphase_monitor,2026-03-26 05:00:00,0.0,60,1.0,ok,False
enphase_monitor,2026-03-26 06:00:00,36.0,60,1.0,ok,False
enphase_monitor,2026-03-26 07:00:00,158.0,59,1.0,ok,False
enphase_monitor,2026-03-26 08:00:00,1346.0,60,1.0,ok,False
enphase_monitor,2026-03-26 09:00:00,274.0,19,1.0,ok,False
enphase_monitor,2026-03-26 10:00:00,2444.0,5,1.0,ok,False
enphase_monitor,2026-03-26 11:00:00,2104.0,60,1.0,ok,False
enphase_monitor,2026-03-26 12:00:00,2908.0,60,1.0,ok,False
enphase_monitor,2026-03-26 13:00:00,2902.0,60,1.0,ok,False
enphase_monitor,2026-03-26 14:00:00,2503.0,58,1.0,ok,False
enphase_monitor,2026-03-26 15:00:00,1588.0,59,1.0,ok,False
enphase_monitor,2026-03-26 16:00:00,44.0,60,1.0,ok,False
enphase_monitor,2026-03-26 17:00:00,7.0,35,1.0,ok,False
enphase_monitor,2026-03-26 18:00:00,0.0,30,1.0,ok,False
enphase_monitor,2026-03-26 19:00:00,0.0,55,1.0,ok,False
enphase_monitor,2026-03-26 20:00:00,0.0,54,1.0,ok,False
enphase_monitor,2026-03-26 21:00:00,0.0,22,1.0,ok,False
enphase_monitor,2026-03-26 22:00:00,0.0,33,1.0,ok,False
enphase_monitor,2026-03-26 23:00:00,0.0,59,1.0,ok,False
enphase_monitor,2026-03-27 00:00:00,0.0,59,1.0,ok,True
enphase_monitor,2026-03-27 01:00:00,0.0,60,1.0,ok,False
enphase_monitor,2026-03-27 02:00:00,0.0,60,1.0,ok,False
enphase_monitor,2026-03-27 03:00:00,0.0,59,1.0,ok,False
enphase_monitor,2026-03-27 04:00:00,0.0,50,1.0,ok,False
enphase_monitor,2026-03-27 05:00:00,0.0,57,1.0,ok,False
enphase_monitor,2026-03-27 06:00:00,12.0,60,1.0,ok,False
enphase_monitor,2026-03-27 07:00:00,138.0,60,1.0,ok,False
enphase_monitor,2026-03-27 08:00:00,328.0,59,1.0,ok,False
enphase_monitor,2026-03-27 09:00:00,256.0,57,1.0,ok,False
enphase_monitor,2026-03-27 10:00:00,527.0,60,1.0,ok,False
enphase_monitor,2026-03-27 11:00:00,463.0,49,1.0,ok,False
enphase_monitor,2026-03-27 12:00:00,573.0,60,1.0,ok,False
enphase_monitor,2026-03-27 13:00:00,782.0,59,1.0,ok,False
enphase_monitor,2026-03-27 14:00:00,903.0,60,1.0,ok,False
enphase_monitor,2026-03-27 15:00:00,725.0,60,1.0,ok,False
enphase_monitor,2026-03-27 16:00:00,421.0,59,1.0,ok,False
enphase_monitor,2026-03-27 17:00:00,133.0,59,1.0,ok,False
enphase_monitor,2026-03-27 18:00:00,0.0,60,1.0,ok,False
enphase_monitor,2026-03-27 19:00:00,0.0,59,1.0,ok,False
enphase_monitor,2026-03-27 20:00:00,0.0,55,1.0,ok,False
enphase_monitor,2026-03-27 21:00:00,0.0,59,1.0,ok,False
enphase_monitor,2026-03-27 22:00:00,0.0,57,1.0,ok,False
enphase_monitor,2026-03-27 23:00:00,0.0,58,1.0,ok,False
enphase_monitor,2026-03-28 00:00:00,0.0,58,1.0,ok,True
enphase_monitor,2026-03-28 01:00:00,0.0,60,1.0,ok,False
enphase_monitor,2026-03-28 02:00:00,0.0,60,1.0,ok,False
enphase_monitor,2026-03-28 03:00:00,0.0,59,1.0,ok,False
enphase_monitor,2026-03-28 04:00:00,0.0,60,1.0,ok,False
enphase_monitor,2026-03-28 05:00:00,0.0,60,1.0,ok,False
enphase_monitor,2026-03-28 06:00:00,90.0,58,1.0,ok,False
enphase_monitor,2026-03-28 07:00:00,487.0,59,1.0,ok,False
enphase_monitor,2026-03-28 08:00:00,1273.0,60,1.0,ok,False
enphase_monitor,2026-03-28 09:00:00,2268.0,55,1.0,ok,False
enphase_monitor,2026-03-28 10:00:00,1907.0,58,1.0,ok,False
enphase_monitor,2026-03-28 11:00:00,2832.0,59,1.0,ok,False
enphase_monitor,2026-03-28 12:00:00,4144.0,57,1.0,ok,False
enphase_monitor,2026-03-28 13:00:00,2359.0,57,1.0,ok,False
enphase_monitor,2026-03-28 14:00:00,2260.0,57,1.0,ok,False
enphase_monitor,2026-03-28 15:00:00,65.0,49,1.0,ok,False
enphase_monitor,2026-03-28 16:00:00,29.0,52,1.0,ok,False
enphase_monitor,2026-03-28 17:00:00,34.0,44,1.0,ok,False
enphase_monitor,2026-03-28 18:00:00,15.0,60,1.0,ok,False
enphase_monitor,2026-03-28 19:00:00,0.0,60,1.0,ok,False
enphase_monitor,2026-03-28 20:00:00,0.0,60,1.0,ok,False
enphase_monitor,2026-03-28 21:00:00,0.0,55,1.0,ok,False
enphase_monitor,2026-03-28 22:00:00,0.0,57,1.0,ok,False
enphase_monitor,2026-03-28 23:00:00,0.0,60,1.0,ok,False
enphase_monitor,2026-03-29 00:00:00,0.0,59,1.0,ok,True
enphase_monitor,2026-03-29 01:00:00,0.0,60,1.0,ok,False
enphase_monitor,2026-03-29 02:00:00,0.0,58,1.0,ok,False
enphase_monitor,2026-03-29 03:00:00,0.0,59,1.0,ok,False
enphase_monitor,2026-03-29 04:00:00,0.0,60,1.0,ok,False
enphase_monitor,2026-03-29 05:00:00,0.0,59,1.0,ok,False
enphase_monitor,2026-03-29 06:00:00,35.0,60,1.0,ok,False
enphase_monitor,2026-03-29 07:00:00,284.0,60,1.0,ok,False
enphase_monitor,2026-03-29 08:00:00,1026.0,59,1.0,ok,False
enphase_monitor,2026-03-29 09:00:00,2117.0,60,1.0,ok,False
enphase_monitor,2026-03-29 10:00:00,2921.0,57,1.0,ok,False
enphase_monitor,2026-03-29 11:00:00,3055.0,59,1.0,ok,False
enphase_monitor,2026-03-29 12:00:00,1602.0,22,1.0,ok,False
enphase_monitor,2026-04-06 19:00:00,2686.0,54,199.0,hueco,False
enphase_monitor,2026-04-06 20:00:00,0.0,6,1.0,ok,False
enphase_monitor,2026-04-06 21:00:00,0.0,59,1.0,ok,False
enphase_monitor,2026-04-06 22:00:00,0.0,60,1.0,ok,False
enphase_monitor,2026-04-06 23:00:00,0.0,60,1.0,ok,False
enphase_monitor,2026-04-07 00:00:00,0.0,59,1.0,ok,True
enphase_monitor,2026-04-07 01:00:00,0.0,60,1.0,ok,False
enphase_monitor,2026-04-07 02:00:00,0.0,60,1.0,ok,False
enphase_monitor,2026-04-07 03:00:00,0.0,60,1.0,ok,False
enphase_monitor,2026-04-07 04:00:00,0.0,60,1.0,ok,False
enphase_monitor,2026-04-07 05:00:00,0.0,59,1.0,ok,False
enphase_monitor,2026-04-07 06:00:00,74.0,60,1.0,ok,False
enphase_monitor,2026-04-07 07:00:00,261.0,59,1.0,ok,False
enphase_monitor,2026-04-07 08:00:00,853.0,57,1.0,ok,False
enphase_monitor,2026-04-07 09:00:00,1696.0,58,1.0,ok,False
enphase_monitor,2026-04-07 10:00:00,2068.0,58,1.0,ok,False
enphase_monitor,2026-04-07 11:00:00,2833.0,59,1.0,ok,False
enphase_monitor,2026-04-07 12:00:00,3108.0,59,1.0,ok,False
enphase_monitor,2026-04-07 13:00:00,3049.0,59,1.0,ok,False
enphase_monitor,2026-04-07 14:00:00,2448.0,53,1.0,ok,False
enphase_monitor,2026-04-07 16:00:00,560.0,44,2.0,hueco,False
enphase_monitor,2026-04-07 17:00:00,103.0,59,1.0,ok,False
enphase_monitor,2026-04-07 18:00:00,0.0,60,1.0,ok,False
enphase_monitor,2026-04-07 19:00:00,0.0,60,1.0,ok,False
enphase_monitor,2026-04-07 20:00:00,0.0,60,1.0,ok,False
enphase_monitor,2026-04-07 21:00:00,0.0,60,1.0,ok,False
enphase_monitor,2026-04-07 22:00:00,0.0,60,1.0,ok,False
enphase_monitor,2026-04-07 23:00:00,0.0,59,1.0,ok,False
enphase_monitor,2026-04-08 00:00:00,0.0,59,1.0,ok,True
enphase_monitor,2026-04-08 01:00:00,0.0,59,1.0,ok,False
enphase_monitor,2026-04-08 02:00:00,0.0,59,1.0,ok,False
enphase_monitor,2026-04-08 03:00:00,0.0,59,1.0,ok,False
enphase_monitor,2026-04-08 04:00:00,0.0,60,1.0,ok,False
enphase_monitor,2026-04-08 05:00:00,0.0,59,1.0,ok,False
enphase_monitor,2026-04-08 06:00:00,0.0,44,1.0,ok,False
enphase_monitor,2026-04-08 07:00:00,116.0,25,1.0,ok,False
enphase_monitor,2026-04-08 08:00:00,422.0,49,1.0,ok,False
enphase_monitor,2026-04-08 09:00:00,641.0,59,1.0,ok,False
enphase_monitor,2026-04-08 10:00:00,697.0,59,1.0,ok,False
enphase_monitor,2026-04-08 11:00:00,1244.0,60,1.0,ok,False
enphase_monitor,2026-04-08 12:00:00,1360.0,59,1.0,ok,False
enphase_monitor,2026-04-08 13:00:00,919.0,59,1.0,ok,False
enphase_monitor,2026-04-08 14:00:00,336.0,11,1.0,ok,False
enphase_monitor,2026-04-08 16:00:00,2172.0,41,2.0,hueco,False
enphase_monitor,2026-04-08 17:00:00,161.0,60,1.0,ok,False
enphase_monitor,2026-04-08 18:00:00,7.0,60,1.0,ok,False
enphase_monitor,2026-04-08 19:00:00,0.0,60,1.0,ok,False
enphase_monitor,2026-04-08 20:00:00,0.0,59,1.0,ok,False
enphase_monitor,2026-04-08 21:00:00,0.0,60,1.0,ok,False
enphase_monitor,2026-04-08 22:00:00,0.0,59,1.0,ok,False
enphase_monitor,2026-04-08 23:00:00,0.0,60,1.0,ok,False
enphase_monitor,2026-04-09 00:00:00,0.0,59,1.0,ok,True
enphase_monitor,2026-04-09 01:00:00,0.0,60,1.0,ok,False
enphase_monitor,2026-04-09 02:00:00,0.0,51,1.0,ok,False
enphase_monitor,2026-04-09 03:00:00,0.0,59,1.0,ok,False
enphase_monitor,2026-04-09 04:00:00,0.0,60,1.0,ok,False
enphase_monitor,2026-04-09 05:00:00,0.0,60,1.0,ok,False
enphase_monitor,2026-04-09 06:00:00,76.0,60,1.0,ok,False
enphase_monitor,2026-04-09 07:00:00,216.0,60,1.0,ok,False
enphase_monitor,2026-04-09 08:00:00,1338.0,57,1.0,ok,False
enphase_monitor,2026-04-09 09:00:00,2325.0,60,1.0,ok,False
enphase_monitor,2026-04-09 10:00:00,2380.0,58,1.0,ok,False
enphase_monitor,2026-04-09 11:00:00,2660.0,60,1.0,ok,False
enphase_monitor,2026-04-09 12:00:00,3011.0,57,1.0,ok,False
enphase_monitor,2026-04-09 13:00:00,1915.0,46,1.0,ok,False
enphase_monitor,2026-04-09 14:00:00,1413.0,35,1.0,ok,False
enphase_monitor,2026-04-09 15:00:00,665.0,33,1.0,ok,False
enphase_monitor,2026-04-09 16:00:00,293.0,41,1.0,ok,False
enphase_monitor,2026-04-09 17:00:00,62.0,16,1.0,ok,False
enphase_monitor,2026-04-09 18:00:00,9.0,17,1.0,ok,False
enphase_monitor,2026-04-09 19:00:00,0.0,60,1.0,ok,False
enphase_monitor,2026-04-09 20:00:00,0.0,60,1.0,ok,False
enphase_monitor,2026-04-09 21:00:00,0.0,59,1.0,ok,False
enphase_monitor,2026-04-09 22:00:00,0.0,60,1.0,ok,False
enphase_monitor,2026-04-09 23:00:00,0.0,60,1.0,ok,False
enphase_monitor,2026-04-10 00:00:00,0.0,60,1.0,ok,True
enphase_monitor,2026-04-10 01:00:00,0.0,60,1.0,ok,False
enphase_monitor,2026-04-10 02:00:00,0.0,60,1.0,ok,False
enphase_monitor,2026-04-10 03:00:00,0.0,49,1.0,ok,False
enphase_monitor,2026-04-10 04:00:00,0.0,50,1.0,ok,False
enphase_monitor,2026-04-10 05:00:00,0.0,56,1.0,ok,False
enphase_monitor,2026-04-10 06:00:00,87.0,60,1.0,ok,False
enphase_monitor,2026-04-10 07:00:00,726.0,60,1.0,ok,False
enphase_monitor,2026-04-10 08:00:00,1494.0,59,1.0,ok,False
enphase_monitor,2026-04-10 09:00:00,1798.0,58,1.0,ok,False
enphase_monitor,2026-04-10 10:00:00,1295.0,58,1.0,ok,False
enphase_monitor,2026-04-10 11:00:00,1760.0,60,1.0,ok,False
enphase_monitor,2026-04-10 12:00:00,2448.0,60,1.0,ok,False
enphase_monitor,2026-04-10 13:00:00,575.0,16,1.0,ok,False
enphase_monitor,2026-04-10 15:00:00,3890.0,30,2.0,hueco,False
enphase_monitor,2026-04-10 16:00:00,366.0,57,1.0,ok,False
enphase_monitor,2026-04-10 17:00:00,158.0,60,1.0,ok,False
enphase_monitor,2026-04-10 18:00:00,6.0,60,1.0,ok,False
enphase_monitor,2026-04-10 19:00:00,0.0,59,1.0,ok,False
enphase_monitor,2026-04-10 20:00:00,0.0,60,1.0,ok,False
enphase_monitor,2026-04-10 21:00:00,0.0,59,1.0,ok,False
enphase_monitor,2026-04-10 22:00:00,0.0,59,1.0,ok,False
enphase_monitor,2026-04-10 23:00:00,0.0,60,1.0,ok,False
enphase_monitor,2026-04-11 00:00:00,0.0,60,1.0,ok,True
enphase_monitor,2026-04-11 01:00:00,0.0,60,1.0,ok,False
enphase_monitor,2026-04-11 02:00:00,0.0,59,1.0,ok,False
enphase_monitor,2026-04-11 03:00:00,0.0,60,1.0,ok,False
enphase_monitor,2026-04-11 04:00:00,0.0,60,1.0,ok,False
enphase_monitor,2026-04-11 05:00:00,0.0,60,1.0,ok,False
enphase_monitor,2026-04-11 06:00:00,29.0,58,1.0,ok,False
enphase_monitor,2026-04-11 07:00:00,290.0,60,1.0,ok,False
enphase_monitor,2026-04-11 08:00:00,1030.0,59,1.0,ok,False
enphase_monitor,2026-04-11 09:00:00,1654.0,60,1.0,ok,False
enphase_monitor,2026-04-11 10:00:00,267.0,8,1.0,ok,False
enphase_monitor,2026-04-11 11:00:00,2999.0,15,1.0,ok,False
enphase_monitor,2026-04-11 12:00:00,2360.0,43,1.0,ok,False
enphase_monitor,2026-04-11 13:00:00,2459.0,59,1.0,ok,False
enphase_monitor,2026-04-11 14:00:00,1290.0,60,1.0,ok,False
enphase_monitor,2026-04-11 15:00:00,905.0,59,1.0,ok,False
enphase_monitor,2026-04-11 16:00:00,103.0,59,1.0,ok,False
enphase_monitor,2026-04-11 17:00:00,75.0,60,1.0,ok,False
enphase_monitor,2026-04-11 18:00:00,7.0,60,1.0,ok,False
enphase_monitor,2026-04-11 19:00:00,0.0,44,1.0,ok,False
enphase_monitor,2026-04-11 20:00:00,0.0,48,1.0,ok,False
enphase_monitor,2026-04-11 21:00:00,0.0,52,1.0,ok,False
enphase_monitor,2026-04-11 22:00:00,0.0,59,1.0,ok,False
enphase_monitor,2026-04-11 23:00:00,0.0,60,1.0,ok,False
enphase_monitor,2026-04-12 00:00:00,0.0,59,1.0,ok,True
enphase_monitor,2026-04-12 01:00:00,0.0,60,1.0,ok,False
enphase_monitor,2026-04-12 02:00:00,0.0,60,1.0,ok,False
enphase_monitor,2026-04-12 03:00:00,0.0,59,1.0,ok,False
enphase_monitor,2026-04-12 04:00:00,0.0,60,1.0,ok,False
enphase_monitor,2026-04-12 05:00:00,0.0,60,1.0,ok,False
enphase_monitor,2026-04-12 06:00:00,50.0,60,1.0,ok,False
enphase_monitor,2026-04-12 07:00:00,610.0,60,1.0,ok,False
enphase_monitor,2026-04-12 08:00:00,1477.0,60,1.0,ok,False
enphase_monitor,2026-04-12 09:00:00,2248.0,59,1.0,ok,False
enphase_monitor,2026-04-12 10:00:00,2602.0,60,1.0,ok,False
enphase_monitor,2026-04-12 11:00:00,3279.0,60,1.0,ok,False
enphase_monitor,2026-04-12 12:00:00,3035.0,59,1.0,ok,False
enphase_monitor,2026-04-12 13:00:00,1917.0,60,1.0,ok,False
enphase_monitor,2026-04-12 14:00:00,97.0,60,1.0,ok,False
enphase_monitor,2026-04-12 15:00:00,91.0,60,1.0,ok,False
enphase_monitor,2026-04-12 16:00:00,267.0,59,1.0,ok,False
enphase_monitor,2026-04-12 17:00:00,109.0,60,1.0,ok,False
enphase_monitor,2026-04-12 18:00:00,1.0,60,1.0,ok,False
enphase_monitor,2026-04-12 19:00:00,0.0,58,1.0,ok,False
enphase_monitor,2026-04-12 20:00:00,0.0,60,1.0,ok,False
enphase_monitor,2026-04-12 21:00:00,0.0,59,1.0,ok,False
enphase_monitor,2026-04-12 22:00:00,0.0,60,1.0,ok,False
enphase_monitor,2026-04-12 23:00:00,0.0,60,1.0,ok,False
enphase_monitor,2026-04-13 00:00:00,0.0,59,1.0,ok,True
enphase_monitor,2026-04-13 01:00:00,0.0,60,1.0,ok,False
enphase_monitor,2026-04-13 02:00:00,0.0,60,1.0,ok,False
enphase_monitor,2026-04-13 03:00:00,0.0,60,1.0,ok,False
enphase_monitor,2026-04-13 04:00:00,0.0,59,1.0,ok,False
enphase_monitor,2026-04-13 05:00:00,0.0,59,1.0,ok,False
enphase_monitor,2026-04-13 06:00:00,51.0,60,1.0,ok,False
enphase_monitor,2026-04-13 07:00:00,530.0,60,1.0,ok,False
enphase_monitor,2026-04-13 08:00:00,1037.0,58,1.0,ok,False
enphase_monitor,2026-04-13 09:00:00,1159.0,59,1.0,ok,False
enphase_monitor,2026-04-13 10:00:00,1893.0,59,1.0,ok,False
enphase_monitor,2026-04-13 11:00:00,1533.0,60,1.0,ok,False
enphase_monitor,2026-04-13 12:00:00,1626.0,51,1.0,ok,False
enphase_monitor,2026-04-13 13:00:00,1635.0,48,1.0,ok,False
enphase_monitor,2026-04-13 14:00:00,120.0,54,1.0,ok,False
enphase_monitor,2026-04-13 15:00:00,78.0,57,1.0,ok,False
enphase_monitor,2026-04-13 16:00:00,113.0,50,1.0,ok,False
enphase_monitor,2026-04-13 17:00:00,73.0,60,1.0,ok,False
enphase_monitor,2026-04-13 18:00:00,0.0,59,1.0,ok,False
enphase_monitor,2026-04-13 19:00:00,0.0,60,1.0,ok,False
enphase_monitor,2026-04-13 20:00:00,0.0,58,1.0,ok,False
enphase_monitor,2026-04-13 21:00:00,0.0,55,1.0,ok,False
enphase_monitor,2026-04-13 22:00:00,0.0,50,1.0,ok,False
enphase_monitor,2026-04-13 23:00:00,0.0,57,1.0,ok,False
enphase_monitor,2026-04-14 00:00:00,0.0,60,1.0,ok,True
enphase_monitor,2026-04-14 01:00:00,0.0,60,1.0,ok,False
enphase_monitor,2026-04-14 02:00:00,0.0,60,1.0,ok,False
enphase_monitor,2026-04-14 03:00:00,0.0,59,1.0,ok,False
enphase_monitor,2026-04-14 04:00:00,0.0,60,1.0,ok,False
enphase_monitor,2026-04-14 05:00:00,0.0,56,1.0,ok,False
enphase_monitor,2026-04-14 06:00:00,72.0,57,1.0,ok,False
enphase_monitor,2026-04-14 07:00:00,614.0,58,1.0,ok,False
enphase_monitor,2026-04-14 08:00:00,1488.0,60,1.0,ok,False
enphase_monitor,2026-04-14 09:00:00,1827.0,40,1.0,ok,False
enphase_monitor,2026-04-14 10:00:00,2679.0,44,1.0,ok,False
enphase_monitor,2026-04-14 11:00:00,1751.0,33,1.0,ok,False
enphase_monitor,2026-04-14 12:00:00,1741.0,44,1.0,ok,False
enphase_monitor,2026-04-14 13:00:00,1309.0,55,1.0,ok,False
enphase_monitor,2026-04-14 14:00:00,893.0,52,1.0,ok,False
enphase_monitor,2026-04-14 15:00:00,412.0,21,1.0,ok,False
enphase_monitor,2026-04-14 16:00:00,733.0,41,1.0,ok,False
enphase_monitor,2026-04-14 17:00:00,39.0,14,1.0,ok,False
enphase_monitor,2026-04-14 18:00:00,70.0,3,1.0,ok,False
enphase_monitor,2026-04-14 19:00:00,0.0,13,1.0,ok,False
enphase_monitor,2026-04-14 20:00:00,0.0,56,1.0,ok,False
enphase_monitor,2026-04-14 21:00:00,0.0,59,1.0,ok,False
enphase_monitor,2026-04-14 22:00:00,0.0,60,1.0,ok,False
enphase_monitor,2026-04-14 23:00:00,0.0,60,1.0,ok,False
enphase_monitor,2026-04-15 00:00:00,0.0,42,1.0,ok,True
enphase_monitor,2026-04-15 01:00:00,0.0,60,1.0,ok,False
enphase_monitor,2026-04-15 02:00:00,0.0,60,1.0,ok,False
enphase_monitor,2026-04-15 03:00:00,0.0,59,1.0,ok,False
enphase_monitor,2026-04-15 04:00:00,0.0,60,1.0,ok,False
enphase_monitor,2026-04-15 05:00:00,0.0,60,1.0,ok,False
enphase_monitor,2026-04-15 06:00:00,49.0,59,1.0,ok,False
enphase_monitor,2026-04-15 07:00:00,470.0,57,1.0,ok,False
enphase_monitor,2026-04-15 08:00:00,849.0,51,1.0,ok,False
enphase_monitor,2026-04-15 09:00:00,1888.0,58,1.0,ok,False
enphase_monitor,2026-04-15 10:00:00,2538.0,56,1.0,ok,False
enphase_monitor,2026-04-15 11:00:00,2741.0,55,1.0,ok,False
enphase_monitor,2026-04-15 12:00:00,3354.0,58,1.0,ok,False
enphase_monitor,2026-04-15 13:00:00,698.0,59,1.0,ok,False
enphase_monitor,2026-04-15 14:00:00,286.0,47,1.0,ok,False
enphase_monitor,2026-04-15 15:00:00,236.0,58,1.0,ok,False
enphase_monitor,2026-04-15 16:00:00,385.0,49,1.0,ok,False
enphase_monitor,2026-04-15 17:00:00,112.0,44,1.0,ok,False
enphase_monitor,2026-04-15 18:00:00,4.0,60,1.0,ok,False
enphase_monitor,2026-04-15 19:00:00,0.0,59,1.0,ok,False
enphase_monitor,2026-04-15 20:00:00,0.0,51,1.0,ok,False
enphase_monitor,2026-04-15 21:00:00,0.0,37,1.0,ok,False
enphase_monitor,2026-04-15 22:00:00,0.0,32,1.0,ok,False
enphase_monitor,2026-04-15 23:00:00,0.0,42,1.0,ok,False
enphase_monitor,2026-04-16 00:00:00,0.0,57,1.0,ok,True
enphase_monitor,2026-04-16 01:00:00,0.0,60,1.0,ok,False
enphase_monitor,2026-04-16 02:00:00,0.0,60,1.0,ok,False
enphase_monitor,2026-04-16 03:00:00,0.0,60,1.0,ok,False
enphase_monitor,2026-04-16 04:00:00,0.0,60,1.0,ok,False
enphase_monitor,2026-04-16 05:00:00,0.0,60,1.0,ok,False
enphase_monitor,2026-04-16 06:00:00,11.0,58,1.0,ok,False
enphase_monitor,2026-04-16 07:00:00,245.0,59,1.0,ok,False
enphase_monitor,2026-04-16 08:00:00,871.0,47,1.0,ok,False
enphase_monitor,2026-04-16 09:00:00,1542.0,49,1.0,ok,False
enphase_monitor,2026-04-16 10:00:00,1804.0,36,1.0,ok,False
enphase_monitor,2026-04-16 11:00:00,2772.0,19,1.0,ok,False
enphase_monitor,2026-04-16 12:00:00,2086.0,13,1.0,ok,False
enphase_monitor,2026-04-16 13:00:00,2443.0,23,1.0,ok,False
enphase_monitor,2026-04-16 14:00:00,1949.0,19,1.0,ok,False
enphase_monitor,2026-04-16 15:00:00,1553.0,16,1.0,ok,False
enphase_monitor,2026-04-16 16:00:00,285.0,37,1.0,ok,False
enphase_monitor,2026-04-16 17:00:00,271.0,59,1.0,ok,False
enphase_monitor,2026-04-16 18:00:00,0.0,59,1.0,ok,False
enphase_monitor,2026-04-16 19:00:00,0.0,59,1.0,ok,False
enphase_monitor,2026-04-16 20:00:00,0.0,51,1.0,ok,False
enphase_monitor,2026-04-16 21:00:00,0.0,45,1.0,ok,False
enphase_monitor,2026-04-16 22:00:00,0.0,52,1.0,ok,False
enphase_monitor,2026-04-16 23:00:00,0.0,60,1.0,ok,False
enphase_monitor,2026-04-17 00:00:00,0.0,59,1.0,ok,True
enphase_monitor,2026-04-17 01:00:00,0.0,60,1.0,ok,False
enphase_monitor,2026-04-17 02:00:00,0.0,60,1.0,ok,False
enphase_monitor,2026-04-17 03:00:00,0.0,60,1.0,ok,False
enphase_monitor,2026-04-17 04:00:00,0.0,60,1.0,ok,False
enphase_monitor,2026-04-17 05:00:00,0.0,60,1.0,ok,False
enphase_monitor,2026-04-17 06:00:00,39.0,59,1.0,ok,False
enphase_monitor,2026-04-17 07:00:00,481.0,60,1.0,ok,False
enphase_monitor,2026-04-17 08:00:00,1188.0,60,1.0,ok,False
enphase_monitor,2026-04-17 09:00:00,1586.0,54,1.0,ok,False
enphase_monitor,2026-04-17 10:00:00,1386.0,43,1.0,ok,False
enphase_monitor,2026-04-17 11:00:00,2387.0,41,1.0,ok,False
enphase_monitor,2026-04-17 12:00:00,2114.0,59,1.0,ok,False
enphase_monitor,2026-04-17 13:00:00,1024.0,59,1.0,ok,False
enphase_monitor,2026-04-17 14:00:00,654.0,60,1.0,ok,False
enphase_monitor,2026-04-17 15:00:00,1871.0,59,1.0,ok,False
enphase_monitor,2026-04-17 16:00:00,543.0,59,1.0,ok,False
enphase_monitor,2026-04-17 17:00:00,68.0,58,1.0,ok,False
enphase_monitor,2026-04-17 18:00:00,0.0,60,1.0,ok,False
enphase_monitor,2026-04-17 19:00:00,0.0,59,1.0,ok,False
enphase_monitor,2026-04-17 20:00:00,0.0,59,1.0,ok,False
enphase_monitor,2026-04-17 21:00:00,0.0,59,1.0,ok,False
enphase_monitor,2026-04-17 22:00:00,0.0,60,1.0,ok,False
enphase_monitor,2026-04-17 23:00:00,0.0,60,1.0,ok,False
enphase_monitor,2026-04-18 00:00:00,0.0,60,1.0,ok,True
enphase_monitor,2026-04-18 01:00:00,0.0,60,1.0,ok,False
enphase_monitor,2026-04-18 02:00:00,0.0,60,1.0,ok,False
enphase_monitor,2026-04-18 03:00:00,0.0,58,1.0,ok,False
enphase_monitor,2026-04-18 04:00:00,0.0,60,1.0,ok,False
enphase_monitor,2026-04-18 05:00:00,0.0,60,1.0,ok,False
enphase_monitor,2026-04-18 06:00:00,84.0,59,1.0,ok,False
enphase_monitor,2026-04-18 07:00:00,653.0,59,1.0,ok,False
enphase_monitor,2026-04-18 08:00:00,1566.0,58,1.0,ok,False
enphase_monitor,2026-04-18 09:00:00,2218.0,47,1.0,ok,False
enphase_monitor,2026-04-18 10:00:00,2551.0,60,1.0,ok,False
enphase_monitor,2026-04-18 11:00:00,1984.0,59,1.0,ok,False
enphase_monitor,2026-04-18 12:00:00,2348.0,60,1.0,ok,False
enphase_monitor,2026-04-18 13:00:00,1422.0,59,1.0,ok,False
enphase_monitor,2026-04-18 14:00:00,1848.0,59,1.0,ok,False
enphase_monitor,2026-04-18 15:00:00,981.0,59,1.0,ok,False
enphase_monitor,2026-04-18 16:00:00,613.0,59,1.0,ok,False
enphase_monitor,2026-04-18 17:00:00,134.0,58,1.0,ok,False
enphase_monitor,2026-04-18 18:00:00,6.0,59,1.0,ok,False
enphase_monitor,2026-04-18 19:00:00,0.0,56,1.0,ok,False
enphase_monitor,2026-04-18 20:00:00,0.0,50,1.0,ok,False
enphase_monitor,2026-04-18 21:00:00,0.0,60,1.0,ok,False
enphase_monitor,2026-04-18 22:00:00,0.0,60,1.0,ok,False
enphase_monitor,2026-04-18 23:00:00,0.0,60,1.0,ok,False
enphase_monitor,2026-04-19 00:00:00,0.0,59,1.0,ok,True
enphase_monitor,2026-04-19 01:00:00,0.0,60,1.0,ok,False
enphase_monitor,2026-04-19 02:00:00,0.0,60,1.0,ok,False
enphase_monitor,2026-04-19 03:00:00,0.0,60,1.0,ok,False
enphase_monitor,2026-04-19 04:00:00,0.0,60,1.0,ok,False
enphase_monitor,2026-04-19 05:00:00,0.0,60,1.0,ok,False
enphase_monitor,2026-04-19 06:00:00,65.0,59,1.0,ok,False
enphase_monitor,2026-04-19 07:00:00,396.0,57,1.0,ok,False
enphase_monitor,2026-04-19 08:00:00,1741.0,60,1.0,ok,False
enphase_monitor,2026-04-19 09:00:00,1174.0,59,1.0,ok,False
enphase_monitor,2026-04-19 10:00:00,2661.0,60,1.0,ok,False
enphase_monitor,2026-04-19 11:00:00,1960.0,60,1.0,ok,False
enphase_monitor,2026-04-19 12:00:00,2003.0,58,1.0,ok,False
enphase_monitor,2026-04-19 13:00:00,2078.0,59,1.0,ok,False
enphase_monitor,2026-04-19 14:00:00,2451.0,58,1.0,ok,False
enphase_monitor,2026-04-19 15:00:00,437.0,60,1.0,ok,False
enphase_monitor,2026-04-19 16:00:00,566.0,60,1.0,ok,False
enphase_monitor,2026-04-19 17:00:00,154.0,60,1.0,ok,False
enphase_monitor,2026-04-19 18:00:00,1.0,59,1.0,ok,False
enphase_monitor,2026-04-19 19:00:00,0.0,60,1.0,ok,False
enphase_monitor,2026-04-19 20:00:00,0.0,60,1.0,ok,False
enphase_monitor,2026-04-19 21:00:00,0.0,59,1.0,ok,False
enphase_monitor,2026-04-19 22:00:00,0.0,58,1.0,ok,False
enphase_monitor,2026-04-19 23:00:00,0.0,59,1.0,ok,False
enphase_monitor,2026-04-20 00:00:00,0.0,60,1.0,ok,True
enphase_monitor,2026-04-20 01:00:00,0.0,60,1.0,ok,False
enphase_monitor,2026-04-20 02:00:00,0.0,58,1.0,ok,False
enphase_monitor,2026-04-20 03:00:00,0.0,60,1.0,ok,False
enphase_monitor,2026-04-20 04:00:00,0.0,60,1.0,ok,False
enphase_monitor,2026-04-20 05:00:00,0.0,60,1.0,ok,False
enphase_monitor,2026-04-20 06:00:00,51.0,59,1.0,ok,False
enphase_monitor,2026-04-20 07:00:00,417.0,60,1.0,ok,False
enphase_monitor,2026-04-20 08:00:00,1242.0,60,1.0,ok,False
enphase_monitor,2026-04-20 09:00:00,2228.0,57,1.0,ok,False
enphase_monitor,2026-04-20 10:00:00,2763.0,60,1.0,ok,False
enphase_monitor,2026-04-20 11:00:00,2934.0,58,1.0,ok,False
enphase_monitor,2026-04-20 12:00:00,2532.0,56,1.0,ok,False
enphase_monitor,2026-04-20 13:00:00,2151.0,56,1.0,ok,False
enphase_monitor,2026-04-20 14:00:00,1487.0,58,1.0,ok,False
enphase_monitor,2026-04-20 15:00:00,1039.0,36,1.0,ok,False
enphase_monitor,2026-04-20 16:00:00,77.0,58,1.0,ok,False
enphase_monitor,2026-04-20 17:00:00,168.0,34,1.0,ok,False
enphase_monitor,2026-04-20 18:00:00,4.0,44,1.0,ok,False
enphase_monitor,2026-04-20 19:00:00,0.0,59,1.0,ok,False
enphase_monitor,2026-04-20 20:00:00,0.0,53,1.0,ok,False
enphase_monitor,2026-04-20 21:00:00,0.0,56,1.0,ok,False
enphase_monitor,2026-04-20 22:00:00,0.0,53,1.0,ok,False
enphase_monitor,2026-04-20 23:00:00,0.0,54,1.0,ok,False
enphase_monitor,2026-04-21 00:00:00,0.0,59,1.0,ok,True
enphase_monitor,2026-04-21 01:00:00,0.0,56,1.0,ok,False
enphase_monitor,2026-04-21 02:00:00,0.0,56,1.0,ok,False
enphase_monitor,2026-04-21 03:00:00,0.0,54,1.0,ok,False
enphase_monitor,2026-04-21 04:00:00,0.0,60,1.0,ok,False
enphase_monitor,2026-04-21 05:00:00,0.0,59,1.0,ok,False
enphase_monitor,2026-04-21 06:00:00,35.0,52,1.0,ok,False
enphase_monitor,2026-04-21 07:00:00,191.0,52,1.0,ok,False
enphase_monitor,2026-04-21 08:00:00,829.0,41,1.0,ok,False
enphase_monitor,2026-04-21 09:00:00,2260.0,53,1.0,ok,False
enphase_monitor,2026-04-21 10:00:00,2674.0,50,1.0,ok,False
enphase_monitor,2026-04-21 11:00:00,2602.0,56,1.0,ok,False
enphase_monitor,2026-04-21 12:00:00,2111.0,55,1.0,ok,False
enphase_monitor,2026-04-21 13:00:00,1890.0,57,1.0,ok,False
enphase_monitor,2026-04-21 14:00:00,1351.0,56,1.0,ok,False
enphase_monitor,2026-04-21 15:00:00,427.0,59,1.0,ok,False
enphase_monitor,2026-04-21 16:00:00,367.0,59,1.0,ok,False
enphase_monitor,2026-04-21 17:00:00,132.0,60,1.0,ok,False
enphase_monitor,2026-04-21 18:00:00,8.0,59,1.0,ok,False
enphase_monitor,2026-04-21 19:00:00,0.0,60,1.0,ok,False
enphase_monitor,2026-04-21 20:00:00,0.0,58,1.0,ok,False
enphase_monitor,2026-04-21 21:00:00,0.0,53,1.0,ok,False
enphase_monitor,2026-04-21 22:00:00,0.0,59,1.0,ok,False
enphase_monitor,2026-04-21 23:00:00,0.0,60,1.0,ok,False
enphase_monitor,2026-04-22 00:00:00,0.0,60,1.0,ok,True
enphase_monitor,2026-04-22 01:00:00,0.0,59,1.0,ok,False
enphase_monitor,2026-04-22 02:00:00,0.0,53,1.0,ok,False
enphase_monitor,2026-04-22 03:00:00,0.0,60,1.0,ok,False
enphase_monitor,2026-04-22 04:00:00,0.0,60,1.0,ok,False
enphase_monitor,2026-04-22 05:00:00,0.0,60,1.0,ok,False
enphase_monitor,2026-04-22 06:00:00,49.0,47,1.0,ok,False
enphase_monitor,2026-04-22 07:00:00,364.0,44,1.0,ok,False
enphase_monitor,2026-04-22 08:00:00,1148.0,45,1.0,ok,False
enphase_monitor,2026-04-22 09:00:00,2172.0,54,1.0,ok,False
enphase_monitor,2026-04-22 10:00:00,2394.0,43,1.0,ok,False
enphase_monitor,2026-04-22 11:00:00,2644.0,60,1.0,ok,False
enphase_monitor,2026-04-22 12:00:00,2764.0,57,1.0,ok,False
enphase_monitor,2026-04-22 13:00:00,1573.0,53,1.0,ok,False
enphase_monitor,2026-04-22 14:00:00,1818.0,56,1.0,ok,False
enphase_monitor,2026-04-22 15:00:00,1837.0,50,1.0,ok,False
enphase_monitor,2026-04-22 16:00:00,540.0,48,1.0,ok,False
enphase_monitor,2026-04-22 17:00:00,41.0,59,1.0,ok,False
enphase_monitor,2026-04-22 18:00:00,0.0,47,1.0,ok,False
enphase_monitor,2026-04-22 19:00:00,0.0,58,1.0,ok,False
enphase_monitor,2026-04-22 20:00:00,0.0,54,1.0,ok,False
enphase_monitor,2026-04-22 21:00:00,0.0,59,1.0,ok,False
enphase_monitor,2026-04-22 22:00:00,0.0,53,1.0,ok,False
enphase_monitor,2026-04-22 23:00:00,0.0,57,1.0,ok,False
enphase_monitor,2026-04-23 00:00:00,0.0,60,1.0,ok,True
enphase_monitor,2026-04-23 01:00:00,0.0,60,1.0,ok,False
enphase_monitor,2026-04-23 02:00:00,0.0,59,1.0,ok,False
enphase_monitor,2026-04-23 03:00:00,0.0,60,1.0,ok,False
enphase_monitor,2026-04-23 04:00:00,0.0,59,1.0,ok,False
enphase_monitor,2026-04-23 05:00:00,0.0,60,1.0,ok,False
enphase_monitor,2026-04-23 06:00:00,79.0,60,1.0,ok,False
enphase_monitor,2026-04-23 07:00:00,819.0,57,1.0,ok,False
enphase_monitor,2026-04-23 08:00:00,1251.0,58,1.0,ok,False
enphase_monitor,2026-04-23 09:00:00,2190.0,59,1.0,ok,False
enphase_monitor,2026-04-23 10:00:00,2593.0,57,1.0,ok,False
enphase_monitor,2026-04-23 11:00:00,2240.0,57,1.0,ok,False
enphase_monitor,2026-04-23 12:00:00,1991.0,56,1.0,ok,False
enphase_monitor,2026-04-23 13:00:00,2652.0,51,1.0,ok,False
enphase_monitor,2026-04-23 14:00:00,2622.0,44,1.0,ok,False
enphase_monitor,2026-04-23 15:00:00,2562.0,41,1.0,ok,False
enphase_monitor,2026-04-23 16:00:00,484.0,30,1.0,ok,False
enphase_monitor,2026-04-23 17:00:00,117.0,39,1.0,ok,False
enphase_monitor,2026-04-23 18:00:00,7.0,59,1.0,ok,False
enphase_monitor,2026-04-23 19:00:00,0.0,60,1.0,ok,False
enphase_monitor,2026-04-23 20:00:00,0.0,60,1.0,ok,False
enphase_monitor,2026-04-23 21:00:00,0.0,60,1.0,ok,False
enphase_monitor,2026-04-23 22:00:00,0.0,60,1.0,ok,False
enphase_monitor,2026-04-23 23:00:00,0.0,59,1.0,ok,False
enphase_monitor,2026-04-24 00:00:00,0.0,60,1.0,ok,True
enphase_monitor,2026-04-24 01:00:00,0.0,60,1.0,ok,False
enphase_monitor,2026-04-24 02:00:00,0.0,57,1.0,ok,False
enphase_monitor,2026-04-24 03:00:00,0.0,57,1.0,ok,False
enphase_monitor,2026-04-24 04:00:00,0.0,60,1.0,ok,False
enphase_monitor,2026-04-24 05:00:00,0.0,60,1.0,ok,False
enphase_monitor,2026-04-24 06:00:00,44.0,60,1.0,ok,False
enphase_monitor,2026-04-24 07:00:00,301.0,59,1.0,ok,False
enphase_monitor,2026-04-24 08:00:00,775.0,56,1.0,ok,False
enphase_monitor,2026-04-24 09:00:00,1489.0,60,1.0,ok,False
enphase_monitor,2026-04-24 10:00:00,2215.0,55,1.0,ok,False
enphase_monitor,2026-04-24 11:00:00,2224.0,43,1.0,ok,False
enphase_monitor,2026-04-24 12:00:00,2383.0,57,1.0,ok,False
enphase_monitor,2026-04-24 13:00:00,2181.0,57,1.0,ok,False
enphase_monitor,2026-04-24 14:00:00,1503.0,57,1.0,ok,False
enphase_monitor,2026-04-24 15:00:00,1042.0,60,1.0,ok,False
enphase_monitor,2026-04-24 16:00:00,329.0,59,1.0,ok,False
enphase_monitor,2026-04-24 17:00:00,288.0,60,1.0,ok,False
enphase_monitor,2026-04-24 18:00:00,6.0,50,1.0,ok,False
enphase_monitor,2026-04-24 19:00:00,0.0,37,1.0,ok,False
enphase_monitor,2026-04-24 20:00:00,0.0,53,1.0,ok,False
enphase_monitor,2026-04-24 21:00:00,0.0,58,1.0,ok,False
enphase_monitor,2026-04-24 22:00:00,0.0,59,1.0,ok,False
enphase_monitor,2026-04-24 23:00:00,0.0,59,1.0,ok,False
enphase_monitor,2026-04-25 00:00:00,0.0,50,1.0,ok,True
enphase_monitor,2026-04-25 01:00:00,0.0,58,1.0,ok,False
enphase_monitor,2026-04-25 02:00:00,0.0,60,1.0,ok,False
enphase_monitor,2026-04-25 03:00:00,0.0,60,1.0,ok,False
enphase_monitor,2026-04-25 04:00:00,0.0,59,1.0,ok,False
enphase_monitor,2026-04-25 05:00:00,0.0,60,1.0,ok,False
enphase_monitor,2026-04-25 06:00:00,32.0,58,1.0,ok,False
enphase_monitor,2026-04-25 07:00:00,358.0,60,1.0,ok,False
enphase_monitor,2026-04-25 08:00:00,1002.0,60,1.0,ok,False
enphase_monitor,2026-04-25 09:00:00,2206.0,54,1.0,ok,False
enphase_monitor,2026-04-25 10:00:00,2621.0,59,1.0,ok,False
enphase_monitor,2026-04-25 11:00:00,2080.0,58,1.0,ok,False
enphase_monitor,2026-04-25 12:00:00,3051.0,59,1.0,ok,False
enphase_monitor,2026-04-25 13:00:00,901.0,58,1.0,ok,False
enphase_monitor,2026-04-25 14:00:00,1408.0,60,1.0,ok,False
enphase_monitor,2026-04-25 15:00:00,1837.0,60,1.0,ok,False
enphase_monitor,2026-04-25 16:00:00,837.0,59,1.0,ok,False
enphase_monitor,2026-04-25 17:00:00,63.0,59,1.0,ok,False
enphase_monitor,2026-04-25 18:00:00,0.0,59,1.0,ok,False
enphase_monitor,2026-04-25 19:00:00,0.0,60,1.0,ok,False
enphase_monitor,2026-04-25 20:00:00,0.0,6,1.0,ok,False
enphase_monitor,2026-04-25 22:00:00,0.0,41,2.0,hueco,False
enphase_monitor,2026-04-25 23:00:00,0.0,60,1.0,ok,False
enphase_monitor,2026-04-26 00:00:00,0.0,60,1.0,ok,True
enphase_monitor,2026-04-26 01:00:00,0.0,60,1.0,ok,False
enphase_monitor,2026-04-26 02:00:00,0.0,59,1.0,ok,False
enphase_monitor,2026-04-26 03:00:00,0.0,60,1.0,ok,False
enphase_monitor,2026-04-26 04:00:00,0.0,60,1.0,ok,False
enphase_monitor,2026-04-26 05:00:00,6.0,59,1.0,ok,False
enphase_monitor,2026-04-26 06:00:00,84.0,60,1.0,ok,False
enphase_monitor,2026-04-26 07:00:00,355.0,60,1.0,ok,False
enphase_monitor,2026-04-26 08:00:00,919.0,60,1.0,ok,False
enphase_monitor,2026-04-26 09:00:00,1893.0,60,1.0,ok,False
enphase_monitor,2026-04-26 10:00:00,2831.0,59,1.0,ok,False
enphase_monitor,2026-04-26 11:00:00,2973.0,60,1.0,ok,False
enphase_monitor,2026-04-26 12:00:00,3021.0,60,1.0,ok,False
enphase_monitor,2026-04-26 13:00:00,2880.0,60,1.0,ok,False
enphase_monitor,2026-04-26 14:00:00,1290.0,60,1.0,ok,False
enphase_monitor,2026-04-26 15:00:00,15.0,60,1.0,ok,False
enphase_monitor,2026-04-26 16:00:00,31.0,60,1.0,ok,False
enphase_monitor,2026-04-26 17:00:00,43.0,59,1.0,ok,False
enphase_monitor,2026-04-26 18:00:00,6.0,49,1.0,ok,False
enphase_monitor,2026-04-26 19:00:00,0.0,14,1.0,ok,False
enphase_monitor,2026-04-26 20:00:00,0.0,28,1.0,ok,False
enphase_monitor,2026-04-26 21:00:00,0.0,60,1.0,ok,False
enphase_monitor,2026-04-26 22:00:00,0.0,53,1.0,ok,False
enphase_monitor,2026-04-26 23:00:00,0.0,57,1.0,ok,False
enphase_monitor,2026-04-27 00:00:00,0.0,52,1.0,ok,True
enphase_monitor,2026-04-27 01:00:00,0.0,58,1.0,ok,False
enphase_monitor,2026-04-27 02:00:00,0.0,58,1.0,ok,False
enphase_monitor,2026-04-27 03:00:00,0.0,60,1.0,ok,False
enphase_monitor,2026-04-27 04:00:00,0.0,60,1.0,ok,False
enphase_monitor,2026-04-27 05:00:00,0.0,60,1.0,ok,False
enphase_monitor,2026-04-27 06:00:00,14.0,47,1.0,ok,False
enphase_monitor,2026-04-27 07:00:00,471.0,55,1.0,ok,False
enphase_monitor,2026-04-27 08:00:00,1041.0,55,1.0,ok,False
enphase_monitor,2026-04-27 09:00:00,2205.0,56,1.0,ok,False
enphase_monitor,2026-04-27 10:00:00,2375.0,59,1.0,ok,False
enphase_monitor,2026-04-27 11:00:00,2646.0,60,1.0,ok,False
enphase_monitor,2026-04-27 12:00:00,3136.0,58,1.0,ok,False
enphase_monitor,2026-04-27 13:00:00,2226.0,60,1.0,ok,False
enphase_monitor,2026-04-27 14:00:00,936.0,59,1.0,ok,False
enphase_monitor,2026-04-27 15:00:00,42.0,51,1.0,ok,False
enphase_monitor,2026-04-27 16:00:00,74.0,54,1.0,ok,False
enphase_monitor,2026-04-27 17:00:00,103.0,41,1.0,ok,False
enphase_monitor,2026-04-27 18:00:00,18.0,54,1.0,ok,False
enphase_monitor,2026-04-27 19:00:00,0.0,59,1.0,ok,False
enphase_monitor,2026-04-27 20:00:00,0.0,52,1.0,ok,False
enphase_monitor,2026-04-27 21:00:00,0.0,29,1.0,ok,False
enphase_monitor,2026-04-27 22:00:00,0.0,37,1.0,ok,False
enphase_monitor,2026-04-27 23:00:00,0.0,53,1.0,ok,False
enphase_monitor,2026-04-28 00:00:00,0.0,59,1.0,ok,True
enphase_monitor,2026-04-28 01:00:00,0.0,58,1.0,ok,False
enphase_monitor,2026-04-28 02:00:00,0.0,55,1.0,ok,False
enphase_monitor,2026-04-28 03:00:00,0.0,57,1.0,ok,False
enphase_monitor,2026-04-28 04:00:00,0.0,57,1.0,ok,False
enphase_monitor,2026-04-28 05:00:00,0.0,58,1.0,ok,False
enphase_monitor,2026-04-28 06:00:00,87.0,41,1.0,ok,False
enphase_monitor,2026-04-28 07:00:00,213.0,54,1.0,ok,False
enphase_monitor,2026-04-28 08:00:00,234.0,49,1.0,ok,False
enphase_monitor,2026-04-28 09:00:00,1260.0,46,1.0,ok,False
enphase_monitor,2026-04-28 10:00:00,2093.0,57,1.0,ok,False
enphase_monitor,2026-04-28 11:00:00,2733.0,56,1.0,ok,False
enphase_monitor,2026-04-28 12:00:00,2717.0,58,1.0,ok,False
enphase_monitor,2026-04-28 13:00:00,1692.0,40,1.0,ok,False
enphase_monitor,2026-04-28 14:00:00,1954.0,60,1.0,ok,False
enphase_monitor,2026-04-28 16:00:00,1148.0,37,2.0,hueco,False
enphase_monitor,2026-04-28 17:00:00,80.0,23,1.0,ok,False
enphase_monitor,2026-04-28 18:00:00,5.0,47,1.0,ok,False
enphase_monitor,2026-04-28 19:00:00,0.0,60,1.0,ok,False
enphase_monitor,2026-04-28 20:00:00,0.0,58,1.0,ok,False
enphase_monitor,2026-04-28 21:00:00,0.0,60,1.0,ok,False
enphase_monitor,2026-04-28 22:00:00,0.0,60,1.0,ok,False
enphase_monitor,2026-04-28 23:00:00,0.0,59,1.0,ok,False
enphase_monitor,2026-04-29 00:00:00,0.0,60,1.0,ok,True
enphase_monitor,2026-04-29 01:00:00,0.0,60,1.0,ok,False
enphase_monitor,2026-04-29 02:00:00,0.0,60,1.0,ok,False
enphase_monitor,2026-04-29 03:00:00,0.0,59,1.0,ok,False
enphase_monitor,2026-04-29 04:00:00,0.0,59,1.0,ok,False
enphase_monitor,2026-04-29 05:00:00,0.0,60,1.0,ok,False
enphase_monitor,2026-04-29 06:00:00,41.0,57,1.0,ok,False
enphase_monitor,2026-04-29 07:00:00,235.0,37,1.0,ok,False
enphase_monitor,2026-04-29 08:00:00,423.0,42,1.0,ok,False
enphase_monitor,2026-04-29 09:00:00,805.0,59,1.0,ok,False
enphase_monitor,2026-04-29 10:00:00,1713.0,60,1.0,ok,False
enphase_monitor,2026-04-29 11:00:00,1825.0,60,1.0,ok,False
enphase_monitor,2026-04-29 12:00:00,1481.0,57,1.0,ok,False
enphase_monitor,2026-04-29 13:00:00,1572.0,60,1.0,ok,False
enphase_monitor,2026-04-29 14:00:00,1614.0,60,1.0,ok,False
enphase_monitor,2026-04-29 15:00:00,775.0,59,1.0,ok,False
enphase_monitor,2026-04-29 16:00:00,407.0,60,1.0,ok,False
enphase_monitor,2026-04-29 17:00:00,135.0,60,1.0,ok,False
enphase_monitor,2026-04-29 18:00:00,5.0,59,1.0,ok,False
enphase_monitor,2026-04-29 19:00:00,0.0,60,1.0,ok,False
enphase_monitor,2026-04-29 20:00:00,0.0,60,1.0,ok,False
enphase_monitor,2026-04-29 21:00:00,0.0,58,1.0,ok,False
enphase_monitor,2026-04-29 22:00:00,0.0,60,1.0,ok,False
enphase_monitor,2026-04-29 23:00:00,0.0,60,1.0,ok,False
enphase_monitor,2026-04-30 00:00:00,0.0,60,1.0,ok,True
enphase_monitor,2026-04-30 01:00:00,0.0,58,1.0,ok,False
enphase_monitor,2026-04-30 02:00:00,0.0,59,1.0,ok,False
enphase_monitor,2026-04-30 03:00:00,0.0,60,1.0,ok,False
enphase_monitor,2026-04-30 04:00:00,0.0,59,1.0,ok,False
enphase_monitor,2026-04-30 05:00:00,0.0,59,1.0,ok,False
enphase_monitor,2026-04-30 06:00:00,118.0,60,1.0,ok,False
enphase_monitor,2026-04-30 07:00:00,320.0,53,1.0,ok,False
enphase_monitor,2026-04-30 08:00:00,912.0,39,1.0,ok,False
enphase_monitor,2026-04-30 09:00:00,1124.0,55,1.0,ok,False
enphase_monitor,2026-04-30 10:00:00,2321.0,60,1.0,ok,False
enphase_monitor,2026-04-30 11:00:00,2667.0,59,1.0,ok,False
enphase_monitor,2026-04-30 12:00:00,2466.0,59,1.0,ok,False
enphase_monitor,2026-04-30 13:00:00,2026.0,59,1.0,ok,False
enphase_monitor,2026-04-30 14:00:00,880.0,58,1.0,ok,False
enphase_monitor,2026-04-30 15:00:00,595.0,55,1.0,ok,False
enphase_monitor,2026-04-30 16:00:00,223.0,55,1.0,ok,False
enphase_monitor,2026-04-30 17:00:00,126.0,53,1.0,ok,False
enphase_monitor,2026-04-30 18:00:00,0.0,58,1.0,ok,False
enphase_monitor,2026-04-30 19:00:00,0.0,59,1.0,ok,False
enphase_monitor,2026-04-30 20:00:00,0.0,59,1.0,ok,False
enphase_monitor,2026-04-30 21:00:00,0.0,59,1.0,ok,False
enphase_monitor,2026-04-30 22:00:00,0.0,59,1.0,ok,False
enphase_monitor,2026-04-30 23:00:00,0.0,54,1.0,ok,False
enphase_monitor,2026-05-01 00:00:00,0.0,59,1.0,ok,True
enphase_monitor,2026-05-01 01:00:00,0.0,60,1.0,ok,False
enphase_monitor,2026-05-01 02:00:00,0.0,59,1.0,ok,False
enphase_monitor,2026-05-01 03:00:00,0.0,60,1.0,ok,False
enphase_monitor,2026-05-01 04:00:00,0.0,60,1.0,ok,False
enphase_monitor,2026-05-01 05:00:00,0.0,60,1.0,ok,False
enphase_monitor,2026-05-01 06:00:00,60.0,59,1.0,ok,False
enphase_monitor,2026-05-01 07:00:00,511.0,60,1.0,ok,False
enphase_monitor,2026-05-01 08:00:00,1194.0,60,1.0,ok,False
enphase_monitor,2026-05-01 09:00:00,1410.0,60,1.0,ok,False
enphase_monitor,2026-05-01 10:00:00,2326.0,57,1.0,ok,False
enphase_monitor,2026-05-01 11:00:00,2657.0,57,1.0,ok,False
enphase_monitor,2026-05-01 12:00:00,2722.0,60,1.0,ok,False
enphase_monitor,2026-05-01 13:00:00,2504.0,60,1.0,ok,False
enphase_monitor,2026-05-01 14:00:00,1246.0,59,1.0,ok,False
enphase_monitor,2026-05-01 15:00:00,864.0,60,1.0,ok,False
enphase_monitor,2026-05-01 16:00:00,414.0,58,1.0,ok,False
enphase_monitor,2026-05-01 17:00:00,142.0,51,1.0,ok,False
enphase_monitor,2026-05-01 18:00:00,0.0,52,1.0,ok,False
enphase_monitor,2026-05-01 19:00:00,0.0,60,1.0,ok,False
enphase_monitor,2026-05-01 20:00:00,0.0,58,1.0,ok,False
enphase_monitor,2026-05-01 21:00:00,0.0,59,1.0,ok,False
enphase_monitor,2026-05-01 22:00:00,0.0,60,1.0,ok,False
enphase_monitor,2026-05-01 23:00:00,0.0,60,1.0,ok,False
enphase_monitor,2026-05-02 00:00:00,0.0,60,1.0,ok,True
enphase_monitor,2026-05-02 01:00:00,0.0,59,1.0,ok,False
enphase_monitor,2026-05-02 02:00:00,0.0,60,1.0,ok,False
enphase_monitor,2026-05-02 03:00:00,0.0,59,1.0,ok,False
enphase_monitor,2026-05-02 04:00:00,0.0,60,1.0,ok,False
enphase_monitor,2026-05-02 05:00:00,0.0,60,1.0,ok,False
enphase_monitor,2026-05-02 06:00:00,57.0,59,1.0,ok,False
enphase_monitor,2026-05-02 07:00:00,414.0,60,1.0,ok,False
enphase_monitor,2026-05-02 08:00:00,733.0,57,1.0,ok,False
enphase_monitor,2026-05-02 09:00:00,918.0,60,1.0,ok,False
enphase_monitor,2026-05-02 10:00:00,1403.0,60,1.0,ok,False
enphase_monitor,2026-05-02 11:00:00,1043.0,59,1.0,ok,False
enphase_monitor,2026-05-02 12:00:00,1267.0,60,1.0,ok,False
enphase_monitor,2026-05-02 13:00:00,368.0,60,1.0,ok,False
enphase_monitor,2026-05-02 14:00:00,280.0,60,1.0,ok,False
enphase_monitor,2026-05-02 15:00:00,526.0,58,1.0,ok,False
enphase_monitor,2026-05-02 16:00:00,330.0,60,1.0,ok,False
enphase_monitor,2026-05-02 17:00:00,68.0,60,1.0,ok,False
enphase_monitor,2026-05-02 18:00:00,0.0,59,1.0,ok,False
enphase_monitor,2026-05-02 19:00:00,0.0,60,1.0,ok,False
enphase_monitor,2026-05-02 20:00:00,0.0,60,1.0,ok,False
enphase_monitor,2026-05-02 21:00:00,0.0,60,1.0,ok,False
enphase_monitor,2026-05-02 22:00:00,0.0,59,1.0,ok,False
enphase_monitor,2026-05-02 23:00:00,0.0,60,1.0,ok,False
enphase_monitor,2026-05-03 00:00:00,0.0,60,1.0,ok,True
enphase_monitor,2026-05-03 01:00:00,0.0,60,1.0,ok,False
enphase_monitor,2026-05-03 02:00:00,0.0,60,1.0,ok,False
enphase_monitor,2026-05-03 03:00:00,0.0,59,1.0,ok,False
enphase_monitor,2026-05-03 04:00:00,0.0,60,1.0,ok,False
enphase_monitor,2026-05-03 05:00:00,0.0,60,1.0,ok,False
enphase_monitor,2026-05-03 06:00:00,173.0,60,1.0,ok,False
enphase_monitor,2026-05-03 07:00:00,620.0,59,1.0,ok,False
enphase_monitor,2026-05-03 08:00:00,1120.0,60,1.0,ok,False
enphase_monitor,2026-05-03 09:00:00,2074.0,59,1.0,ok,False
enphase_monitor,2026-05-03 10:00:00,2406.0,60,1.0,ok,False
enphase_monitor,2026-05-03 11:00:00,2241.0,60,1.0,ok,False
enphase_monitor,2026-05-03 12:00:00,3024.0,60,1.0,ok,False
enphase_monitor,2026-05-03 13:00:00,2585.0,60,1.0,ok,False
enphase_monitor,2026-05-03 14:00:00,2006.0,59,1.0,ok,False
enphase_monitor,2026-05-03 15:00:00,1612.0,60,1.0,ok,False
enphase_monitor,2026-05-03 16:00:00,502.0,60,1.0,ok,False
enphase_monitor,2026-05-03 17:00:00,64.0,59,1.0,ok,False
enphase_monitor,2026-05-03 18:00:00,1.0,60,1.0,ok,False
enphase_monitor,2026-05-03 19:00:00,0.0,60,1.0,ok,False
enphase_monitor,2026-05-03 20:00:00,0.0,59,1.0,ok,False
enphase_monitor,2026-05-03 21:00:00,0.0,60,1.0,ok,False
enphase_monitor,2026-05-03 22:00:00,0.0,60,1.0,ok,False
enphase_monitor,2026-05-03 23:00:00,0.0,59,1.0,ok,False
enphase_monitor,2026-05-04 00:00:00,0.0,60,1.0,ok,True
enphase_monitor,2026-05-04 01:00:00,0.0,60,1.0,ok,False
enphase_monitor,2026-05-04 02:00:00,0.0,60,1.0,ok,False
enphase_monitor,2026-05-04 03:00:00,0.0,59,1.0,ok,False
enphase_monitor,2026-05-04 04:00:00,0.0,60,1.0,ok,False
enphase_monitor,2026-05-04 05:00:00,0.0,59,1.0,ok,False
enphase_monitor,2026-05-04 06:00:00,62.0,60,1.0,ok,False
enphase_monitor,2026-05-04 07:00:00,351.0,59,1.0,ok,False
enphase_monitor,2026-05-04 08:00:00,704.0,60,1.0,ok,False
enphase_monitor,2026-05-04 09:00:00,976.0,60,1.0,ok,False
enphase_monitor,2026-05-04 10:00:00,2187.0,59,1.0,ok,False
enphase_monitor,2026-05-04 11:00:00,2722.0,60,1.0,ok,False
enphase_monitor,2026-05-04 12:00:00,2999.0,60,1.0,ok,False
enphase_monitor,2026-05-04 13:00:00,2890.0,60,1.0,ok,False
enphase_monitor,2026-05-04 14:00:00,2484.0,58,1.0,ok,False
enphase_monitor,2026-05-04 15:00:00,1539.0,60,1.0,ok,False
enphase_monitor,2026-05-04 16:00:00,435.0,60,1.0,ok,False
enphase_monitor,2026-05-04 17:00:00,73.0,59,1.0,ok,False
enphase_monitor,2026-05-04 18:00:00,0.0,59,1.0,ok,False
enphase_monitor,2026-05-04 19:00:00,0.0,59,1.0,ok,False
enphase_monitor,2026-05-04 20:00:00,0.0,60,1.0,ok,False
enphase_monitor,2026-05-04 21:00:00,0.0,59,1.0,ok,False
enphase_monitor,2026-05-04 22:00:00,0.0,59,1.0,ok,False
enphase_monitor,2026-05-04 23:00:00,0.0,60,1.0,ok,False
enphase_monitor,2026-05-05 00:00:00,0.0,59,1.0,ok,True
enphase_monitor,2026-05-05 01:00:00,0.0,60,1.0,ok,False
enphase_monitor,2026-05-05 02:00:00,0.0,60,1.0,ok,False
enphase_monitor,2026-05-05 03:00:00,0.0,60,1.0,ok,False
enphase_monitor,2026-05-05 04:00:00,0.0,56,1.0,ok,False
enphase_monitor,2026-05-05 05:00:00,0.0,49,1.0,ok,False
enphase_monitor,2026-05-05 06:00:00,150.0,48,1.0,ok,False
enphase_monitor,2026-05-05 07:00:00,757.0,60,1.0,ok,False
enphase_monitor,2026-05-05 08:00:00,1369.0,60,1.0,ok,False
enphase_monitor,2026-05-05 09:00:00,1700.0,59,1.0,ok,False
enphase_monitor,2026-05-05 10:00:00,2979.0,58,1.0,ok,False
enphase_monitor,2026-05-05 11:00:00,1955.0,60,1.0,ok,False
enphase_monitor,2026-05-05 12:00:00,2660.0,59,1.0,ok,False
enphase_monitor,2026-05-05 13:00:00,1230.0,60,1.0,ok,False
enphase_monitor,2026-05-05 14:00:00,2421.0,59,1.0,ok,False
enphase_monitor,2026-05-05 15:00:00,1349.0,59,1.0,ok,False
enphase_monitor,2026-05-05 16:00:00,297.0,60,1.0,ok,False
enphase_monitor,2026-05-05 17:00:00,44.0,59,1.0,ok,False
enphase_monitor,2026-05-05 18:00:00,5.0,60,1.0,ok,False
enphase_monitor,2026-05-05 19:00:00,0.0,57,1.0,ok,False
enphase_monitor,2026-05-05 20:00:00,0.0,60,1.0,ok,False
enphase_monitor,2026-05-05 21:00:00,0.0,60,1.0,ok,False
enphase_monitor,2026-05-05 22:00:00,0.0,60,1.0,ok,False
enphase_monitor,2026-05-05 23:00:00,0.0,59,1.0,ok,False
enphase_monitor,2026-05-06 00:00:00,0.0,60,1.0,ok,True
enphase_monitor,2026-05-06 01:00:00,0.0,59,1.0,ok,False
enphase_monitor,2026-05-06 02:00:00,0.0,60,1.0,ok,False
enphase_monitor,2026-05-06 03:00:00,0.0,59,1.0,ok,False
enphase_monitor,2026-05-06 04:00:00,0.0,60,1.0,ok,False
enphase_monitor,2026-05-06 05:00:00,0.0,60,1.0,ok,False
enphase_monitor,2026-05-06 06:00:00,54.0,58,1.0,ok,False
enphase_monitor,2026-05-06 07:00:00,489.0,55,1.0,ok,False
enphase_monitor,2026-05-06 08:00:00,862.0,58,1.0,ok,False
enphase_monitor,2026-05-06 09:00:00,1352.0,40,1.0,ok,False
enphase_monitor,2026-05-06 10:00:00,1798.0,42,1.0,ok,False
enphase_monitor,2026-05-06 11:00:00,1754.0,39,1.0,ok,False
enphase_monitor,2026-05-06 12:00:00,2749.0,34,1.0,ok,False
enphase_monitor,2026-05-06 13:00:00,1607.0,50,1.0,ok,False
enphase_monitor,2026-05-06 14:00:00,1630.0,56,1.0,ok,False
enphase_monitor,2026-05-06 15:00:00,956.0,57,1.0,ok,False
enphase_monitor,2026-05-06 16:00:00,962.0,55,1.0,ok,False
enphase_monitor,2026-05-06 17:00:00,174.0,51,1.0,ok,False
enphase_monitor,2026-05-06 18:00:00,10.0,59,1.0,ok,False
enphase_monitor,2026-05-06 20:00:00,0.0,31,2.0,hueco,False
enphase_monitor,2026-05-06 21:00:00,0.0,60,1.0,ok,False
enphase_monitor,2026-05-06 22:00:00,0.0,56,1.0,ok,False
enphase_monitor,2026-05-06 23:00:00,0.0,60,1.0,ok,False
enphase_monitor,2026-05-07 00:00:00,0.0,59,1.0,ok,True
enphase_monitor,2026-05-07 01:00:00,0.0,60,1.0,ok,False
enphase_monitor,2026-05-07 02:00:00,0.0,41,1.0,ok,False
enphase_monitor,2026-05-07 04:00:00,0.0,16,2.0,hueco,False
enphase_monitor,2026-05-07 05:00:00,0.0,60,1.0,ok,False
enphase_monitor,2026-05-07 06:00:00,67.0,56,1.0,ok,False
enphase_monitor,2026-05-07 07:00:00,489.0,60,1.0,ok,False
enphase_monitor,2026-05-07 08:00:00,1053.0,58,1.0,ok,False
enphase_monitor,2026-05-07 09:00:00,2086.0,60,1.0,ok,False
enphase_monitor,2026-05-07 10:00:00,1964.0,60,1.0,ok,False
enphase_monitor,2026-05-07 11:00:00,2774.0,60,1.0,ok,False
enphase_monitor,2026-05-07 12:00:00,2449.0,59,1.0,ok,False
enphase_monitor,2026-05-07 13:00:00,2187.0,45,1.0,ok,False
enphase_monitor,2026-05-07 14:00:00,1759.0,59,1.0,ok,False
enphase_monitor,2026-05-07 15:00:00,0.0,1,1.0,ok,False
enphase_monitor,2026-05-07 16:00:00,2141.0,37,1.0,ok,False
enphase_monitor,2026-05-07 17:00:00,135.0,60,1.0,ok,False
enphase_monitor,2026-05-07 18:00:00,0.0,25,1.0,ok,False
enphase_monitor,2026-05-08 15:00:00,8977.0,59,21.0,hueco,True
enphase_monitor,2026-05-08 16:00:00,423.0,60,1.0,ok,False
enphase_monitor,2026-05-08 17:00:00,0.0,3,1.0,ok,False
enphase_monitor,2026-05-09 01:00:00,0.0,9,8.0,hueco,True
enphase_monitor,2026-05-09 02:00:00,0.0,60,1.0,ok,False
enphase_monitor,2026-05-09 03:00:00,0.0,54,1.0,ok,False
enphase_monitor,2026-05-09 07:00:00,585.0,25,4.0,hueco,False
enphase_monitor,2026-05-09 08:00:00,1192.0,60,1.0,ok,False
enphase_monitor,2026-05-09 09:00:00,855.0,38,1.0,ok,False
enphase_monitor,2026-05-09 20:00:00,16034.0,52,11.0,hueco,False
enphase_monitor,2026-05-09 21:00:00,0.0,59,1.0,ok,False
enphase_monitor,2026-05-09 22:00:00,0.0,11,1.0,ok,False
enphase_monitor,2026-05-09 23:00:00,0.0,50,1.0,ok,False
enphase_monitor,2026-05-10 00:00:00,0.0,53,1.0,ok,True
enphase_monitor,2026-05-10 01:00:00,0.0,8,1.0,ok,False
enphase_monitor,2026-05-10 09:00:00,1919.0,1,8.0,hueco,False
enphase_monitor,2026-05-10 10:00:00,1467.0,50,1.0,ok,False
enphase_monitor,2026-05-10 11:00:00,1979.0,59,1.0,ok,False
enphase_monitor,2026-05-10 20:00:00,7830.0,29,9.0,hueco,False
enphase_monitor,2026-05-10 21:00:00,0.0,59,1.0,ok,False
enphase_monitor,2026-05-10 22:00:00,0.0,34,1.0,ok,False
enphase_monitor,2026-05-10 23:00:00,0.0,16,1.0,ok,False
enphase_monitor,2026-05-11 00:00:00,0.0,60,1.0,ok,True
enphase_monitor,2026-05-11 01:00:00,0.0,46,1.0,ok,False
enphase_monitor,2026-05-11 03:00:00,0.0,58,2.0,hueco,False
enphase_monitor,2026-05-11 04:00:00,0.0,59,1.0,ok,False
enphase_monitor,2026-05-11 05:00:00,0.0,60,1.0,ok,False
enphase_monitor,2026-05-11 06:00:00,50.0,59,1.0,ok,False
enphase_monitor,2026-05-11 07:00:00,309.0,59,1.0,ok,False
enphase_monitor,2026-05-11 08:00:00,919.0,60,1.0,ok,False
enphase_monitor,2026-05-11 09:00:00,1634.0,14,1.0,ok,False
enphase_monitor,2026-05-11 10:00:00,2298.0,46,1.0,ok,False
enphase_monitor,2026-05-11 11:00:00,2141.0,51,1.0,ok,False
enphase_monitor,2026-05-11 12:00:00,1196.0,60,1.0,ok,False
enphase_monitor,2026-05-11 13:00:00,1156.0,60,1.0,ok,False
enphase_monitor,2026-05-11 14:00:00,887.0,59,1.0,ok,False
enphase_monitor,2026-05-11 15:00:00,1008.0,59,1.0,ok,False
enphase_monitor,2026-05-11 16:00:00,266.0,59,1.0,ok,False
enphase_monitor,2026-05-11 17:00:00,156.0,60,1.0,ok,False
enphase_monitor,2026-05-11 18:00:00,4.0,60,1.0,ok,False
enphase_monitor,2026-05-11 19:00:00,0.0,50,1.0,ok,False
enphase_monitor,2026-05-11 20:00:00,0.0,57,1.0,ok,False
enphase_monitor,2026-05-11 21:00:00,0.0,54,1.0,ok,False
enphase_monitor,2026-05-11 22:00:00,0.0,59,1.0,ok,False
enphase_monitor,2026-05-11 23:00:00,0.0,60,1.0,ok,False
enphase_monitor,2026-05-12 00:00:00,0.0,60,1.0,ok,True
enphase_monitor,2026-05-12 01:00:00,0.0,58,1.0,ok,False
enphase_monitor,2026-05-12 02:00:00,0.0,59,1.0,ok,False
enphase_monitor,2026-05-12 03:00:00,0.0,52,1.0,ok,False
enphase_monitor,2026-05-12 04:00:00,0.0,1,1.0,ok,False
enphase_monitor,2026-05-12 05:00:00,0.0,1,1.0,ok,False
enphase_monitor,2026-05-12 06:00:00,49.0,56,1.0,ok,False
enphase_monitor,2026-05-12 07:00:00,610.0,59,1.0,ok,False
enphase_monitor,2026-05-12 08:00:00,941.0,60,1.0,ok,False
enphase_monitor,2026-05-12 09:00:00,2064.0,60,1.0,ok,False
enphase_monitor,2026-05-12 10:00:00,2314.0,59,1.0,ok,False
enphase_monitor,2026-05-12 11:00:00,1386.0,60,1.0,ok,False
enphase_monitor,2026-05-12 12:00:00,1221.0,59,1.0,ok,False
enphase_monitor,2026-05-12 13:00:00,788.0,59,1.0,ok,False
enphase_monitor,2026-05-12 14:00:00,320.0,59,1.0,ok,False
enphase_monitor,2026-05-12 15:00:00,1295.0,59,1.0,ok,False
enphase_monitor,2026-05-12 16:00:00,495.0,59,1.0,ok,False
enphase_monitor,2026-05-12 17:00:00,130.0,59,1.0,ok,False
enphase_monitor,2026-05-12 18:00:00,6.0,47,1.0,ok,False
enphase_monitor,2026-05-12 19:00:00,0.0,35,1.0,ok,False
enphase_monitor,2026-05-12 20:00:00,0.0,43,1.0,ok,False
enphase_monitor,2026-05-12 21:00:00,0.0,60,1.0,ok,False
enphase_monitor,2026-05-12 22:00:00,0.0,60,1.0,ok,False
enphase_monitor,2026-05-12 23:00:00,0.0,59,1.0,ok,False
enphase_monitor,2026-05-13 00:00:00,0.0,60,1.0,ok,True
enphase_monitor,2026-05-13 01:00:00,0.0,60,1.0,ok,False
enphase_monitor,2026-05-13 02:00:00,0.0,60,1.0,ok,False
enphase_monitor,2026-05-13 03:00:00,0.0,59,1.0,ok,False
enphase_monitor,2026-05-13 04:00:00,0.0,60,1.0,ok,False
enphase_monitor,2026-05-13 05:00:00,0.0,60,1.0,ok,False
enphase_monitor,2026-05-13 06:00:00,91.0,59,1.0,ok,False
enphase_monitor,2026-05-13 07:00:00,420.0,60,1.0,ok,False
enphase_monitor,2026-05-13 08:00:00,781.0,58,1.0,ok,False
enphase_monitor,2026-05-13 09:00:00,1197.0,55,1.0,ok,False
enphase_monitor,2026-05-13 10:00:00,1591.0,60,1.0,ok,False
enphase_monitor,2026-05-13 11:00:00,2052.0,59,1.0,ok,False
enphase_monitor,2026-05-13 12:00:00,1760.0,59,1.0,ok,False
enphase_monitor,2026-05-13 13:00:00,945.0,60,1.0,ok,False
enphase_monitor,2026-05-13 14:00:00,1782.0,60,1.0,ok,False
enphase_monitor,2026-05-13 16:00:00,1639.0,44,2.0,hueco,False
enphase_monitor,2026-05-13 17:00:00,116.0,60,1.0,ok,False
enphase_monitor,2026-05-13 18:00:00,0.0,60,1.0,ok,False
enphase_monitor,2026-05-13 19:00:00,0.0,59,1.0,ok,False
enphase_monitor,2026-05-13 20:00:00,0.0,60,1.0,ok,False
enphase_monitor,2026-05-13 21:00:00,0.0,60,1.0,ok,False
enphase_monitor,2026-05-13 22:00:00,0.0,60,1.0,ok,False
enphase_monitor,2026-05-13 23:00:00,0.0,59,1.0,ok,False
enphase_monitor,2026-05-14 00:00:00,0.0,60,1.0,ok,True
enphase_monitor,2026-05-14 01:00:00,0.0,60,1.0,ok,False
enphase_monitor,2026-05-14 02:00:00,0.0,60,1.0,ok,False
enphase_monitor,2026-05-14 03:00:00,0.0,60,1.0,ok,False
enphase_monitor,2026-05-14 04:00:00,0.0,58,1.0,ok,False
enphase_monitor,2026-05-14 05:00:00,0.0,60,1.0,ok,False
enphase_monitor,2026-05-14 06:00:00,96.0,60,1.0,ok,False
enphase_monitor,2026-05-14 07:00:00,489.0,60,1.0,ok,False
enphase_monitor,2026-05-14 08:00:00,614.0,59,1.0,ok,False
enphase_monitor,2026-05-14 09:00:00,1139.0,60,1.0,ok,False
enphase_monitor,2026-05-14 10:00:00,1649.0,60,1.0,ok,False
enphase_monitor,2026-05-14 11:00:00,2581.0,59,1.0,ok,False
enphase_monitor,2026-05-14 12:00:00,2269.0,60,1.0,ok,False
enphase_monitor,2026-05-14 13:00:00,2024.0,60,1.0,ok,False
enphase_monitor,2026-05-14 14:00:00,1241.0,59,1.0,ok,False
enphase_monitor,2026-05-14 15:00:00,1247.0,60,1.0,ok,False
enphase_monitor,2026-05-14 16:00:00,210.0,60,1.0,ok,False
enphase_monitor,2026-05-14 17:00:00,63.0,60,1.0,ok,False
enphase_monitor,2026-05-14 18:00:00,0.0,59,1.0,ok,False
enphase_monitor,2026-05-14 19:00:00,0.0,60,1.0,ok,False
enphase_monitor,2026-05-14 20:00:00,0.0,58,1.0,ok,False
enphase_monitor,2026-05-14 21:00:00,0.0,59,1.0,ok,False
enphase_monitor,2026-05-14 22:00:00,0.0,60,1.0,ok,False
enphase_monitor,2026-05-14 23:00:00,0.0,60,1.0,ok,False
enphase_monitor,2026-05-15 00:00:00,0.0,59,1.0,ok,True
enphase_monitor,2026-05-15 01:00:00,0.0,60,1.0,ok,False
enphase_monitor,2026-05-15 02:00:00,0.0,57,1.0,ok,False
enphase_monitor,2026-05-15 03:00:00,0.0,58,1.0,ok,False
enphase_monitor,2026-05-15 04:00:00,0.0,58,1.0,ok,False
enphase_monitor,2026-05-15 05:00:00,0.0,59,1.0,ok,False
enphase_monitor,2026-05-15 06:00:00,142.0,59,1.0,ok,False
enphase_monitor,2026-05-15 07:00:00,520.0,60,1.0,ok,False
enphase_monitor,2026-05-15 08:00:00,1160.0,59,1.0,ok,False
enphase_monitor,2026-05-15 09:00:00,2085.0,60,1.0,ok,False
enphase_monitor,2026-05-15 10:00:00,2429.0,60,1.0,ok,False
enphase_monitor,2026-05-15 11:00:00,3142.0,60,1.0,ok,False
enphase_monitor,2026-05-15 12:00:00,2807.0,59,1.0,ok,False
enphase_monitor,2026-05-15 13:00:00,2651.0,60,1.0,ok,False
enphase_monitor,2026-05-15 14:00:00,1871.0,60,1.0,ok,False
enphase_monitor,2026-05-15 15:00:00,858.0,60,1.0,ok,False
enphase_monitor,2026-05-15 16:00:00,834.0,60,1.0,ok,False
enphase_monitor,2026-05-15 17:00:00,96.0,59,1.0,ok,False
enphase_monitor,2026-05-15 18:00:00,9.0,60,1.0,ok,False
enphase_monitor,2026-05-15 19:00:00,0.0,59,1.0,ok,False
enphase_monitor,2026-05-15 20:00:00,0.0,60,1.0,ok,False
enphase_monitor,2026-05-15 21:00:00,0.0,59,1.0,ok,False
enphase_monitor,2026-05-15 22:00:00,0.0,60,1.0,ok,False
enphase_monitor,2026-05-15 23:00:00,0.0,60,1.0,ok,False
enphase_monitor,2026-05-16 00:00:00,0.0,59,1.0,ok,True
enphase_monitor,2026-05-16 01:00:00,0.0,60,1.0,ok,False
enphase_monitor,2026-05-16 02:00:00,0.0,59,1.0,ok,False
enphase_monitor,2026-05-16 03:00:00,0.0,59,1.0,ok,False
enphase_monitor,2026-05-16 04:00:00,0.0,60,1.0,ok,False
enphase_monitor,2026-05-16 05:00:00,0.0,59,1.0,ok,False
enphase_monitor,2026-05-16 06:00:00,110.0,60,1.0,ok,False
enphase_monitor,2026-05-16 07:00:00,452.0,60,1.0,ok,False
enphase_monitor,2026-05-16 08:00:00,1001.0,60,1.0,ok,False
enphase_monitor,2026-05-16 09:00:00,1337.0,60,1.0,ok,False
enphase_monitor,2026-05-16 10:00:00,1651.0,59,1.0,ok,False
enphase_monitor,2026-05-16 11:00:00,1198.0,60,1.0,ok,False
enphase_monitor,2026-05-16 12:00:00,1422.0,60,1.0,ok,False
enphase_monitor,2026-05-16 13:00:00,1291.0,59,1.0,ok,False
enphase_monitor,2026-05-16 14:00:00,403.0,3,1.0,ok,False
enphase_monitor,2026-05-16 15:00:00,1975.0,6,1.0,ok,False
enphase_monitor,2026-05-16 16:00:00,469.0,60,1.0,ok,False
enphase_monitor,2026-05-16 17:00:00,690.0,60,1.0,ok,False
enphase_monitor,2026-05-16 18:00:00,10.0,59,1.0,ok,False
enphase_monitor,2026-05-16 19:00:00,0.0,60,1.0,ok,False
enphase_monitor,2026-05-16 21:00:00,0.0,5,2.0,hueco,False
enphase_monitor,2026-05-16 22:00:00,0.0,60,1.0,ok,False
enphase_monitor,2026-05-16 23:00:00,0.0,60,1.0,ok,False
enphase_monitor,2026-05-17 00:00:00,0.0,6,1.0,ok,True
enphase_monitor,2026-05-17 02:00:00,0.0,35,2.0,hueco,False
enphase_monitor,2026-05-17 03:00:00,0.0,59,1.0,ok,False
enphase_monitor,2026-05-17 04:00:00,0.0,28,1.0,ok,False
enphase_monitor,2026-05-17 06:00:00,87.0,28,2.0,hueco,False
enphase_monitor,2026-05-17 07:00:00,338.0,60,1.0,ok,False
enphase_monitor,2026-05-17 08:00:00,527.0,60,1.0,ok,False
enphase_monitor,2026-05-17 09:00:00,1021.0,60,1.0,ok,False
enphase_monitor,2026-05-17 10:00:00,1601.0,60,1.0,ok,False
enphase_monitor,2026-05-17 11:00:00,1753.0,59,1.0,ok,False
enphase_monitor,2026-05-17 12:00:00,1561.0,59,1.0,ok,False
enphase_monitor,2026-05-17 13:00:00,1183.0,60,1.0,ok,False
enphase_monitor,2026-05-17 14:00:00,1487.0,60,1.0,ok,False
enphase_monitor,2026-05-17 15:00:00,600.0,59,1.0,ok,False
enphase_monitor,2026-05-17 16:00:00,343.0,59,1.0,ok,False
enphase_monitor,2026-05-17 17:00:00,510.0,59,1.0,ok,False
enphase_monitor,2026-05-17 18:00:00,1.0,60,1.0,ok,False
enphase_monitor,2026-05-17 19:00:00,0.0,59,1.0,ok,False
enphase_monitor,2026-05-17 20:00:00,0.0,60,1.0,ok,False
enphase_monitor,2026-05-17 21:00:00,0.0,60,1.0,ok,False
enphase_monitor,2026-05-17 22:00:00,0.0,59,1.0,ok,False
enphase_monitor,2026-05-17 23:00:00,0.0,60,1.0,ok,False
enphase_monitor,2026-05-18 00:00:00,0.0,60,1.0,ok,True
enphase_monitor,2026-05-18 01:00:00,0.0,59,1.0,ok,False
enphase_monitor,2026-05-18 02:00:00,0.0,60,1.0,ok,False
enphase_monitor,2026-05-18 03:00:00,0.0,60,1.0,ok,False
enphase_monitor,2026-05-18 04:00:00,0.0,59,1.0,ok,False
enphase_monitor,2026-05-18 05:00:00,0.0,60,1.0,ok,False
enphase_monitor,2026-05-18 06:00:00,115.0,60,1.0,ok,False
enphase_monitor,2026-05-18 07:00:00,482.0,59,1.0,ok,False
enphase_monitor,2026-05-18 08:00:00,780.0,60,1.0,ok,False
enphase_monitor,2026-05-18 09:00:00,1077.0,58,1.0,ok,False
enphase_monitor,2026-05-18 10:00:00,1463.0,60,1.0,ok,False
enphase_monitor,2026-05-18 11:00:00,1471.0,60,1.0,ok,False
enphase_monitor,2026-05-18 12:00:00,1873.0,60,1.0,ok,False
enphase_monitor,2026-05-18 13:00:00,1639.0,60,1.0,ok,False
enphase_monitor,2026-05-18 14:00:00,1822.0,59,1.0,ok,False
enphase_monitor,2026-05-18 15:00:00,948.0,60,1.0,ok,False
enphase_monitor,2026-05-18 16:00:00,649.0,60,1.0,ok,False
enphase_monitor,2026-05-18 17:00:00,43.0,59,1.0,ok,False
enphase_monitor,2026-05-18 18:00:00,0.0,60,1.0,ok,False
enphase_monitor,2026-05-18 19:00:00,0.0,60,1.0,ok,False
enphase_monitor,2026-05-18 20:00:00,0.0,59,1.0,ok,False
enphase_monitor,2026-05-18 21:00:00,0.0,60,1.0,ok,False
enphase_monitor,2026-05-18 22:00:00,0.0,60,1.0,ok,False
enphase_monitor,2026-05-18 23:00:00,0.0,59,1.0,ok,False
enphase_monitor,2026-05-19 00:00:00,0.0,60,1.0,ok,True
enphase_monitor,2026-05-19 01:00:00,0.0,60,1.0,ok,False
enphase_monitor,2026-05-19 02:00:00,0.0,59,1.0,ok,False
enphase_monitor,2026-05-19 03:00:00,0.0,60,1.0,ok,False
enphase_monitor,2026-05-19 04:00:00,0.0,60,1.0,ok,False
enphase_monitor,2026-05-19 05:00:00,0.0,59,1.0,ok,False
enphase_monitor,2026-05-19 06:00:00,44.0,60,1.0,ok,False
enphase_monitor,2026-05-19 07:00:00,332.0,59,1.0,ok,False
enphase_monitor,2026-05-19 08:00:00,478.0,60,1.0,ok,False
enphase_monitor,2026-05-19 09:00:00,643.0,60,1.0,ok,False
enphase_monitor,2026-05-19 10:00:00,779.0,60,1.0,ok,False
enphase_monitor,2026-05-19 11:00:00,998.0,60,1.0,ok,False
enphase_monitor,2026-05-19 12:00:00,1244.0,59,1.0,ok,False
enphase_monitor,2026-05-19 13:00:00,1514.0,58,1.0,ok,False
enphase_monitor,2026-05-19 14:00:00,1015.0,60,1.0,ok,False
enphase_monitor,2026-05-19 15:00:00,759.0,57,1.0,ok,False
enphase_monitor,2026-05-19 16:00:00,798.0,60,1.0,ok,False
enphase_monitor,2026-05-19 17:00:00,114.0,59,1.0,ok,False
enphase_monitor,2026-05-19 18:00:00,0.0,60,1.0,ok,False
enphase_monitor,2026-05-19 19:00:00,0.0,60,1.0,ok,False
enphase_monitor,2026-05-19 20:00:00,0.0,58,1.0,ok,False
enphase_monitor,2026-05-19 21:00:00,0.0,60,1.0,ok,False
enphase_monitor,2026-05-19 22:00:00,0.0,33,1.0,ok,False
enphase_monitor,2026-05-19 23:00:00,0.0,42,1.0,ok,False
enphase_monitor,2026-05-20 00:00:00,0.0,60,1.0,ok,True
enphase_monitor,2026-05-20 01:00:00,0.0,60,1.0,ok,False
enphase_monitor,2026-05-20 02:00:00,0.0,60,1.0,ok,False
enphase_monitor,2026-05-20 03:00:00,0.0,58,1.0,ok,False
enphase_monitor,2026-05-20 04:00:00,0.0,59,1.0,ok,False
enphase_monitor,2026-05-20 05:00:00,0.0,59,1.0,ok,False
enphase_monitor,2026-05-20 06:00:00,128.0,60,1.0,ok,False
enphase_monitor,2026-05-20 07:00:00,350.0,58,1.0,ok,False
enphase_monitor,2026-05-20 08:00:00,1009.0,59,1.0,ok,False
enphase_monitor,2026-05-20 09:00:00,2000.0,59,1.0,ok,False
enphase_monitor,2026-05-20 10:00:00,2393.0,60,1.0,ok,False
enphase_monitor,2026-05-20 11:00:00,2978.0,60,1.0,ok,False
enphase_monitor,2026-05-20 12:00:00,2161.0,59,1.0,ok,False
enphase_monitor,2026-05-20 13:00:00,2035.0,60,1.0,ok,False
enphase_monitor,2026-05-20 14:00:00,2225.0,60,1.0,ok,False
enphase_monitor,2026-05-20 15:00:00,587.0,60,1.0,ok,False
enphase_monitor,2026-05-20 16:00:00,256.0,59,1.0,ok,False
enphase_monitor,2026-05-20 17:00:00,49.0,60,1.0,ok,False
enphase_monitor,2026-05-20 18:00:00,0.0,60,1.0,ok,False
enphase_monitor,2026-05-20 20:00:00,0.0,54,2.0,hueco,False
enphase_monitor,2026-05-20 21:00:00,0.0,60,1.0,ok,False
enphase_monitor,2026-05-20 22:00:00,0.0,59,1.0,ok,False
enphase_monitor,2026-05-20 23:00:00,0.0,59,1.0,ok,False
enphase_monitor,2026-05-21 00:00:00,0.0,58,1.0,ok,True
enphase_monitor,2026-05-21 01:00:00,0.0,58,1.0,ok,False
enphase_monitor,2026-05-21 02:00:00,0.0,59,1.0,ok,False
enphase_monitor,2026-05-21 03:00:00,0.0,59,1.0,ok,False
enphase_monitor,2026-05-21 04:00:00,0.0,57,1.0,ok,False
enphase_monitor,2026-05-21 05:00:00,0.0,60,1.0,ok,False
enphase_monitor,2026-05-21 06:00:00,27.0,59,1.0,ok,False
enphase_monitor,2026-05-21 07:00:00,304.0,60,1.0,ok,False
enphase_monitor,2026-05-21 08:00:00,625.0,60,1.0,ok,False
enphase_monitor,2026-05-21 09:00:00,1272.0,59,1.0,ok,False
enphase_monitor,2026-05-21 10:00:00,1780.0,60,1.0,ok,False
enphase_monitor,2026-05-21 11:00:00,1773.0,59,1.0,ok,False
enphase_monitor,2026-05-21 12:00:00,1999.0,59,1.0,ok,False
enphase_monitor,2026-05-21 13:00:00,2335.0,60,1.0,ok,False
enphase_monitor,2026-05-21 14:00:00,1929.0,60,1.0,ok,False
enphase_monitor,2026-05-21 15:00:00,1648.0,59,1.0,ok,False
enphase_monitor,2026-05-21 16:00:00,631.0,57,1.0,ok,False
enphase_monitor,2026-05-21 17:00:00,142.0,59,1.0,ok,False
enphase_monitor,2026-05-21 18:00:00,8.0,57,1.0,ok,False
enphase_monitor,2026-05-21 19:00:00,0.0,48,1.0,ok,False
enphase_monitor,2026-05-21 20:00:00,0.0,59,1.0,ok,False
enphase_monitor,2026-05-21 21:00:00,0.0,60,1.0,ok,False
enphase_monitor,2026-05-21 22:00:00,0.0,59,1.0,ok,False
enphase_monitor,2026-05-21 23:00:00,0.0,59,1.0,ok,False
enphase_monitor,2026-05-22 00:00:00,0.0,59,1.0,ok,True
enphase_monitor,2026-05-22 01:00:00,0.0,59,1.0,ok,False
enphase_monitor,2026-05-22 02:00:00,0.0,60,1.0,ok,False
enphase_monitor,2026-05-22 03:00:00,0.0,60,1.0,ok,False
enphase_monitor,2026-05-22 04:00:00,0.0,59,1.0,ok,False
enphase_monitor,2026-05-22 05:00:00,0.0,60,1.0,ok,False
enphase_monitor,2026-05-22 06:00:00,90.0,60,1.0,ok,False
enphase_monitor,2026-05-22 07:00:00,443.0,59,1.0,ok,False
enphase_monitor,2026-05-22 08:00:00,1086.0,60,1.0,ok,False
enphase_monitor,2026-05-22 09:00:00,1389.0,57,1.0,ok,False
enphase_monitor,2026-05-22 10:00:00,1785.0,59,1.0,ok,False
enphase_monitor,2026-05-22 11:00:00,2474.0,60,1.0,ok,False
enphase_monitor,2026-05-22 12:00:00,1757.0,58,1.0,ok,False
enphase_monitor,2026-05-22 13:00:00,3294.0,60,1.0,ok,False
enphase_monitor,2026-05-22 14:00:00,2238.0,60,1.0,ok,False
enphase_monitor,2026-05-22 15:00:00,1522.0,59,1.0,ok,False
enphase_monitor,2026-05-22 16:00:00,729.0,60,1.0,ok,False
enphase_monitor,2026-05-22 17:00:00,95.0,57,1.0,ok,False
enphase_monitor,2026-05-22 18:00:00,9.0,59,1.0,ok,False
enphase_monitor,2026-05-22 19:00:00,0.0,60,1.0,ok,False
enphase_monitor,2026-05-22 20:00:00,0.0,59,1.0,ok,False
enphase_monitor,2026-05-22 21:00:00,0.0,60,1.0,ok,False
enphase_monitor,2026-05-22 22:00:00,0.0,60,1.0,ok,False
enphase_monitor,2026-05-22 23:00:00,0.0,60,1.0,ok,False
enphase_monitor,2026-05-23 00:00:00,0.0,59,1.0,ok,True
enphase_monitor,2026-05-23 01:00:00,0.0,34,1.0,ok,False
enphase_monitor,2026-05-23 03:00:00,0.0,48,2.0,hueco,False
enphase_monitor,2026-05-23 04:00:00,0.0,60,1.0,ok,False
enphase_monitor,2026-05-23 05:00:00,1.0,59,1.0,ok,False
enphase_monitor,2026-05-23 06:00:00,165.0,60,1.0,ok,False
enphase_monitor,2026-05-23 07:00:00,97.0,17,1.0,ok,False
enphase_monitor,2026-05-23 09:00:00,3140.0,47,2.0,hueco,False
enphase_monitor,2026-05-23 10:00:00,1998.0,60,1.0,ok,False
enphase_monitor,2026-05-23 11:00:00,1393.0,60,1.0,ok,False
enphase_monitor,2026-05-23 12:00:00,1165.0,59,1.0,ok,False
enphase_monitor,2026-05-23 13:00:00,1879.0,60,1.0,ok,False
enphase_monitor,2026-05-23 14:00:00,1522.0,60,1.0,ok,False
enphase_monitor,2026-05-23 15:00:00,913.0,58,1.0,ok,False
enphase_monitor,2026-05-23 16:00:00,1138.0,60,1.0,ok,False
enphase_monitor,2026-05-23 17:00:00,169.0,60,1.0,ok,False
enphase_monitor,2026-05-23 18:00:00,5.0,59,1.0,ok,False
enphase_monitor,2026-05-23 19:00:00,0.0,60,1.0,ok,False
enphase_monitor,2026-05-23 20:00:00,0.0,60,1.0,ok,False
enphase_monitor,2026-05-23 21:00:00,0.0,57,1.0,ok,False
enphase_monitor,2026-05-23 22:00:00,0.0,60,1.0,ok,False
enphase_monitor,2026-05-23 23:00:00,0.0,59,1.0,ok,False
enphase_monitor,2026-05-24 00:00:00,0.0,60,1.0,ok,True
enphase_monitor,2026-05-24 01:00:00,0.0,60,1.0,ok,False
enphase_monitor,2026-05-24 02:00:00,0.0,59,1.0,ok,False
enphase_monitor,2026-05-24 03:00:00,0.0,60,1.0,ok,False
enphase_monitor,2026-05-24 04:00:00,0.0,59,1.0,ok,False
enphase_monitor,2026-05-24 05:00:00,0.0,60,1.0,ok,False
enphase_monitor,2026-05-24 06:00:00,48.0,60,1.0,ok,False
enphase_monitor,2026-05-24 07:00:00,183.0,48,1.0,ok,False
enphase_monitor,2026-05-24 09:00:00,3083.0,14,2.0,hueco,False
enphase_monitor,2026-05-24 10:00:00,2391.0,59,1.0,ok,False
enphase_monitor,2026-05-24 11:00:00,2668.0,59,1.0,ok,False
enphase_monitor,2026-05-24 12:00:00,2716.0,59,1.0,ok,False
enphase_monitor,2026-05-24 13:00:00,3162.0,59,1.0,ok,False
enphase_monitor,2026-05-24 14:00:00,2341.0,60,1.0,ok,False
enphase_monitor,2026-05-24 15:00:00,1552.0,59,1.0,ok,False
enphase_monitor,2026-05-24 16:00:00,409.0,60,1.0,ok,False
enphase_monitor,2026-05-24 17:00:00,59.0,60,1.0,ok,False
enphase_monitor,2026-05-24 18:00:00,3.0,59,1.0,ok,False
enphase_monitor,2026-05-24 19:00:00,0.0,60,1.0,ok,False
enphase_monitor,2026-05-24 20:00:00,0.0,27,1.0,ok,False
enphase_monitor,2026-05-24 21:00:00,0.0,51,1.0,ok,False
enphase_monitor,2026-05-24 22:00:00,0.0,56,1.0,ok,False
enphase_monitor,2026-05-24 23:00:00,0.0,60,1.0,ok,False
enphase_monitor,2026-05-25 00:00:00,0.0,57,1.0,ok,True
enphase_monitor,2026-05-25 01:00:00,0.0,60,1.0,ok,False
enphase_monitor,2026-05-25 02:00:00,0.0,59,1.0,ok,False
enphase_monitor,2026-05-25 03:00:00,0.0,60,1.0,ok,False
enphase_monitor,2026-05-25 04:00:00,0.0,58,1.0,ok,False
enphase_monitor,2026-05-25 05:00:00,1.0,59,1.0,ok,False
enphase_monitor,2026-05-25 06:00:00,0.0,22,1.0,ok,False
enphase_monitor,2026-05-25 12:00:00,8407.0,23,6.0,hueco,False
enphase_monitor,2026-05-25 13:00:00,782.0,59,1.0,ok,False
enphase_monitor,2026-05-25 14:00:00,966.0,58,1.0,ok,False
enphase_monitor,2026-05-25 15:00:00,1294.0,60,1.0,ok,False
enphase_monitor,2026-05-25 16:00:00,335.0,60,1.0,ok,False
enphase_monitor,2026-05-25 17:00:00,144.0,59,1.0,ok,False
enphase_monitor,2026-05-25 18:00:00,0.0,60,1.0,ok,False
enphase_monitor,2026-05-25 19:00:00,0.0,58,1.0,ok,False
enphase_monitor,2026-05-25 20:00:00,0.0,60,1.0,ok,False
enphase_monitor,2026-05-25 21:00:00,0.0,60,1.0,ok,False
enphase_monitor,2026-05-25 22:00:00,0.0,59,1.0,ok,False
enphase_monitor,2026-05-25 23:00:00,0.0,60,1.0,ok,False
enphase_monitor,2026-05-26 00:00:00,0.0,60,1.0,ok,True
enphase_monitor,2026-05-26 01:00:00,0.0,59,1.0,ok,False
enphase_monitor,2026-05-26 02:00:00,0.0,58,1.0,ok,False
enphase_monitor,2026-05-26 03:00:00,0.0,57,1.0,ok,False
enphase_monitor,2026-05-26 04:00:00,0.0,58,1.0,ok,False
enphase_monitor,2026-05-26 05:00:00,3.0,59,1.0,ok,False
enphase_monitor,2026-05-26 06:00:00,176.0,59,1.0,ok,False
enphase_monitor,2026-05-26 07:00:00,0.0,8,1.0,ok,False
enphase_monitor,2026-05-26 09:00:00,3373.0,49,2.0,hueco,False
enphase_monitor,2026-05-26 10:00:00,1432.0,59,1.0,ok,False
enphase_monitor,2026-05-26 11:00:00,2074.0,56,1.0,ok,False
enphase_monitor,2026-05-26 12:00:00,2073.0,60,1.0,ok,False
enphase_monitor,2026-05-26 13:00:00,1335.0,60,1.0,ok,False
enphase_monitor,2026-05-26 14:00:00,1368.0,59,1.0,ok,False
enphase_monitor,2026-05-26 15:00:00,391.0,59,1.0,ok,False
enphase_monitor,2026-05-26 16:00:00,239.0,60,1.0,ok,False
enphase_monitor,2026-05-26 17:00:00,105.0,60,1.0,ok,False
enphase_monitor,2026-05-26 18:00:00,0.0,59,1.0,ok,False
enphase_monitor,2026-05-26 19:00:00,0.0,32,1.0,ok,False
enphase_monitor,2026-05-26 20:00:00,0.0,57,1.0,ok,False
enphase_monitor,2026-05-26 21:00:00,0.0,60,1.0,ok,False
enphase_monitor,2026-05-26 22:00:00,0.0,60,1.0,ok,False
enphase_monitor,2026-05-26 23:00:00,0.0,60,1.0,ok,False
enphase_monitor,2026-05-27 00:00:00,0.0,59,1.0,ok,True
enphase_monitor,2026-05-27 01:00:00,0.0,60,1.0,ok,False
enphase_monitor,2026-05-27 02:00:00,0.0,58,1.0,ok,False
enphase_monitor,2026-05-27 03:00:00,0.0,60,1.0,ok,False
enphase_monitor,2026-05-27 04:00:00,0.0,46,1.0,ok,False
enphase_monitor,2026-05-27 05:00:00,0.0,59,1.0,ok,False
enphase_monitor,2026-05-27 06:00:00,37.0,60,1.0,ok,False
enphase_monitor,2026-05-27 07:00:00,381.0,60,1.0,ok,False
enphase_monitor,2026-05-27 08:00:00,557.0,58,1.0,ok,False
enphase_monitor,2026-05-27 09:00:00,1065.0,60,1.0,ok,False
enphase_monitor,2026-05-27 10:00:00,1414.0,58,1.0,ok,False
enphase_monitor,2026-05-27 11:00:00,1808.0,59,1.0,ok,False
enphase_monitor,2026-05-27 12:00:00,2270.0,60,1.0,ok,False
enphase_monitor,2026-05-27 13:00:00,1672.0,60,1.0,ok,False
enphase_monitor,2026-05-27 14:00:00,1655.0,59,1.0,ok,False
enphase_monitor,2026-05-27 15:00:00,1257.0,60,1.0,ok,False
enphase_monitor,2026-05-27 16:00:00,1053.0,57,1.0,ok,False
enphase_monitor,2026-05-27 17:00:00,68.0,60,1.0,ok,False
enphase_monitor,2026-05-27 18:00:00,5.0,60,1.0,ok,False
enphase_monitor,2026-05-27 19:00:00,0.0,59,1.0,ok,False
enphase_monitor,2026-05-27 20:00:00,0.0,9,1.0,ok,False
enphase_monitor,2026-05-27 22:00:00,0.0,54,2.0,hueco,False
enphase_monitor,2026-05-27 23:00:00,0.0,60,1.0,ok,False
enphase_monitor,2026-05-28 00:00:00,0.0,60,1.0,ok,True
enphase_monitor,2026-05-28 01:00:00,0.0,59,1.0,ok,False
enphase_monitor,2026-05-28 02:00:00,0.0,60,1.0,ok,False
enphase_monitor,2026-05-28 03:00:00,0.0,59,1.0,ok,False
enphase_monitor,2026-05-28 04:00:00,0.0,14,1.0,ok,False
enphase_monitor,2026-05-28 06:00:00,44.0,51,2.0,hueco,False
enphase_monitor,2026-05-28 07:00:00,385.0,59,1.0,ok,False
enphase_monitor,2026-05-28 08:00:00,843.0,56,1.0,ok,False
enphase_monitor,2026-05-28 09:00:00,1669.0,59,1.0,ok,False
enphase_monitor,2026-05-28 10:00:00,2102.0,59,1.0,ok,False
enphase_monitor,2026-05-28 11:00:00,1065.0,59,1.0,ok,False
enphase_monitor,2026-05-28 12:00:00,745.0,60,1.0,ok,False
enphase_monitor,2026-05-28 13:00:00,652.0,60,1.0,ok,False
enphase_monitor,2026-05-28 14:00:00,517.0,60,1.0,ok,False
enphase_monitor,2026-05-28 15:00:00,360.0,59,1.0,ok,False
enphase_monitor,2026-05-28 16:00:00,413.0,60,1.0,ok,False
enphase_monitor,2026-05-28 17:00:00,145.0,60,1.0,ok,False
enphase_monitor,2026-05-28 18:00:00,8.0,59,1.0,ok,False
enphase_monitor,2026-05-28 19:00:00,0.0,60,1.0,ok,False
enphase_monitor,2026-05-28 20:00:00,0.0,59,1.0,ok,False
enphase_monitor,2026-05-28 21:00:00,0.0,60,1.0,ok,False
enphase_monitor,2026-05-28 22:00:00,0.0,59,1.0,ok,False
enphase_monitor,2026-05-28 23:00:00,0.0,60,1.0,ok,False
enphase_monitor,2026-05-29 00:00:00,0.0,59,1.0,ok,True
enphase_monitor,2026-05-29 01:00:00,0.0,56,1.0,ok,False
enphase_monitor,2026-05-29 02:00:00,0.0,41,1.0,ok,False
enphase_monitor,2026-05-29 04:00:00,0.0,19,2.0,hueco,False
enphase_monitor,2026-05-29 05:00:00,0.0,60,1.0,ok,False
enphase_monitor,2026-05-29 06:00:00,56.0,51,1.0,ok,False
enphase_monitor,2026-05-29 07:00:00,267.0,60,1.0,ok,False
enphase_monitor,2026-05-29 08:00:00,240.0,54,1.0,ok,False
enphase_monitor,2026-05-29 09:00:00,737.0,58,1.0,ok,False
enphase_monitor,2026-05-29 10:00:00,538.0,60,1.0,ok,False
enphase_monitor,2026-05-29 11:00:00,640.0,58,1.0,ok,False
enphase_monitor,2026-05-29 12:00:00,1496.0,60,1.0,ok,False
enphase_monitor,2026-05-29 13:00:00,1726.0,60,1.0,ok,False
enphase_monitor,2026-05-29 14:00:00,1621.0,60,1.0,ok,False
enphase_monitor,2026-05-29 15:00:00,870.0,58,1.0,ok,False
enphase_monitor,2026-05-29 16:00:00,446.0,60,1.0,ok,False
enphase_monitor,2026-05-29 17:00:00,42.0,59,1.0,ok,False
enphase_monitor,2026-05-29 18:00:00,1.0,60,1.0,ok,False
enphase_monitor,2026-05-29 19:00:00,0.0,60,1.0,ok,False
enphase_monitor,2026-05-29 20:00:00,0.0,59,1.0,ok,False
enphase_monitor,2026-05-29 21:00:00,0.0,21,1.0,ok,False
enphase_monitor,2026-05-29 23:00:00,0.0,36,2.0,hueco,False
enphase_monitor,2026-05-30 00:00:00,0.0,60,1.0,ok,True
enphase_monitor,2026-05-30 01:00:00,0.0,55,1.0,ok,False
enphase_monitor,2026-05-30 02:00:00,0.0,60,1.0,ok,False
enphase_monitor,2026-05-30 03:00:00,0.0,60,1.0,ok,False
enphase_monitor,2026-05-30 04:00:00,0.0,59,1.0,ok,False
enphase_monitor,2026-05-30 05:00:00,0.0,49,1.0,ok,False
enphase_monitor,2026-05-30 06:00:00,70.0,59,1.0,ok,False
enphase_monitor,2026-05-30 07:00:00,442.0,56,1.0,ok,False
enphase_monitor,2026-05-30 08:00:00,880.0,60,1.0,ok,False
enphase_monitor,2026-05-30 09:00:00,1828.0,59,1.0,ok,False
enphase_monitor,2026-05-30 10:00:00,2325.0,60,1.0,ok,False
enphase_monitor,2026-05-30 11:00:00,1880.0,59,1.0,ok,False
enphase_monitor,2026-05-30 12:00:00,650.0,60,1.0,ok,False
enphase_monitor,2026-05-30 13:00:00,1834.0,60,1.0,ok,False
enphase_monitor,2026-05-30 14:00:00,1841.0,59,1.0,ok,False
enphase_monitor,2026-05-30 15:00:00,920.0,60,1.0,ok,False
enphase_monitor,2026-05-30 16:00:00,1125.0,57,1.0,ok,False
enphase_monitor,2026-05-30 17:00:00,115.0,60,1.0,ok,False
enphase_monitor,2026-05-30 18:00:00,1.0,31,1.0,ok,False
enphase_monitor,2026-05-30 19:00:00,0.0,59,1.0,ok,False
enphase_monitor,2026-05-30 20:00:00,0.0,41,1.0,ok,False
enphase_monitor,2026-05-30 21:00:00,0.0,6,1.0,ok,False
enphase_monitor,2026-05-30 22:00:00,0.0,49,1.0,ok,False
enphase_monitor,2026-05-30 23:00:00,0.0,60,1.0,ok,False
enphase_monitor,2026-05-31 00:00:00,0.0,59,1.0,ok,True
enphase_monitor,2026-05-31 01:00:00,0.0,60,1.0,ok,False
enphase_monitor,2026-05-31 02:00:00,0.0,24,1.0,ok,False
enphase_monitor,2026-05-31 03:00:00,0.0,59,1.0,ok,False
enphase_monitor,2026-05-31 04:00:00,0.0,60,1.0,ok,False
enphase_monitor,2026-05-31 05:00:00,1.0,60,1.0,ok,False
enphase_monitor,2026-05-31 06:00:00,145.0,60,1.0,ok,False
enphase_monitor,2026-05-31 07:00:00,360.0,60,1.0,ok,False
enphase_monitor,2026-05-31 08:00:00,923.0,59,1.0,ok,False
enphase_monitor,2026-05-31 09:00:00,1863.0,60,1.0,ok,False
enphase_monitor,2026-05-31 10:00:00,2192.0,60,1.0,ok,False
enphase_monitor,2026-05-31 11:00:00,1604.0,59,1.0,ok,False
enphase_monitor,2026-05-31 12:00:00,2668.0,60,1.0,ok,False
enphase_monitor,2026-05-31 13:00:00,1940.0,60,1.0,ok,False
enphase_monitor,2026-05-31 14:00:00,2263.0,60,1.0,ok,False
enphase_monitor,2026-05-31 15:00:00,1419.0,59,1.0,ok,False
enphase_monitor,2026-05-31 16:00:00,470.0,60,1.0,ok,False
enphase_monitor,2026-05-31 17:00:00,913.0,60,1.0,ok,False
enphase_monitor,2026-05-31 18:00:00,6.0,59,1.0,ok,False
enphase_monitor,2026-05-31 19:00:00,0.0,49,1.0,ok,False
enphase_monitor,2026-05-31 20:00:00,0.0,8,1.0,ok,False
enphase_monitor,2026-05-31 22:00:00,0.0,38,2.0,hueco,False
enphase_monitor,2026-05-31 23:00:00,0.0,59,1.0,ok,False
enphase_monitor,2026-06-01 00:00:00,0.0,60,1.0,ok,True
enphase_monitor,2026-06-01 01:00:00,0.0,60,1.0,ok,False
enphase_monitor,2026-06-01 02:00:00,0.0,59,1.0,ok,False
enphase_monitor,2026-06-01 03:00:00,0.0,60,1.0,ok,False
enphase_monitor,2026-06-01 04:00:00,0.0,60,1.0,ok,False
enphase_monitor,2026-06-01 05:00:00,0.0,59,1.0,ok,False
enphase_monitor,2026-06-01 06:00:00,13.0,36,1.0,ok,False
enphase_monitor,2026-06-01 08:00:00,1491.0,8,2.0,hueco,False
enphase_monitor,2026-06-01 09:00:00,2062.0,60,1.0,ok,False
enphase_monitor,2026-06-01 10:00:00,2295.0,58,1.0,ok,False
enphase_monitor,2026-06-01 11:00:00,1342.0,59,1.0,ok,False
enphase_monitor,2026-06-01 12:00:00,1864.0,60,1.0,ok,False
enphase_monitor,2026-06-01 13:00:00,1611.0,59,1.0,ok,False
enphase_monitor,2026-06-01 14:00:00,1355.0,59,1.0,ok,False
enphase_monitor,2026-06-01 15:00:00,0.0,1,1.0,ok,False
enphase_monitor,2026-06-01 16:00:00,1014.0,36,1.0,ok,False
enphase_monitor,2026-06-01 17:00:00,595.0,60,1.0,ok,False
enphase_monitor,2026-06-01 18:00:00,0.0,60,1.0,ok,False
enphase_monitor,2026-06-01 19:00:00,0.0,60,1.0,ok,False
enphase_monitor,2026-06-01 20:00:00,0.0,59,1.0,ok,False
enphase_monitor,2026-06-01 21:00:00,0.0,54,1.0,ok,False
enphase_monitor,2026-06-01 22:00:00,0.0,55,1.0,ok,False
enphase_monitor,2026-06-01 23:00:00,0.0,60,1.0,ok,False
enphase_monitor,2026-06-02 00:00:00,0.0,60,1.0,ok,True
enphase_monitor,2026-06-02 01:00:00,0.0,59,1.0,ok,False
enphase_monitor,2026-06-02 02:00:00,0.0,60,1.0,ok,False
enphase_monitor,2026-06-02 03:00:00,0.0,60,1.0,ok,False
enphase_monitor,2026-06-02 04:00:00,0.0,59,1.0,ok,False
enphase_monitor,2026-06-02 05:00:00,0.0,58,1.0,ok,False
enphase_monitor,2026-06-02 06:00:00,137.0,59,1.0,ok,False
enphase_monitor,2026-06-02 07:00:00,466.0,60,1.0,ok,False
enphase_monitor,2026-06-02 08:00:00,1048.0,60,1.0,ok,False
enphase_monitor,2026-06-02 09:00:00,1419.0,60,1.0,ok,False
enphase_monitor,2026-06-02 10:00:00,1907.0,60,1.0,ok,False
enphase_monitor,2026-06-02 11:00:00,1970.0,59,1.0,ok,False
enphase_monitor,2026-06-02 12:00:00,1084.0,60,1.0,ok,False
enphase_monitor,2026-06-02 13:00:00,1183.0,60,1.0,ok,False
enphase_monitor,2026-06-02 14:00:00,755.0,59,1.0,ok,False
enphase_monitor,2026-06-02 15:00:00,804.0,59,1.0,ok,False
enphase_monitor,2026-06-02 16:00:00,381.0,56,1.0,ok,False
enphase_monitor,2026-06-02 17:00:00,655.0,55,1.0,ok,False
enphase_monitor,2026-06-02 18:00:00,9.0,57,1.0,ok,False
enphase_monitor,2026-06-02 19:00:00,0.0,59,1.0,ok,False
enphase_monitor,2026-06-02 20:00:00,0.0,58,1.0,ok,False
enphase_monitor,2026-06-02 21:00:00,0.0,60,1.0,ok,False
enphase_monitor,2026-06-02 22:00:00,0.0,59,1.0,ok,False
enphase_monitor,2026-06-02 23:00:00,0.0,60,1.0,ok,False
enphase_monitor,2026-06-03 00:00:00,0.0,60,1.0,ok,True
enphase_monitor,2026-06-03 01:00:00,0.0,59,1.0,ok,False
enphase_monitor,2026-06-03 02:00:00,0.0,60,1.0,ok,False
enphase_monitor,2026-06-03 03:00:00,0.0,58,1.0,ok,False
enphase_monitor,2026-06-03 04:00:00,0.0,59,1.0,ok,False
enphase_monitor,2026-06-03 05:00:00,0.0,21,1.0,ok,False
enphase_monitor,2026-06-03 07:00:00,385.0,29,2.0,hueco,False
enphase_monitor,2026-06-03 08:00:00,805.0,59,1.0,ok,False
enphase_monitor,2026-06-03 09:00:00,1576.0,60,1.0,ok,False
enphase_monitor,2026-06-03 10:00:00,1399.0,59,1.0,ok,False
enphase_monitor,2026-06-03 11:00:00,1172.0,60,1.0,ok,False
enphase_monitor,2026-06-03 12:00:00,851.0,60,1.0,ok,False
enphase_monitor,2026-06-03 13:00:00,790.0,58,1.0,ok,False
enphase_monitor,2026-06-03 14:00:00,380.0,60,1.0,ok,False
enphase_monitor,2026-06-03 15:00:00,251.0,57,1.0,ok,False
enphase_monitor,2026-06-03 16:00:00,328.0,59,1.0,ok,False
enphase_monitor,2026-06-03 17:00:00,114.0,59,1.0,ok,False
enphase_monitor,2026-06-03 18:00:00,4.0,59,1.0,ok,False
enphase_monitor,2026-06-03 19:00:00,0.0,59,1.0,ok,False
enphase_monitor,2026-06-03 20:00:00,0.0,60,1.0,ok,False
enphase_monitor,2026-06-03 21:00:00,0.0,59,1.0,ok,False
enphase_monitor,2026-06-03 22:00:00,0.0,60,1.0,ok,False
enphase_monitor,2026-06-03 23:00:00,0.0,60,1.0,ok,False
enphase_monitor,2026-06-04 00:00:00,0.0,59,1.0,ok,True
enphase_monitor,2026-06-04 01:00:00,0.0,60,1.0,ok,False
enphase_monitor,2026-06-04 02:00:00,0.0,60,1.0,ok,False
enphase_monitor,2026-06-04 03:00:00,0.0,60,1.0,ok,False
enphase_monitor,2026-06-04 04:00:00,0.0,59,1.0,ok,False
enphase_monitor,2026-06-04 05:00:00,0.0,60,1.0,ok,False
enphase_monitor,2026-06-04 06:00:00,52.0,59,1.0,ok,False
enphase_monitor,2026-06-04 07:00:00,292.0,59,1.0,ok,False
enphase_monitor,2026-06-04 08:00:00,581.0,58,1.0,ok,False
enphase_monitor,2026-06-04 09:00:00,1351.0,59,1.0,ok,False
enphase_monitor,2026-06-04 10:00:00,1853.0,60,1.0,ok,False
enphase_monitor,2026-06-04 11:00:00,739.0,59,1.0,ok,False
enphase_monitor,2026-06-04 12:00:00,723.0,60,1.0,ok,False
enphase_monitor,2026-06-04 13:00:00,1543.0,59,1.0,ok,False
enphase_monitor,2026-06-04 14:00:00,1424.0,53,1.0,ok,False
enphase_monitor,2026-06-04 15:00:00,783.0,60,1.0,ok,False
enphase_monitor,2026-06-04 16:00:00,321.0,59,1.0,ok,False
enphase_monitor,2026-06-04 17:00:00,72.0,60,1.0,ok,False
enphase_monitor,2026-06-04 18:00:00,6.0,59,1.0,ok,False
enphase_monitor,2026-06-04 19:00:00,0.0,60,1.0,ok,False
enphase_monitor,2026-06-04 20:00:00,0.0,34,1.0,ok,False
enphase_monitor,2026-06-04 22:00:00,0.0,49,2.0,hueco,False
enphase_monitor,2026-06-04 23:00:00,0.0,60,1.0,ok,False
enphase_monitor,2026-06-05 00:00:00,0.0,10,1.0,ok,True
enphase_monitor,2026-06-05 04:00:00,0.0,41,4.0,hueco,False
enphase_monitor,2026-06-05 05:00:00,0.0,60,1.0,ok,False
enphase_monitor,2026-06-05 06:00:00,51.0,60,1.0,ok,False
enphase_monitor,2026-06-05 07:00:00,369.0,59,1.0,ok,False
enphase_monitor,2026-06-05 08:00:00,813.0,57,1.0,ok,False
enphase_monitor,2026-06-05 09:00:00,1090.0,60,1.0,ok,False
enphase_monitor,2026-06-05 10:00:00,1764.0,59,1.0,ok,False
enphase_monitor,2026-06-05 11:00:00,1699.0,58,1.0,ok,False
enphase_monitor,2026-06-05 12:00:00,1208.0,32,1.0,ok,False
enphase_monitor,2026-06-05 16:00:00,4144.0,48,4.0,hueco,False
enphase_monitor,2026-06-05 17:00:00,146.0,60,1.0,ok,False
enphase_monitor,2026-06-05 18:00:00,7.0,60,1.0,ok,False
enphase_monitor,2026-06-05 19:00:00,0.0,59,1.0,ok,False
enphase_monitor,2026-06-05 20:00:00,0.0,60,1.0,ok,False
enphase_monitor,2026-06-05 21:00:00,0.0,60,1.0,ok,False
enphase_monitor,2026-06-05 22:00:00,0.0,59,1.0,ok,False
enphase_monitor,2026-06-05 23:00:00,0.0,60,1.0,ok,False
enphase_monitor,2026-06-06 00:00:00,0.0,60,1.0,ok,True
enphase_monitor,2026-06-06 01:00:00,0.0,60,1.0,ok,False
enphase_monitor,2026-06-06 02:00:00,0.0,25,1.0,ok,False
enphase_monitor,2026-06-06 04:00:00,0.0,46,2.0,hueco,False
enphase_monitor,2026-06-06 05:00:00,0.0,60,1.0,ok,False
enphase_monitor,2026-06-06 06:00:00,0.0,16,1.0,ok,False
enphase_monitor,2026-06-06 10:00:00,3030.0,38,4.0,hueco,False
enphase_monitor,2026-06-06 11:00:00,2515.0,60,1.0,ok,False
enphase_monitor,2026-06-06 12:00:00,1580.0,59,1.0,ok,False
enphase_monitor,2026-06-06 13:00:00,711.0,60,1.0,ok,False
enphase_monitor,2026-06-06 14:00:00,172.0,57,1.0,ok,False
enphase_monitor,2026-06-06 15:00:00,196.0,60,1.0,ok,False
enphase_monitor,2026-06-06 16:00:00,266.0,59,1.0,ok,False
enphase_monitor,2026-06-06 17:00:00,102.0,60,1.0,ok,False
enphase_monitor,2026-06-06 18:00:00,6.0,58,1.0,ok,False
enphase_monitor,2026-06-06 21:00:00,0.0,43,3.0,hueco,False
enphase_monitor,2026-06-06 22:00:00,0.0,60,1.0,ok,False
enphase_monitor,2026-06-06 23:00:00,0.0,20,1.0,ok,False
enphase_monitor,2026-06-07 01:00:00,0.0,41,2.0,hueco,True
enphase_monitor,2026-06-07 02:00:00,0.0,59,1.0,ok,False
enphase_monitor,2026-06-07 03:00:00,0.0,22,1.0,ok,False
enphase_monitor,2026-06-07 07:00:00,306.0,28,4.0,hueco,False
enphase_monitor,2026-06-07 08:00:00,364.0,60,1.0,ok,False
enphase_monitor,2026-06-07 09:00:00,744.0,58,1.0,ok,False
enphase_monitor,2026-06-07 10:00:00,666.0,60,1.0,ok,False
enphase_monitor,2026-06-07 11:00:00,221.0,44,1.0,ok,False
enphase_monitor,2026-06-07 12:00:00,896.0,21,1.0,ok,False
enphase_monitor,2026-06-07 13:00:00,1086.0,44,1.0,ok,False
enphase_monitor,2026-06-07 14:00:00,929.0,59,1.0,ok,False
enphase_monitor,2026-06-07 15:00:00,242.0,60,1.0,ok,False
enphase_monitor,2026-06-07 16:00:00,93.0,60,1.0,ok,False
enphase_monitor,2026-06-07 17:00:00,61.0,60,1.0,ok,False
enphase_monitor,2026-06-07 18:00:00,0.0,59,1.0,ok,False
enphase_monitor,2026-06-07 19:00:00,0.0,60,1.0,ok,False
enphase_monitor,2026-06-07 20:00:00,0.0,60,1.0,ok,False
enphase_monitor,2026-06-07 21:00:00,0.0,59,1.0,ok,False
enphase_monitor,2026-06-07 22:00:00,0.0,60,1.0,ok,False
enphase_monitor,2026-06-07 23:00:00,0.0,59,1.0,ok,False
enphase_monitor,2026-06-08 00:00:00,0.0,44,1.0,ok,True
enphase_monitor,2026-06-08 01:00:00,0.0,55,1.0,ok,False
enphase_monitor,2026-06-08 02:00:00,0.0,54,1.0,ok,False
enphase_monitor,2026-06-08 03:00:00,0.0,42,1.0,ok,False
enphase_monitor,2026-06-08 04:00:00,0.0,60,1.0,ok,False
enphase_monitor,2026-06-08 05:00:00,0.0,59,1.0,ok,False
enphase_monitor,2026-06-08 06:00:00,0.0,3,1.0,ok,False
enphase_monitor,2026-06-08 08:00:00,1273.0,60,2.0,hueco,False
enphase_monitor,2026-06-08 09:00:00,537.0,60,1.0,ok,False
enphase_monitor,2026-06-08 10:00:00,1052.0,59,1.0,ok,False
enphase_monitor,2026-06-08 11:00:00,1713.0,60,1.0,ok,False
enphase_monitor,2026-06-08 12:00:00,2368.0,60,1.0,ok,False
enphase_monitor,2026-06-08 13:00:00,1677.0,56,1.0,ok,False
enphase_monitor,2026-06-08 14:00:00,1512.0,60,1.0,ok,False
enphase_monitor,2026-06-08 15:00:00,978.0,60,1.0,ok,False
enphase_monitor,2026-06-08 16:00:00,0.0,11,1.0,ok,False
enphase_monitor,2026-06-08 20:00:00,242.0,59,4.0,hueco,False
enphase_monitor,2026-06-08 21:00:00,0.0,60,1.0,ok,False
enphase_monitor,2026-06-08 22:00:00,0.0,60,1.0,ok,False
enphase_monitor,2026-06-08 23:00:00,0.0,59,1.0,ok,False
enphase_monitor,2026-06-09 00:00:00,0.0,60,1.0,ok,True
enphase_monitor,2026-06-09 01:00:00,0.0,60,1.0,ok,False
enphase_monitor,2026-06-09 02:00:00,0.0,59,1.0,ok,False
enphase_monitor,2026-06-09 03:00:00,0.0,60,1.0,ok,False
enphase_monitor,2026-06-09 04:00:00,0.0,60,1.0,ok,False
enphase_monitor,2026-06-09 05:00:00,0.0,59,1.0,ok,False
enphase_monitor,2026-06-09 06:00:00,13.0,59,1.0,ok,False
enphase_monitor,2026-06-09 07:00:00,80.0,57,1.0,ok,False
enphase_monitor,2026-06-09 08:00:00,325.0,48,1.0,ok,False
enphase_monitor,2026-06-09 09:00:00,1060.0,60,1.0,ok,False
enphase_monitor,2026-06-09 10:00:00,1999.0,59,1.0,ok,False
enphase_monitor,2026-06-09 11:00:00,1984.0,59,1.0,ok,False
enphase_monitor,2026-06-09 12:00:00,1669.0,60,1.0,ok,False
enphase_monitor,2026-06-09 13:00:00,2950.0,60,1.0,ok,False
enphase_monitor,2026-06-09 14:00:00,1953.0,59,1.0,ok,False
enphase_monitor,2026-06-09 15:00:00,273.0,58,1.0,ok,False
enphase_monitor,2026-06-09 16:00:00,646.0,60,1.0,ok,False
enphase_monitor,2026-06-09 17:00:00,197.0,59,1.0,ok,False
enphase_monitor,2026-06-09 18:00:00,13.0,58,1.0,ok,False
enphase_monitor,2026-06-09 19:00:00,0.0,59,1.0,ok,False
enphase_monitor,2026-06-09 20:00:00,0.0,60,1.0,ok,False
enphase_monitor,2026-06-09 21:00:00,0.0,58,1.0,ok,False
enphase_monitor,2026-06-09 22:00:00,0.0,60,1.0,ok,False
enphase_monitor,2026-06-09 23:00:00,0.0,59,1.0,ok,False
enphase_monitor,2026-06-10 00:00:00,0.0,59,1.0,ok,True
enphase_monitor,2026-06-10 01:00:00,0.0,60,1.0,ok,False
enphase_monitor,2026-06-10 02:00:00,0.0,59,1.0,ok,False
enphase_monitor,2026-06-10 03:00:00,0.0,60,1.0,ok,False
enphase_monitor,2026-06-10 04:00:00,0.0,60,1.0,ok,False
enphase_monitor,2026-06-10 05:00:00,0.0,60,1.0,ok,False
enphase_monitor,2026-06-10 06:00:00,23.0,59,1.0,ok,False
enphase_monitor,2026-06-10 07:00:00,209.0,60,1.0,ok,False
enphase_monitor,2026-06-10 08:00:00,586.0,59,1.0,ok,False
enphase_monitor,2026-06-10 09:00:00,1241.0,60,1.0,ok,False
enphase_monitor,2026-06-10 10:00:00,488.0,10,1.0,ok,False
enphase_monitor,2026-06-10 12:00:00,6438.0,56,2.0,hueco,False
enphase_monitor,2026-06-10 13:00:00,2661.0,59,1.0,ok,False
enphase_monitor,2026-06-10 14:00:00,2069.0,59,1.0,ok,False
enphase_monitor,2026-06-10 15:00:00,1307.0,60,1.0,ok,False
enphase_monitor,2026-06-10 16:00:00,119.0,57,1.0,ok,False
enphase_monitor,2026-06-10 17:00:00,95.0,60,1.0,ok,False
enphase_monitor,2026-06-10 18:00:00,3.0,59,1.0,ok,False
enphase_monitor,2026-06-10 19:00:00,0.0,60,1.0,ok,False
enphase_monitor,2026-06-10 20:00:00,0.0,59,1.0,ok,False
enphase_monitor,2026-06-10 21:00:00,0.0,60,1.0,ok,False
enphase_monitor,2026-06-10 22:00:00,0.0,37,1.0,ok,False
enphase_monitor,2026-06-10 23:00:00,0.0,59,1.0,ok,False
enphase_monitor,2026-06-11 00:00:00,0.0,46,1.0,ok,True
enphase_monitor,2026-06-11 02:00:00,0.0,10,2.0,hueco,False
enphase_monitor,2026-06-11 03:00:00,0.0,60,1.0,ok,False
enphase_monitor,2026-06-11 04:00:00,0.0,60,1.0,ok,False
enphase_monitor,2026-06-11 05:00:00,0.0,59,1.0,ok,False
enphase_monitor,2026-06-11 06:00:00,58.0,59,1.0,ok,False
enphase_monitor,2026-06-11 11:00:00,5920.0,3,5.0,hueco,False
enphase_monitor,2026-06-11 13:00:00,7759.0,44,2.0,hueco,False
enphase_monitor,2026-06-11 14:00:00,2160.0,60,1.0,ok,False
enphase_monitor,2026-06-11 15:00:00,1293.0,60,1.0,ok,False
enphase_monitor,2026-06-11 16:00:00,384.0,60,1.0,ok,False
enphase_monitor,2026-06-11 17:00:00,194.0,48,1.0,ok,False
enphase_monitor,2026-06-11 18:00:00,5.0,59,1.0,ok,False
enphase_monitor,2026-06-11 19:00:00,0.0,60,1.0,ok,False
enphase_monitor,2026-06-11 20:00:00,0.0,60,1.0,ok,False
enphase_monitor,2026-06-11 21:00:00,0.0,58,1.0,ok,False
enphase_monitor,2026-06-11 22:00:00,0.0,59,1.0,ok,False
enphase_monitor,2026-06-11 23:00:00,0.0,60,1.0,ok,False
enphase_monitor,2026-06-12 00:00:00,0.0,60,1.0,ok,True
enphase_monitor,2026-06-12 01:00:00,0.0,59,1.0,ok,False
enphase_monitor,2026-06-12 02:00:00,0.0,60,1.0,ok,False
enphase_monitor,2026-06-12 03:00:00,0.0,59,1.0,ok,False
enphase_monitor,2026-06-12 04:00:00,0.0,59,1.0,ok,False
enphase_monitor,2026-06-12 05:00:00,0.0,50,1.0,ok,False
enphase_monitor,2026-06-12 07:00:00,509.0,9,2.0,hueco,False
enphase_monitor,2026-06-12 08:00:00,763.0,60,1.0,ok,False
enphase_monitor,2026-06-12 09:00:00,1540.0,57,1.0,ok,False
enphase_monitor,2026-06-12 10:00:00,1247.0,60,1.0,ok,False
enphase_monitor,2026-06-12 11:00:00,1437.0,59,1.0,ok,False
enphase_monitor,2026-06-12 12:00:00,2284.0,59,1.0,ok,False
enphase_monitor,2026-06-12 13:00:00,2363.0,60,1.0,ok,False
enphase_monitor,2026-06-12 14:00:00,2139.0,60,1.0,ok,False
enphase_monitor,2026-06-12 15:00:00,1222.0,59,1.0,ok,False
enphase_monitor,2026-06-12 16:00:00,470.0,60,1.0,ok,False
enphase_monitor,2026-06-12 17:00:00,532.0,60,1.0,ok,False
enphase_monitor,2026-06-12 18:00:00,2.0,57,1.0,ok,False
enphase_monitor,2026-06-12 19:00:00,0.0,56,1.0,ok,False
enphase_monitor,2026-06-12 20:00:00,0.0,59,1.0,ok,False
enphase_monitor,2026-06-12 21:00:00,0.0,56,1.0,ok,False
enphase_monitor,2026-06-12 22:00:00,0.0,59,1.0,ok,False
enphase_monitor,2026-06-12 23:00:00,0.0,59,1.0,ok,False
enphase_monitor,2026-06-13 00:00:00,0.0,60,1.0,ok,True
enphase_monitor,2026-06-13 01:00:00,0.0,60,1.0,ok,False
enphase_monitor,2026-06-13 02:00:00,0.0,25,1.0,ok,False
enphase_monitor,2026-06-13 04:00:00,0.0,27,2.0,hueco,False
enphase_monitor,2026-06-13 05:00:00,0.0,60,1.0,ok,False
enphase_monitor,2026-06-13 06:00:00,13.0,35,1.0,ok,False
enphase_monitor,2026-06-13 08:00:00,848.0,35,2.0,hueco,False
enphase_monitor,2026-06-13 09:00:00,882.0,60,1.0,ok,False
enphase_monitor,2026-06-13 10:00:00,1189.0,50,1.0,ok,False
enphase_monitor,2026-06-13 11:00:00,1332.0,60,1.0,ok,False
enphase_monitor,2026-06-13 12:00:00,1461.0,60,1.0,ok,False
enphase_monitor,2026-06-13 13:00:00,1294.0,59,1.0,ok,False
enphase_monitor,2026-06-13 14:00:00,898.0,57,1.0,ok,False
enphase_monitor,2026-06-13 15:00:00,805.0,60,1.0,ok,False
enphase_monitor,2026-06-13 16:00:00,441.0,60,1.0,ok,False
enphase_monitor,2026-06-13 17:00:00,484.0,59,1.0,ok,False
enphase_monitor,2026-06-13 18:00:00,8.0,60,1.0,ok,False
enphase_monitor,2026-06-13 19:00:00,0.0,60,1.0,ok,False
enphase_monitor,2026-06-13 20:00:00,0.0,58,1.0,ok,False
enphase_monitor,2026-06-13 21:00:00,0.0,60,1.0,ok,False
enphase_monitor,2026-06-13 22:00:00,0.0,60,1.0,ok,False
enphase_monitor,2026-06-13 23:00:00,0.0,60,1.0,ok,False
enphase_monitor,2026-06-14 00:00:00,0.0,59,1.0,ok,True
enphase_monitor,2026-06-14 01:00:00,0.0,60,1.0,ok,False
enphase_monitor,2026-06-14 02:00:00,0.0,60,1.0,ok,False
enphase_monitor,2026-06-14 03:00:00,0.0,7,1.0,ok,False
enphase_monitor,2026-06-14 04:00:00,0.0,3,1.0,ok,False
enphase_monitor,2026-06-14 05:00:00,0.0,58,1.0,ok,False
enphase_monitor,2026-06-14 06:00:00,105.0,56,1.0,ok,False
enphase_monitor,2026-06-14 07:00:00,531.0,60,1.0,ok,False
enphase_monitor,2026-06-14 08:00:00,709.0,60,1.0,ok,False
enphase_monitor,2026-06-14 09:00:00,1389.0,60,1.0,ok,False
enphase_monitor,2026-06-14 10:00:00,2268.0,59,1.0,ok,False
enphase_monitor,2026-06-14 11:00:00,2839.0,60,1.0,ok,False
enphase_monitor,2026-06-14 12:00:00,2658.0,60,1.0,ok,False
enphase_monitor,2026-06-14 13:00:00,2392.0,60,1.0,ok,False
enphase_monitor,2026-06-14 14:00:00,1597.0,60,1.0,ok,False
enphase_monitor,2026-06-14 15:00:00,1103.0,59,1.0,ok,False
enphase_monitor,2026-06-14 16:00:00,1220.0,60,1.0,ok,False
enphase_monitor,2026-06-14 17:00:00,76.0,38,1.0,ok,False
enphase_monitor,2026-06-14 18:00:00,3.0,42,1.0,ok,False
enphase_monitor,2026-06-14 19:00:00,0.0,39,1.0,ok,False
enphase_monitor,2026-06-14 20:00:00,0.0,37,1.0,ok,False
enphase_monitor,2026-06-14 21:00:00,0.0,33,1.0,ok,False
enphase_monitor,2026-06-14 22:00:00,0.0,52,1.0,ok,False
enphase_monitor,2026-06-14 23:00:00,0.0,48,1.0,ok,False
enphase_monitor,2026-06-15 00:00:00,0.0,8,1.0,ok,True
enphase_monitor,2026-06-15 02:00:00,0.0,48,2.0,hueco,False
enphase_monitor,2026-06-15 03:00:00,0.0,60,1.0,ok,False
enphase_monitor,2026-06-15 04:00:00,0.0,50,1.0,ok,False
enphase_monitor,2026-06-15 05:00:00,0.0,45,1.0,ok,False
enphase_monitor,2026-06-15 06:00:00,24.0,14,1.0,ok,False
enphase_monitor,2026-06-15 09:00:00,2202.0,48,3.0,hueco,False
enphase_monitor,2026-06-15 10:00:00,757.0,59,1.0,ok,False
enphase_monitor,2026-06-15 11:00:00,753.0,60,1.0,ok,False
enphase_monitor,2026-06-15 12:00:00,1226.0,60,1.0,ok,False
enphase_monitor,2026-06-15 13:00:00,1781.0,47,1.0,ok,False
enphase_monitor,2026-06-15 14:00:00,1659.0,60,1.0,ok,False
enphase_monitor,2026-06-15 15:00:00,546.0,55,1.0,ok,False
enphase_monitor,2026-06-15 16:00:00,611.0,60,1.0,ok,False
enphase_monitor,2026-06-15 17:00:00,525.0,57,1.0,ok,False
enphase_monitor,2026-06-15 18:00:00,0.0,31,1.0,ok,False
enphase_monitor,2026-06-15 19:00:00,0.0,19,1.0,ok,False
enphase_monitor,2026-06-15 20:00:00,0.0,49,1.0,ok,False
enphase_monitor,2026-06-15 21:00:00,0.0,47,1.0,ok,False
enphase_monitor,2026-06-15 22:00:00,0.0,60,1.0,ok,False
enphase_monitor,2026-06-15 23:00:00,0.0,59,1.0,ok,False
enphase_monitor,2026-06-16 00:00:00,0.0,60,1.0,ok,True
enphase_monitor,2026-06-16 01:00:00,0.0,60,1.0,ok,False
enphase_monitor,2026-06-16 02:00:00,0.0,38,1.0,ok,False
enphase_monitor,2026-06-16 03:00:00,0.0,44,1.0,ok,False
enphase_monitor,2026-06-16 04:00:00,0.0,54,1.0,ok,False
enphase_monitor,2026-06-16 05:00:00,0.0,59,1.0,ok,False
enphase_monitor,2026-06-16 06:00:00,54.0,60,1.0,ok,False
enphase_monitor,2026-06-16 07:00:00,331.0,60,1.0,ok,False
enphase_monitor,2026-06-16 08:00:00,305.0,18,1.0,ok,False
enphase_monitor,2026-06-16 09:00:00,1908.0,26,1.0,ok,False
enphase_monitor,2026-06-16 10:00:00,2216.0,60,1.0,ok,False
enphase_monitor,2026-06-16 11:00:00,2382.0,57,1.0,ok,False
enphase_monitor,2026-06-16 12:00:00,2084.0,60,1.0,ok,False
enphase_monitor,2026-06-16 13:00:00,2452.0,44,1.0,ok,False
enphase_monitor,2026-06-16 14:00:00,802.0,59,1.0,ok,False
enphase_monitor,2026-06-16 15:00:00,619.0,60,1.0,ok,False
enphase_monitor,2026-06-16 16:00:00,448.0,60,1.0,ok,False
enphase_monitor,2026-06-16 17:00:00,849.0,50,1.0,ok,False
enphase_monitor,2026-06-16 18:00:00,3.0,57,1.0,ok,False
enphase_monitor,2026-06-16 19:00:00,0.0,60,1.0,ok,False
enphase_monitor,2026-06-16 20:00:00,0.0,59,1.0,ok,False
enphase_monitor,2026-06-16 21:00:00,0.0,60,1.0,ok,False
enphase_monitor,2026-06-16 22:00:00,0.0,57,1.0,ok,False
enphase_monitor,2026-06-16 23:00:00,0.0,60,1.0,ok,False
enphase_monitor,2026-06-17 00:00:00,0.0,60,1.0,ok,True
enphase_monitor,2026-06-17 01:00:00,0.0,59,1.0,ok,False
enphase_monitor,2026-06-17 02:00:00,0.0,60,1.0,ok,False
enphase_monitor,2026-06-17 03:00:00,0.0,60,1.0,ok,False
enphase_monitor,2026-06-17 04:00:00,0.0,57,1.0,ok,False
enphase_monitor,2026-06-17 05:00:00,0.0,60,1.0,ok,False
enphase_monitor,2026-06-17 06:00:00,0.0,15,1.0,ok,False
enphase_monitor,2026-06-17 08:00:00,1349.0,37,2.0,hueco,False
enphase_monitor,2026-06-17 09:00:00,1382.0,59,1.0,ok,False
enphase_monitor,2026-06-17 10:00:00,923.0,51,1.0,ok,False
enphase_monitor,2026-06-17 11:00:00,1373.0,59,1.0,ok,False
enphase_monitor,2026-06-17 12:00:00,1102.0,45,1.0,ok,False
enphase_monitor,2026-06-17 13:00:00,2115.0,58,1.0,ok,False
enphase_monitor,2026-06-17 14:00:00,1388.0,59,1.0,ok,False
enphase_monitor,2026-06-17 15:00:00,1557.0,60,1.0,ok,False
enphase_monitor,2026-06-17 16:00:00,410.0,60,1.0,ok,False
enphase_monitor,2026-06-17 17:00:00,617.0,59,1.0,ok,False
enphase_monitor,2026-06-17 18:00:00,7.0,60,1.0,ok,False
enphase_monitor,2026-06-17 19:00:00,0.0,60,1.0,ok,False
enphase_monitor,2026-06-17 20:00:00,0.0,60,1.0,ok,False
enphase_monitor,2026-06-17 21:00:00,0.0,54,1.0,ok,False
enphase_monitor,2026-06-17 22:00:00,0.0,59,1.0,ok,False
enphase_monitor,2026-06-17 23:00:00,0.0,60,1.0,ok,False
enphase_monitor,2026-06-18 00:00:00,0.0,60,1.0,ok,True
enphase_monitor,2026-06-18 01:00:00,0.0,54,1.0,ok,False
enphase_monitor,2026-06-18 02:00:00,0.0,58,1.0,ok,False
enphase_monitor,2026-06-18 03:00:00,0.0,33,1.0,ok,False
enphase_monitor,2026-06-18 04:00:00,0.0,55,1.0,ok,False
enphase_monitor,2026-06-18 05:00:00,0.0,57,1.0,ok,False
enphase_monitor,2026-06-18 06:00:00,50.0,49,1.0,ok,False
enphase_monitor,2026-06-18 07:00:00,508.0,60,1.0,ok,False
enphase_monitor,2026-06-18 08:00:00,584.0,59,1.0,ok,False
enphase_monitor,2026-06-18 09:00:00,1127.0,60,1.0,ok,False
enphase_monitor,2026-06-18 10:00:00,733.0,21,1.0,ok,False
enphase_monitor,2026-06-18 12:00:00,5331.0,56,2.0,hueco,False
enphase_monitor,2026-06-18 13:00:00,938.0,60,1.0,ok,False
enphase_monitor,2026-06-18 14:00:00,634.0,59,1.0,ok,False
enphase_monitor,2026-06-18 15:00:00,1620.0,60,1.0,ok,False
enphase_monitor,2026-06-18 16:00:00,435.0,60,1.0,ok,False
enphase_monitor,2026-06-18 17:00:00,218.0,59,1.0,ok,False
enphase_monitor,2026-06-18 18:00:00,8.0,13,1.0,ok,False
enphase_monitor,2026-06-18 19:00:00,0.0,32,1.0,ok,False
enphase_monitor,2026-06-18 20:00:00,0.0,60,1.0,ok,False
enphase_monitor,2026-06-18 21:00:00,0.0,59,1.0,ok,False
enphase_monitor,2026-06-18 22:00:00,0.0,60,1.0,ok,False
enphase_monitor,2026-06-18 23:00:00,0.0,60,1.0,ok,False
enphase_monitor,2026-06-19 00:00:00,0.0,60,1.0,ok,True
enphase_monitor,2026-06-19 01:00:00,0.0,56,1.0,ok,False
enphase_monitor,2026-06-19 02:00:00,0.0,60,1.0,ok,False
enphase_monitor,2026-06-19 03:00:00,0.0,58,1.0,ok,False
enphase_monitor,2026-06-19 04:00:00,0.0,60,1.0,ok,False
enphase_monitor,2026-06-19 05:00:00,0.0,57,1.0,ok,False
enphase_monitor,2026-06-19 06:00:00,15.0,59,1.0,ok,False
enphase_monitor,2026-06-19 07:00:00,98.0,60,1.0,ok,False
enphase_monitor,2026-06-19 08:00:00,298.0,59,1.0,ok,False
enphase_monitor,2026-06-19 09:00:00,811.0,59,1.0,ok,False
enphase_monitor,2026-06-19 10:00:00,1343.0,60,1.0,ok,False
enphase_monitor,2026-06-19 11:00:00,2237.0,59,1.0,ok,False
enphase_monitor,2026-06-19 12:00:00,1976.0,60,1.0,ok,False
enphase_monitor,2026-06-19 13:00:00,2468.0,60,1.0,ok,False
enphase_monitor,2026-06-19 14:00:00,2034.0,58,1.0,ok,False
enphase_monitor,2026-06-19 15:00:00,1387.0,60,1.0,ok,False
enphase_monitor,2026-06-19 16:00:00,492.0,60,1.0,ok,False
enphase_monitor,2026-06-19 17:00:00,723.0,59,1.0,ok,False
enphase_monitor,2026-06-19 18:00:00,2.0,59,1.0,ok,False
enphase_monitor,2026-06-19 19:00:00,0.0,59,1.0,ok,False
enphase_monitor,2026-06-19 20:00:00,0.0,60,1.0,ok,False
enphase_monitor,2026-06-19 21:00:00,0.0,60,1.0,ok,False
enphase_monitor,2026-06-19 22:00:00,0.0,60,1.0,ok,False
enphase_monitor,2026-06-20 00:00:00,0.0,6,2.0,hueco,True
enphase_monitor,2026-06-20 01:00:00,0.0,60,1.0,ok,False
enphase_monitor,2026-06-20 02:00:00,0.0,58,1.0,ok,False
enphase_monitor,2026-06-20 03:00:00,0.0,60,1.0,ok,False
enphase_monitor,2026-06-20 04:00:00,0.0,58,1.0,ok,False
enphase_monitor,2026-06-20 06:00:00,143.0,5,2.0,hueco,False
enphase_monitor,2026-06-20 07:00:00,392.0,59,1.0,ok,False
enphase_monitor,2026-06-20 08:00:00,716.0,59,1.0,ok,False
enphase_monitor,2026-06-20 09:00:00,1612.0,58,1.0,ok,False
enphase_monitor,2026-06-20 10:00:00,2469.0,58,1.0,ok,False
enphase_monitor,2026-06-20 11:00:00,2552.0,60,1.0,ok,False
enphase_monitor,2026-06-20 12:00:00,2222.0,58,1.0,ok,False
enphase_monitor,2026-06-20 13:00:00,2167.0,59,1.0,ok,False
enphase_monitor,2026-06-20 14:00:00,1260.0,59,1.0,ok,False
enphase_monitor,2026-06-20 15:00:00,1044.0,57,1.0,ok,False
enphase_monitor,2026-06-20 16:00:00,1222.0,60,1.0,ok,False
enphase_monitor,2026-06-20 17:00:00,141.0,59,1.0,ok,False
enphase_monitor,2026-06-20 18:00:00,12.0,60,1.0,ok,False
enphase_monitor,2026-06-20 19:00:00,0.0,60,1.0,ok,False
enphase_monitor,2026-06-20 20:00:00,0.0,59,1.0,ok,False
enphase_monitor,2026-06-20 21:00:00,0.0,54,1.0,ok,False
enphase_monitor,2026-06-20 22:00:00,0.0,33,1.0,ok,False
enphase_monitor,2026-06-20 23:00:00,0.0,45,1.0,ok,False
enphase_monitor,2026-06-21 00:00:00,0.0,59,1.0,ok,True
enphase_monitor,2026-06-21 01:00:00,0.0,25,1.0,ok,False
enphase_monitor,2026-06-21 03:00:00,0.0,31,2.0,hueco,False
enphase_monitor,2026-06-21 04:00:00,0.0,60,1.0,ok,False
enphase_monitor,2026-06-21 05:00:00,0.0,58,1.0,ok,False
enphase_monitor,2026-06-21 06:00:00,124.0,60,1.0,ok,False
enphase_monitor,2026-06-21 07:00:00,534.0,60,1.0,ok,False
enphase_monitor,2026-06-21 08:00:00,1034.0,60,1.0,ok,False
enphase_monitor,2026-06-21 09:00:00,1661.0,58,1.0,ok,False
enphase_monitor,2026-06-21 10:00:00,2215.0,59,1.0,ok,False
enphase_monitor,2026-06-21 11:00:00,2754.0,60,1.0,ok,False
enphase_monitor,2026-06-21 12:00:00,2605.0,60,1.0,ok,False
enphase_monitor,2026-06-21 13:00:00,1356.0,59,1.0,ok,False
enphase_monitor,2026-06-21 14:00:00,1751.0,60,1.0,ok,False
enphase_monitor,2026-06-21 15:00:00,1217.0,60,1.0,ok,False
enphase_monitor,2026-06-21 16:00:00,1082.0,59,1.0,ok,False
enphase_monitor,2026-06-21 17:00:00,144.0,58,1.0,ok,False
enphase_monitor,2026-06-21 18:00:00,5.0,56,1.0,ok,False
enphase_monitor,2026-06-21 19:00:00,0.0,17,1.0,ok,False
enphase_monitor,2026-06-21 20:00:00,0.0,59,1.0,ok,False
enphase_monitor,2026-06-21 21:00:00,0.0,60,1.0,ok,False
enphase_monitor,2026-06-21 22:00:00,0.0,60,1.0,ok,False
enphase_monitor,2026-06-21 23:00:00,0.0,59,1.0,ok,False
enphase_monitor,2026-06-22 00:00:00,0.0,15,1.0,ok,True
enphase_monitor,2026-06-22 01:00:00,0.0,21,1.0,ok,False
enphase_monitor,2026-06-22 02:00:00,0.0,53,1.0,ok,False
enphase_monitor,2026-06-22 03:00:00,0.0,60,1.0,ok,False
enphase_monitor,2026-06-22 04:00:00,0.0,60,1.0,ok,False
enphase_monitor,2026-06-22 05:00:00,0.0,59,1.0,ok,False
enphase_monitor,2026-06-22 06:00:00,1.0,12,1.0,ok,False
enphase_monitor,2026-06-22 08:00:00,1382.0,56,2.0,hueco,False
enphase_monitor,2026-06-22 09:00:00,1055.0,59,1.0,ok,False
enphase_monitor,2026-06-22 10:00:00,3095.0,60,1.0,ok,False
enphase_monitor,2026-06-22 11:00:00,2497.0,60,1.0,ok,False
enphase_monitor,2026-06-22 12:00:00,0.0,8,1.0,ok,False
enphase_monitor,2026-06-22 14:00:00,6025.0,55,2.0,hueco,False
enphase_monitor,2026-06-22 15:00:00,913.0,58,1.0,ok,False
enphase_monitor,2026-06-22 16:00:00,295.0,58,1.0,ok,False
enphase_monitor,2026-06-22 17:00:00,901.0,60,1.0,ok,False
enphase_monitor,2026-06-22 18:00:00,13.0,60,1.0,ok,False
enphase_monitor,2026-06-22 19:00:00,0.0,40,1.0,ok,False
enphase_monitor,2026-06-22 20:00:00,0.0,18,1.0,ok,False
enphase_monitor,2026-06-22 21:00:00,0.0,7,1.0,ok,False
enphase_monitor,2026-06-22 22:00:00,0.0,54,1.0,ok,False
enphase_monitor,2026-06-22 23:00:00,0.0,60,1.0,ok,False
enphase_monitor,2026-06-23 00:00:00,0.0,60,1.0,ok,True
enphase_monitor,2026-06-23 01:00:00,0.0,59,1.0,ok,False
enphase_monitor,2026-06-23 02:00:00,0.0,60,1.0,ok,False
enphase_monitor,2026-06-23 03:00:00,0.0,60,1.0,ok,False
enphase_monitor,2026-06-23 04:00:00,0.0,59,1.0,ok,False
enphase_monitor,2026-06-23 05:00:00,0.0,60,1.0,ok,False
enphase_monitor,2026-06-23 06:00:00,1.0,18,1.0,ok,False
enphase_monitor,2026-06-23 08:00:00,1114.0,51,2.0,hueco,False
enphase_monitor,2026-06-23 09:00:00,1517.0,59,1.0,ok,False
enphase_monitor,2026-06-23 10:00:00,2351.0,59,1.0,ok,False
enphase_monitor,2026-06-23 11:00:00,2321.0,59,1.0,ok,False
enphase_monitor,2026-06-23 12:00:00,1841.0,50,1.0,ok,False
enphase_monitor,2026-06-23 13:00:00,2119.0,50,1.0,ok,False
enphase_monitor,2026-06-23 14:00:00,2276.0,57,1.0,ok,False
enphase_monitor,2026-06-23 15:00:00,1379.0,58,1.0,ok,False
enphase_monitor,2026-06-23 16:00:00,449.0,59,1.0,ok,False
enphase_monitor,2026-06-23 17:00:00,935.0,58,1.0,ok,False
enphase_monitor,2026-06-23 18:00:00,13.0,60,1.0,ok,False
enphase_monitor,2026-06-23 19:00:00,0.0,59,1.0,ok,False
enphase_monitor,2026-06-23 20:00:00,0.0,58,1.0,ok,False
enphase_monitor,2026-06-23 21:00:00,0.0,60,1.0,ok,False
enphase_monitor,2026-06-23 22:00:00,0.0,31,1.0,ok,False
enphase_monitor,2026-06-24 00:00:00,0.0,26,2.0,hueco,True
enphase_monitor,2026-06-24 01:00:00,0.0,60,1.0,ok,False
enphase_monitor,2026-06-24 02:00:00,0.0,36,1.0,ok,False
enphase_monitor,2026-06-24 04:00:00,0.0,20,2.0,hueco,False
enphase_monitor,2026-06-24 05:00:00,0.0,60,1.0,ok,False
enphase_monitor,2026-06-24 06:00:00,23.0,42,1.0,ok,False
enphase_monitor,2026-06-24 08:00:00,994.0,14,2.0,hueco,False
enphase_monitor,2026-06-24 09:00:00,1487.0,59,1.0,ok,False
enphase_monitor,2026-06-24 10:00:00,2275.0,55,1.0,ok,False
enphase_monitor,2026-06-24 11:00:00,2190.0,53,1.0,ok,False
enphase_monitor,2026-06-24 12:00:00,2603.0,59,1.0,ok,False
enphase_monitor,2026-06-24 13:00:00,2579.0,59,1.0,ok,False
enphase_monitor,2026-06-24 14:00:00,1996.0,60,1.0,ok,False
enphase_monitor,2026-06-24 15:00:00,1380.0,59,1.0,ok,False
enphase_monitor,2026-06-24 16:00:00,506.0,59,1.0,ok,False
enphase_monitor,2026-06-24 17:00:00,911.0,59,1.0,ok,False
enphase_monitor,2026-06-24 18:00:00,5.0,56,1.0,ok,False
enphase_monitor,2026-06-24 19:00:00,0.0,60,1.0,ok,False
enphase_monitor,2026-06-24 20:00:00,0.0,60,1.0,ok,False
enphase_monitor,2026-06-24 21:00:00,0.0,58,1.0,ok,False
enphase_monitor,2026-06-24 22:00:00,0.0,59,1.0,ok,False
enphase_monitor,2026-06-24 23:00:00,0.0,52,1.0,ok,False
enphase_monitor,2026-06-25 00:00:00,0.0,60,1.0,ok,True
enphase_monitor,2026-06-25 01:00:00,0.0,19,1.0,ok,False
enphase_monitor,2026-06-25 03:00:00,0.0,36,2.0,hueco,False
enphase_monitor,2026-06-25 04:00:00,0.0,59,1.0,ok,False
enphase_monitor,2026-06-25 05:00:00,0.0,57,1.0,ok,False
enphase_monitor,2026-06-25 06:00:00,68.0,59,1.0,ok,False
enphase_monitor,2026-06-25 07:00:00,363.0,60,1.0,ok,False
enphase_monitor,2026-06-25 08:00:00,732.0,59,1.0,ok,False
enphase_monitor,2026-06-25 09:00:00,1140.0,59,1.0,ok,False
enphase_monitor,2026-06-25 10:00:00,1761.0,59,1.0,ok,False
enphase_monitor,2026-06-25 11:00:00,2190.0,59,1.0,ok,False
enphase_monitor,2026-06-25 12:00:00,2364.0,59,1.0,ok,False
enphase_monitor,2026-06-25 13:00:00,2028.0,54,1.0,ok,False
enphase_monitor,2026-06-25 14:00:00,476.0,12,1.0,ok,False
enphase_monitor,2026-06-26 09:00:00,2498.0,50,19.0,hueco,True
enphase_monitor,2026-06-26 10:00:00,1366.0,57,1.0,ok,False
enphase_monitor,2026-06-26 11:00:00,1749.0,59,1.0,ok,False
enphase_monitor,2026-06-26 12:00:00,1961.0,60,1.0,ok,False
enphase_monitor,2026-06-26 13:00:00,1289.0,54,1.0,ok,False
enphase_monitor,2026-06-26 14:00:00,1313.0,60,1.0,ok,False
enphase_monitor,2026-06-26 15:00:00,312.0,16,1.0,ok,False
enphase_monitor,2026-06-26 17:00:00,1492.0,36,2.0,hueco,False
enphase_monitor,2026-06-26 18:00:00,20.0,60,1.0,ok,False
enphase_monitor,2026-06-26 19:00:00,0.0,26,1.0,ok,False
enphase_monitor,2026-06-26 21:00:00,0.0,47,2.0,hueco,False
enphase_monitor,2026-06-26 22:00:00,0.0,60,1.0,ok,False
enphase_monitor,2026-06-26 23:00:00,0.0,60,1.0,ok,False
enphase_monitor,2026-06-27 00:00:00,0.0,59,1.0,ok,True
enphase_monitor,2026-06-27 01:00:00,0.0,60,1.0,ok,False
enphase_monitor,2026-06-27 02:00:00,0.0,60,1.0,ok,False
enphase_monitor,2026-06-27 03:00:00,0.0,60,1.0,ok,False
enphase_monitor,2026-06-27 04:00:00,0.0,59,1.0,ok,False
enphase_monitor,2026-06-27 05:00:00,0.0,60,1.0,ok,False
enphase_monitor,2026-06-27 06:00:00,37.0,59,1.0,ok,False
enphase_monitor,2026-06-27 07:00:00,399.0,60,1.0,ok,False
enphase_monitor,2026-06-27 08:00:00,722.0,60,1.0,ok,False
enphase_monitor,2026-06-27 09:00:00,1470.0,60,1.0,ok,False
enphase_monitor,2026-06-27 10:00:00,2377.0,59,1.0,ok,False
enphase_monitor,2026-06-27 11:00:00,2325.0,58,1.0,ok,False
enphase_monitor,2026-06-27 12:00:00,1716.0,60,1.0,ok,False
enphase_monitor,2026-06-27 13:00:00,1774.0,60,1.0,ok,False
enphase_monitor,2026-06-27 14:00:00,2044.0,59,1.0,ok,False
enphase_monitor,2026-06-27 15:00:00,1367.0,60,1.0,ok,False
enphase_monitor,2026-06-27 16:00:00,502.0,60,1.0,ok,False
enphase_monitor,2026-06-27 17:00:00,81.0,59,1.0,ok,False
enphase_monitor,2026-06-27 18:00:00,757.0,60,1.0,ok,False
enphase_monitor,2026-06-27 19:00:00,0.0,59,1.0,ok,False
enphase_monitor,2026-06-27 20:00:00,0.0,60,1.0,ok,False
enphase_monitor,2026-06-27 21:00:00,0.0,59,1.0,ok,False
enphase_monitor,2026-06-27 22:00:00,0.0,60,1.0,ok,False
enphase_monitor,2026-06-27 23:00:00,0.0,59,1.0,ok,False
enphase_monitor,2026-06-28 00:00:00,0.0,60,1.0,ok,True
enphase_monitor,2026-06-28 01:00:00,0.0,60,1.0,ok,False
enphase_monitor,2026-06-28 02:00:00,0.0,59,1.0,ok,False
enphase_monitor,2026-06-28 03:00:00,0.0,60,1.0,ok,False
enphase_monitor,2026-06-28 04:00:00,0.0,60,1.0,ok,False
enphase_monitor,2026-06-28 05:00:00,0.0,59,1.0,ok,False
enphase_monitor,2026-06-28 06:00:00,88.0,60,1.0,ok,False
enphase_monitor,2026-06-28 07:00:00,403.0,60,1.0,ok,False
enphase_monitor,2026-06-28 08:00:00,0.0,1,1.0,ok,False
enphase_monitor,2026-06-28 13:00:00,9931.0,10,5.0,hueco,False
enphase_monitor,2026-06-28 14:00:00,951.0,55,1.0,ok,False
enphase_monitor,2026-06-28 15:00:00,525.0,58,1.0,ok,False
enphase_monitor,2026-06-28 16:00:00,347.0,60,1.0,ok,False
enphase_monitor,2026-06-28 17:00:00,755.0,59,1.0,ok,False
enphase_monitor,2026-06-28 18:00:00,3.0,57,1.0,ok,False
enphase_monitor,2026-06-28 19:00:00,0.0,39,1.0,ok,False
enphase_monitor,2026-06-28 20:00:00,0.0,60,1.0,ok,False
enphase_monitor,2026-06-28 21:00:00,0.0,59,1.0,ok,False
enphase_monitor,2026-06-28 22:00:00,0.0,60,1.0,ok,False
enphase_monitor,2026-06-28 23:00:00,0.0,59,1.0,ok,False
enphase_monitor,2026-06-29 00:00:00,0.0,14,1.0,ok,True
enphase_monitor,2026-06-29 01:00:00,0.0,12,1.0,ok,False
enphase_monitor,2026-06-29 02:00:00,0.0,59,1.0,ok,False
enphase_monitor,2026-06-29 03:00:00,0.0,60,1.0,ok,False
enphase_monitor,2026-06-29 04:00:00,0.0,60,1.0,ok,False
enphase_monitor,2026-06-29 05:00:00,0.0,60,1.0,ok,False
enphase_monitor,2026-06-29 06:00:00,123.0,59,1.0,ok,False
enphase_monitor,2026-06-29 07:00:00,498.0,60,1.0,ok,False
enphase_monitor,2026-06-29 08:00:00,1043.0,60,1.0,ok,False
enphase_monitor,2026-06-29 09:00:00,1507.0,60,1.0,ok,False
enphase_monitor,2026-06-29 10:00:00,1395.0,59,1.0,ok,False
enphase_monitor,2026-06-29 11:00:00,1777.0,60,1.0,ok,False
enphase_monitor,2026-06-29 12:00:00,2648.0,55,1.0,ok,False
enphase_monitor,2026-06-29 13:00:00,2242.0,58,1.0,ok,False
enphase_monitor,2026-06-29 14:00:00,1159.0,60,1.0,ok,False
enphase_monitor,2026-06-29 15:00:00,758.0,60,1.0,ok,False
enphase_monitor,2026-06-29 16:00:00,541.0,59,1.0,ok,False
enphase_monitor,2026-06-29 17:00:00,89.0,57,1.0,ok,False
enphase_monitor,2026-06-29 18:00:00,680.0,59,1.0,ok,False
enphase_monitor,2026-06-29 19:00:00,0.0,60,1.0,ok,False
enphase_monitor,2026-06-29 20:00:00,0.0,60,1.0,ok,False
enphase_monitor,2026-06-29 21:00:00,0.0,60,1.0,ok,False
enphase_monitor,2026-06-30 00:00:00,0.0,31,3.0,hueco,True
enphase_monitor,2026-06-30 01:00:00,0.0,60,1.0,ok,False
enphase_monitor,2026-06-30 02:00:00,0.0,60,1.0,ok,False
enphase_monitor,2026-06-30 03:00:00,0.0,60,1.0,ok,False
enphase_monitor,2026-06-30 04:00:00,0.0,34,1.0,ok,False
enphase_monitor,2026-06-30 06:00:00,19.0,31,2.0,hueco,False
enphase_monitor,2026-06-30 07:00:00,450.0,60,1.0,ok,False
enphase_monitor,2026-06-30 08:00:00,791.0,59,1.0,ok,False
enphase_monitor,2026-06-30 09:00:00,1674.0,60,1.0,ok,False
enphase_monitor,2026-06-30 10:00:00,986.0,58,1.0,ok,False
enphase_monitor,2026-06-30 11:00:00,2028.0,58,1.0,ok,False
enphase_monitor,2026-06-30 12:00:00,1454.0,57,1.0,ok,False
enphase_monitor,2026-06-30 13:00:00,1325.0,60,1.0,ok,False
enphase_monitor,2026-06-30 14:00:00,1531.0,57,1.0,ok,False
enphase_monitor,2026-06-30 15:00:00,627.0,53,1.0,ok,False
enphase_monitor,2026-06-30 16:00:00,383.0,55,1.0,ok,False
enphase_monitor,2026-06-30 17:00:00,131.0,59,1.0,ok,False
enphase_monitor,2026-06-30 18:00:00,4.0,59,1.0,ok,False
enphase_monitor,2026-06-30 19:00:00,0.0,60,1.0,ok,False
enphase_monitor,2026-06-30 20:00:00,0.0,60,1.0,ok,False
enphase_monitor,2026-06-30 21:00:00,0.0,60,1.0,ok,False
enphase_monitor,2026-06-30 22:00:00,0.0,59,1.0,ok,False
enphase_monitor,2026-06-30 23:00:00,0.0,60,1.0,ok,False
enphase_monitor,2026-07-01 00:00:00,0.0,60,1.0,ok,True
enphase_monitor,2026-07-01 01:00:00,0.0,13,1.0,ok,False
enphase_monitor,2026-07-01 02:00:00,0.0,18,1.0,ok,False
enphase_monitor,2026-07-01 04:00:00,0.0,27,2.0,hueco,False
enphase_monitor,2026-07-01 05:00:00,0.0,59,1.0,ok,False
enphase_monitor,2026-07-01 06:00:00,124.0,59,1.0,ok,False
enphase_monitor,2026-07-01 07:00:00,489.0,59,1.0,ok,False
enphase_monitor,2026-07-01 08:00:00,880.0,60,1.0,ok,False
enphase_monitor,2026-07-01 09:00:00,1564.0,60,1.0,ok,False
enphase_monitor,2026-07-01 10:00:00,2158.0,59,1.0,ok,False
enphase_monitor,2026-07-01 11:00:00,1215.0,60,1.0,ok,False
enphase_monitor,2026-07-01 12:00:00,2251.0,60,1.0,ok,False
enphase_monitor,2026-07-01 13:00:00,1984.0,60,1.0,ok,False
enphase_monitor,2026-07-01 14:00:00,1095.0,60,1.0,ok,False
enphase_monitor,2026-07-01 15:00:00,475.0,59,1.0,ok,False
enphase_monitor,2026-07-01 16:00:00,192.0,60,1.0,ok,False
enphase_monitor,2026-07-01 17:00:00,164.0,60,1.0,ok,False
enphase_monitor,2026-07-01 18:00:00,633.0,53,1.0,ok,False
enphase_monitor,2026-07-01 19:00:00,0.0,59,1.0,ok,False
enphase_monitor,2026-07-01 20:00:00,0.0,60,1.0,ok,False
enphase_monitor,2026-07-01 21:00:00,0.0,59,1.0,ok,False
enphase_monitor,2026-07-01 22:00:00,0.0,60,1.0,ok,False
enphase_monitor,2026-07-01 23:00:00,0.0,60,1.0,ok,False
enphase_monitor,2026-07-02 00:00:00,0.0,59,1.0,ok,True
enphase_monitor,2026-07-02 01:00:00,0.0,7,1.0,ok,False
enphase_monitor,2026-07-02 11:00:00,5074.0,58,10.0,hueco,False
enphase_monitor,2026-07-02 12:00:00,2176.0,60,1.0,ok,False
enphase_monitor,2026-07-02 13:00:00,1400.0,60,1.0,ok,False
enphase_monitor,2026-07-02 14:00:00,1218.0,59,1.0,ok,False
enphase_monitor,2026-07-02 15:00:00,496.0,60,1.0,ok,False
enphase_monitor,2026-07-02 16:00:00,917.0,60,1.0,ok,False
enphase_monitor,2026-07-02 17:00:00,126.0,60,1.0,ok,False
enphase_monitor,2026-07-02 18:00:00,10.0,59,1.0,ok,False
enphase_monitor,2026-07-02 19:00:00,0.0,60,1.0,ok,False
enphase_monitor,2026-07-02 20:00:00,0.0,59,1.0,ok,False
enphase_monitor,2026-07-02 21:00:00,0.0,60,1.0,ok,False
enphase_monitor,2026-07-02 22:00:00,0.0,60,1.0,ok,False
enphase_monitor,2026-07-02 23:00:00,0.0,60,1.0,ok,False
enphase_monitor,2026-07-03 00:00:00,0.0,59,1.0,ok,True
enphase_monitor,2026-07-03 01:00:00,0.0,60,1.0,ok,False
enphase_monitor,2026-07-03 02:00:00,0.0,60,1.0,ok,False
enphase_monitor,2026-07-03 03:00:00,0.0,60,1.0,ok,False
enphase_monitor,2026-07-03 04:00:00,0.0,60,1.0,ok,False
enphase_monitor,2026-07-03 05:00:00,0.0,59,1.0,ok,False
enphase_monitor,2026-07-03 06:00:00,84.0,60,1.0,ok,False
enphase_monitor,2026-07-03 07:00:00,520.0,60,1.0,ok,False
enphase_monitor,2026-07-03 08:00:00,868.0,59,1.0,ok,False
enphase_monitor,2026-07-03 09:00:00,1410.0,60,1.0,ok,False
enphase_monitor,2026-07-03 10:00:00,1683.0,60,1.0,ok,False
enphase_monitor,2026-07-03 11:00:00,1462.0,59,1.0,ok,False
enphase_monitor,2026-07-03 12:00:00,1377.0,59,1.0,ok,False
enphase_monitor,2026-07-03 13:00:00,1760.0,58,1.0,ok,False
enphase_monitor,2026-07-03 14:00:00,1577.0,60,1.0,ok,False
enphase_monitor,2026-07-03 15:00:00,1137.0,60,1.0,ok,False
enphase_monitor,2026-07-03 16:00:00,576.0,60,1.0,ok,False
enphase_monitor,2026-07-03 17:00:00,207.0,59,1.0,ok,False
enphase_monitor,2026-07-03 18:00:00,18.0,60,1.0,ok,False
enphase_monitor,2026-07-03 19:00:00,0.0,60,1.0,ok,False
enphase_monitor,2026-07-03 20:00:00,0.0,60,1.0,ok,False
enphase_monitor,2026-07-03 21:00:00,0.0,60,1.0,ok,False
enphase_monitor,2026-07-03 22:00:00,0.0,59,1.0,ok,False
enphase_monitor,2026-07-03 23:00:00,0.0,60,1.0,ok,False
enphase_monitor,2026-07-04 00:00:00,0.0,60,1.0,ok,True
enphase_monitor,2026-07-04 01:00:00,0.0,59,1.0,ok,False
enphase_monitor,2026-07-04 02:00:00,0.0,60,1.0,ok,False
enphase_monitor,2026-07-04 03:00:00,0.0,60,1.0,ok,False
enphase_monitor,2026-07-04 04:00:00,0.0,58,1.0,ok,False
enphase_monitor,2026-07-04 05:00:00,0.0,60,1.0,ok,False
enphase_monitor,2026-07-04 06:00:00,45.0,60,1.0,ok,False
enphase_monitor,2026-07-04 07:00:00,315.0,59,1.0,ok,False
enphase_monitor,2026-07-04 08:00:00,592.0,59,1.0,ok,False
enphase_monitor,2026-07-04 09:00:00,766.0,60,1.0,ok,False
enphase_monitor,2026-07-04 10:00:00,720.0,58,1.0,ok,False
enphase_monitor,2026-07-04 11:00:00,1103.0,59,1.0,ok,False
enphase_monitor,2026-07-04 12:00:00,1142.0,55,1.0,ok,False
enphase_monitor,2026-07-04 13:00:00,1221.0,60,1.0,ok,False
enphase_monitor,2026-07-04 14:00:00,1228.0,60,1.0,ok,False
enphase_monitor,2026-07-04 15:00:00,762.0,59,1.0,ok,False
enphase_monitor,2026-07-04 16:00:00,516.0,59,1.0,ok,False
enphase_monitor,2026-07-04 17:00:00,223.0,59,1.0,ok,False
enphase_monitor,2026-07-04 18:00:00,291.0,60,1.0,ok,False
enphase_monitor,2026-07-04 19:00:00,0.0,60,1.0,ok,False
enphase_monitor,2026-07-04 20:00:00,0.0,59,1.0,ok,False
enphase_monitor,2026-07-04 21:00:00,0.0,60,1.0,ok,False
enphase_monitor,2026-07-04 22:00:00,0.0,60,1.0,ok,False
enphase_monitor,2026-07-04 23:00:00,0.0,59,1.0,ok,False
enphase_monitor,2026-07-05 00:00:00,0.0,60,1.0,ok,True
enphase_monitor,2026-07-05 01:00:00,0.0,60,1.0,ok,False
enphase_monitor,2026-07-05 02:00:00,0.0,59,1.0,ok,False
enphase_monitor,2026-07-05 03:00:00,0.0,60,1.0,ok,False
enphase_monitor,2026-07-05 04:00:00,0.0,60,1.0,ok,False
enphase_monitor,2026-07-05 05:00:00,0.0,60,1.0,ok,False
enphase_monitor,2026-07-05 06:00:00,79.0,59,1.0,ok,False
enphase_monitor,2026-07-05 07:00:00,224.0,56,1.0,ok,False
enphase_monitor,2026-07-05 08:00:00,790.0,56,1.0,ok,False
enphase_monitor,2026-07-05 09:00:00,1261.0,60,1.0,ok,False
enphase_monitor,2026-07-05 10:00:00,2011.0,59,1.0,ok,False
enphase_monitor,2026-07-05 11:00:00,2749.0,60,1.0,ok,False
enphase_monitor,2026-07-05 12:00:00,2080.0,59,1.0,ok,False
enphase_monitor,2026-07-05 13:00:00,2164.0,59,1.0,ok,False
enphase_monitor,2026-07-05 14:00:00,1646.0,58,1.0,ok,False
enphase_monitor,2026-07-05 15:00:00,1097.0,58,1.0,ok,False
enphase_monitor,2026-07-05 16:00:00,347.0,55,1.0,ok,False
enphase_monitor,2026-07-05 17:00:00,83.0,57,1.0,ok,False
enphase_monitor,2026-07-05 18:00:00,5.0,49,1.0,ok,False
enphase_monitor,2026-07-05 19:00:00,0.0,7,1.0,ok,False
enphase_monitor,2026-07-05 20:00:00,0.0,10,1.0,ok,False
enphase_monitor,2026-07-05 21:00:00,0.0,42,1.0,ok,False
enphase_monitor,2026-07-05 22:00:00,0.0,59,1.0,ok,False
enphase_monitor,2026-07-05 23:00:00,0.0,59,1.0,ok,False
enphase_monitor,2026-07-06 00:00:00,0.0,60,1.0,ok,True
enphase_monitor,2026-07-06 01:00:00,0.0,60,1.0,ok,False
enphase_monitor,2026-07-06 02:00:00,0.0,60,1.0,ok,False
enphase_monitor,2026-07-06 03:00:00,0.0,59,1.0,ok,False
enphase_monitor,2026-07-06 04:00:00,0.0,60,1.0,ok,False
enphase_monitor,2026-07-06 05:00:00,0.0,60,1.0,ok,False
enphase_monitor,2026-07-06 06:00:00,65.0,60,1.0,ok,False
enphase_monitor,2026-07-06 07:00:00,412.0,59,1.0,ok,False
enphase_monitor,2026-07-06 08:00:00,688.0,60,1.0,ok,False
enphase_monitor,2026-07-06 09:00:00,1492.0,60,1.0,ok,False
enphase_monitor,2026-07-06 10:00:00,2491.0,59,1.0,ok,False
enphase_monitor,2026-07-06 11:00:00,2480.0,60,1.0,ok,False
enphase_monitor,2026-07-06 12:00:00,2967.0,54,1.0,ok,False
enphase_monitor,2026-07-06 13:00:00,2864.0,58,1.0,ok,False
enphase_monitor,2026-07-06 14:00:00,1587.0,60,1.0,ok,False
enphase_monitor,2026-07-06 15:00:00,868.0,60,1.0,ok,False
enphase_monitor,2026-07-06 16:00:00,202.0,59,1.0,ok,False
enphase_monitor,2026-07-06 17:00:00,151.0,59,1.0,ok,False
enphase_monitor,2026-07-06 18:00:00,0.0,51,1.0,ok,False
enphase_monitor,2026-07-06 19:00:00,0.0,49,1.0,ok,False
enphase_monitor,2026-07-06 20:00:00,0.0,60,1.0,ok,False
enphase_monitor,2026-07-06 21:00:00,0.0,60,1.0,ok,False
enphase_monitor,2026-07-06 22:00:00,0.0,59,1.0,ok,False
enphase_monitor,2026-07-06 23:00:00,0.0,58,1.0,ok,False
enphase_monitor,2026-07-07 00:00:00,0.0,11,1.0,ok,True
enphase_monitor,2026-07-07 01:00:00,0.0,28,1.0,ok,False
enphase_monitor,2026-07-07 02:00:00,0.0,60,1.0,ok,False
enphase_monitor,2026-07-07 03:00:00,0.0,60,1.0,ok,False
enphase_monitor,2026-07-07 04:00:00,0.0,60,1.0,ok,False
enphase_monitor,2026-07-07 05:00:00,0.0,59,1.0,ok,False
enphase_monitor,2026-07-07 06:00:00,98.0,53,1.0,ok,False
enphase_monitor,2026-07-07 07:00:00,432.0,60,1.0,ok,False
enphase_monitor,2026-07-07 08:00:00,908.0,59,1.0,ok,False
enphase_monitor,2026-07-07 09:00:00,1581.0,60,1.0,ok,False
enphase_monitor,2026-07-07 10:00:00,2246.0,60,1.0,ok,False
enphase_monitor,2026-07-07 11:00:00,2197.0,59,1.0,ok,False
enphase_monitor,2026-07-07 12:00:00,3482.0,60,1.0,ok,False
enphase_monitor,2026-07-07 13:00:00,2602.0,60,1.0,ok,False
enphase_monitor,2026-07-07 14:00:00,1210.0,58,1.0,ok,False
enphase_monitor,2026-07-07 15:00:00,815.0,60,1.0,ok,False
enphase_monitor,2026-07-07 16:00:00,404.0,60,1.0,ok,False
enphase_monitor,2026-07-07 17:00:00,173.0,59,1.0,ok,False
enphase_monitor,2026-07-07 18:00:00,12.0,60,1.0,ok,False
enphase_monitor,2026-07-07 19:00:00,0.0,59,1.0,ok,False
enphase_monitor,2026-07-07 20:00:00,0.0,60,1.0,ok,False
enphase_monitor,2026-07-07 21:00:00,0.0,60,1.0,ok,False
enphase_monitor,2026-07-07 22:00:00,0.0,59,1.0,ok,False
enphase_monitor,2026-07-07 23:00:00,0.0,60,1.0,ok,False
enphase_monitor,2026-07-08 00:00:00,0.0,60,1.0,ok,True
enphase_monitor,2026-07-08 01:00:00,0.0,60,1.0,ok,False
enphase_monitor,2026-07-08 02:00:00,0.0,52,1.0,ok,False
enphase_monitor,2026-07-08 03:00:00,0.0,17,1.0,ok,False
enphase_monitor,2026-07-08 04:00:00,0.0,40,1.0,ok,False
enphase_monitor,2026-07-08 05:00:00,0.0,60,1.0,ok,False
enphase_monitor,2026-07-08 06:00:00,43.0,60,1.0,ok,False
enphase_monitor,2026-07-08 07:00:00,335.0,59,1.0,ok,False
enphase_monitor,2026-07-08 08:00:00,640.0,60,1.0,ok,False
enphase_monitor,2026-07-08 09:00:00,1300.0,59,1.0,ok,False
enphase_monitor,2026-07-08 10:00:00,1928.0,60,1.0,ok,False
enphase_monitor,2026-07-08 11:00:00,2590.0,59,1.0,ok,False
enphase_monitor,2026-07-08 12:00:00,2915.0,50,1.0,ok,False
enphase_monitor,2026-07-08 16:00:00,4000.0,25,4.0,hueco,False
enphase_monitor,2026-07-08 17:00:00,173.0,52,1.0,ok,False
enphase_monitor,2026-07-08 18:00:00,23.0,57,1.0,ok,False
enphase_monitor,2026-07-08 19:00:00,0.0,60,1.0,ok,False
enphase_monitor,2026-07-08 20:00:00,0.0,60,1.0,ok,False
enphase_monitor,2026-07-08 21:00:00,0.0,59,1.0,ok,False
enphase_monitor,2026-07-08 22:00:00,0.0,60,1.0,ok,False
enphase_monitor,2026-07-08 23:00:00,0.0,59,1.0,ok,False
enphase_monitor,2026-07-09 00:00:00,0.0,60,1.0,ok,True
enphase_monitor,2026-07-09 01:00:00,0.0,59,1.0,ok,False
enphase_monitor,2026-07-09 02:00:00,0.0,60,1.0,ok,False
enphase_monitor,2026-07-09 03:00:00,0.0,59,1.0,ok,False
enphase_monitor,2026-07-09 04:00:00,0.0,60,1.0,ok,False
enphase_monitor,2026-07-09 05:00:00,0.0,60,1.0,ok,False
enphase_monitor,2026-07-09 06:00:00,19.0,59,1.0,ok,False
enphase_monitor,2026-07-09 07:00:00,92.0,57,1.0,ok,False
enphase_monitor,2026-07-09 08:00:00,299.0,59,1.0,ok,False
enphase_monitor,2026-07-09 09:00:00,692.0,58,1.0,ok,False
enphase_monitor,2026-07-09 10:00:00,830.0,59,1.0,ok,False
enphase_monitor,2026-07-09 11:00:00,845.0,60,1.0,ok,False
enphase_monitor,2026-07-09 12:00:00,1273.0,60,1.0,ok,False
enphase_monitor,2026-07-09 13:00:00,1746.0,59,1.0,ok,False
enphase_monitor,2026-07-09 14:00:00,1272.0,60,1.0,ok,False
enphase_monitor,2026-07-09 15:00:00,776.0,60,1.0,ok,False
enphase_monitor,2026-07-09 16:00:00,447.0,60,1.0,ok,False
enphase_monitor,2026-07-09 17:00:00,124.0,60,1.0,ok,False
enphase_monitor,2026-07-09 18:00:00,377.0,59,1.0,ok,False
enphase_monitor,2026-07-09 19:00:00,0.0,60,1.0,ok,False
enphase_monitor,2026-07-09 20:00:00,0.0,60,1.0,ok,False
enphase_monitor,2026-07-09 21:00:00,0.0,59,1.0,ok,False
enphase_monitor,2026-07-09 22:00:00,0.0,60,1.0,ok,False
enphase_monitor,2026-07-09 23:00:00,0.0,60,1.0,ok,False
enphase_monitor,2026-07-10 00:00:00,0.0,59,1.0,ok,True
enphase_monitor,2026-07-10 01:00:00,0.0,60,1.0,ok,False
enphase_monitor,2026-07-10 02:00:00,0.0,60,1.0,ok,False
enphase_monitor,2026-07-10 03:00:00,0.0,60,1.0,ok,False
enphase_monitor,2026-07-10 04:00:00,0.0,59,1.0,ok,False
enphase_monitor,2026-07-10 05:00:00,0.0,60,1.0,ok,False
enphase_monitor,2026-07-10 06:00:00,63.0,60,1.0,ok,False
enphase_monitor,2026-07-10 07:00:00,304.0,55,1.0,ok,False
enphase_monitor,2026-07-10 08:00:00,712.0,60,1.0,ok,False
enphase_monitor,2026-07-10 09:00:00,1437.0,59,1.0,ok,False
enphase_monitor,2026-07-10 10:00:00,1999.0,59,1.0,ok,False
enphase_monitor,2026-07-10 12:00:00,4488.0,45,2.0,hueco,False
enphase_monitor,2026-07-10 13:00:00,729.0,60,1.0,ok,False
enphase_monitor,2026-07-10 14:00:00,1570.0,59,1.0,ok,False
enphase_monitor,2026-07-10 15:00:00,915.0,60,1.0,ok,False
enphase_monitor,2026-07-10 16:00:00,586.0,59,1.0,ok,False
enphase_monitor,2026-07-10 17:00:00,123.0,60,1.0,ok,False
enphase_monitor,2026-07-10 18:00:00,628.0,60,1.0,ok,False
enphase_monitor,2026-07-10 19:00:00,0.0,59,1.0,ok,False
enphase_monitor,2026-07-10 20:00:00,0.0,26,1.0,ok,False
enphase_monitor,2026-07-10 22:00:00,0.0,43,2.0,hueco,False
enphase_monitor,2026-07-10 23:00:00,0.0,60,1.0,ok,False
enphase_monitor,2026-07-11 00:00:00,0.0,59,1.0,ok,True
enphase_monitor,2026-07-11 01:00:00,0.0,60,1.0,ok,False
enphase_monitor,2026-07-11 02:00:00,0.0,60,1.0,ok,False
enphase_monitor,2026-07-11 03:00:00,0.0,59,1.0,ok,False
enphase_monitor,2026-07-11 04:00:00,0.0,60,1.0,ok,False
enphase_monitor,2026-07-11 05:00:00,0.0,58,1.0,ok,False
enphase_monitor,2026-07-11 06:00:00,47.0,60,1.0,ok,False
enphase_monitor,2026-07-11 07:00:00,357.0,60,1.0,ok,False
enphase_monitor,2026-07-11 08:00:00,743.0,59,1.0,ok,False
enphase_monitor,2026-07-11 09:00:00,1434.0,60,1.0,ok,False
enphase_monitor,2026-07-11 10:00:00,1996.0,60,1.0,ok,False
enphase_monitor,2026-07-11 11:00:00,1613.0,59,1.0,ok,False
enphase_monitor,2026-07-11 12:00:00,2562.0,60,1.0,ok,False
enphase_monitor,2026-07-11 13:00:00,1977.0,60,1.0,ok,False
enphase_monitor,2026-07-11 14:00:00,1212.0,59,1.0,ok,False
enphase_monitor,2026-07-11 15:00:00,958.0,60,1.0,ok,False
enphase_monitor,2026-07-11 16:00:00,391.0,59,1.0,ok,False
enphase_monitor,2026-07-11 17:00:00,168.0,60,1.0,ok,False
enphase_monitor,2026-07-11 18:00:00,8.0,59,1.0,ok,False
enphase_monitor,2026-07-11 19:00:00,0.0,60,1.0,ok,False
enphase_monitor,2026-07-11 20:00:00,0.0,60,1.0,ok,False
enphase_monitor,2026-07-11 21:00:00,0.0,60,1.0,ok,False
enphase_monitor,2026-07-11 22:00:00,0.0,59,1.0,ok,False
enphase_monitor,2026-07-11 23:00:00,0.0,58,1.0,ok,False
enphase_monitor,2026-07-12 00:00:00,0.0,59,1.0,ok,True
enphase_monitor,2026-07-12 01:00:00,0.0,60,1.0,ok,False
enphase_monitor,2026-07-12 02:00:00,0.0,56,1.0,ok,False
enphase_monitor,2026-07-12 10:00:00,3692.0,8,8.0,hueco,False
enphase_monitor,2026-07-12 11:00:00,923.0,60,1.0,ok,False
enphase_monitor,2026-07-12 12:00:00,1126.0,59,1.0,ok,False
enphase_monitor,2026-07-12 13:00:00,760.0,60,1.0,ok,False
enphase_monitor,2026-07-12 14:00:00,976.0,60,1.0,ok,False
enphase_monitor,2026-07-12 15:00:00,1174.0,51,1.0,ok,False
enphase_monitor,2026-07-12 16:00:00,302.0,59,1.0,ok,False
enphase_monitor,2026-07-12 17:00:00,64.0,60,1.0,ok,False
enphase_monitor,2026-07-12 18:00:00,5.0,60,1.0,ok,False
enphase_monitor,2026-07-12 19:00:00,0.0,59,1.0,ok,False
enphase_monitor,2026-07-12 20:00:00,0.0,60,1.0,ok,False
enphase_monitor,2026-07-12 21:00:00,0.0,60,1.0,ok,False
enphase_monitor,2026-07-12 22:00:00,0.0,60,1.0,ok,False
enphase_monitor,2026-07-12 23:00:00,0.0,60,1.0,ok,False
enphase_monitor,2026-07-13 00:00:00,0.0,59,1.0,ok,True
enphase_monitor,2026-07-13 01:00:00,0.0,60,1.0,ok,False
enphase_monitor,2026-07-13 02:00:00,0.0,60,1.0,ok,False
enphase_monitor,2026-07-13 03:00:00,0.0,11,1.0,ok,False
enphase_monitor,2026-07-13 10:00:00,4466.0,2,7.0,hueco,False
enphase_monitor,2026-07-13 11:00:00,2666.0,60,1.0,ok,False
enphase_monitor,2026-07-13 12:00:00,2602.0,60,1.0,ok,False
enphase_monitor,2026-07-13 13:00:00,1880.0,59,1.0,ok,False
enphase_monitor,2026-07-13 14:00:00,2079.0,60,1.0,ok,False
enphase_monitor,2026-07-13 15:00:00,0.0,4,1.0,ok,False
enphase_monitor,2026-07-13 16:00:00,1969.0,4,1.0,ok,False
enphase_monitor,2026-07-13 17:00:00,800.0,60,1.0,ok,False
enphase_monitor,2026-07-13 18:00:00,11.0,58,1.0,ok,False
enphase_monitor,2026-07-13 19:00:00,0.0,60,1.0,ok,False
enphase_monitor,2026-07-13 20:00:00,0.0,60,1.0,ok,False
enphase_monitor,2026-07-13 21:00:00,0.0,60,1.0,ok,False
enphase_monitor,2026-07-13 22:00:00,0.0,59,1.0,ok,False
enphase_monitor,2026-07-13 23:00:00,0.0,60,1.0,ok,False
enphase_monitor,2026-07-14 00:00:00,0.0,60,1.0,ok,True
enphase_monitor,2026-07-14 01:00:00,0.0,59,1.0,ok,False
enphase_monitor,2026-07-14 02:00:00,0.0,60,1.0,ok,False
enphase_monitor,2026-07-14 03:00:00,0.0,60,1.0,ok,False
enphase_monitor,2026-07-14 04:00:00,0.0,60,1.0,ok,False
enphase_monitor,2026-07-14 05:00:00,0.0,59,1.0,ok,False
enphase_monitor,2026-07-14 06:00:00,67.0,60,1.0,ok,False
enphase_monitor,2026-07-14 07:00:00,420.0,59,1.0,ok,False
enphase_monitor,2026-07-14 08:00:00,828.0,58,1.0,ok,False
enphase_monitor,2026-07-14 09:00:00,1820.0,59,1.0,ok,False
enphase_monitor,2026-07-14 10:00:00,2445.0,57,1.0,ok,False
enphase_monitor,2026-07-14 11:00:00,2731.0,59,1.0,ok,False
enphase_monitor,2026-07-14 12:00:00,2097.0,60,1.0,ok,False
enphase_monitor,2026-07-14 13:00:00,1997.0,60,1.0,ok,False
enphase_monitor,2026-07-14 14:00:00,884.0,59,1.0,ok,False
enphase_monitor,2026-07-14 15:00:00,847.0,59,1.0,ok,False
enphase_monitor,2026-07-14 16:00:00,296.0,58,1.0,ok,False
enphase_monitor,2026-07-14 17:00:00,445.0,56,1.0,ok,False
enphase_monitor,2026-07-14 18:00:00,9.0,59,1.0,ok,False
enphase_monitor,2026-07-14 19:00:00,0.0,57,1.0,ok,False
enphase_monitor,2026-07-14 20:00:00,0.0,60,1.0,ok,False
enphase_monitor,2026-07-14 21:00:00,0.0,41,1.0,ok,False
enphase_monitor,2026-07-14 23:00:00,0.0,11,2.0,hueco,False
enphase_monitor,2026-07-15 00:00:00,0.0,16,1.0,ok,True
enphase_monitor,2026-07-15 01:00:00,0.0,21,1.0,ok,False
enphase_monitor,2026-07-15 03:00:00,0.0,10,2.0,hueco,False
enphase_monitor,2026-07-15 04:00:00,0.0,60,1.0,ok,False
enphase_monitor,2026-07-15 05:00:00,0.0,60,1.0,ok,False
enphase_monitor,2026-07-15 06:00:00,59.0,59,1.0,ok,False
enphase_monitor,2026-07-15 07:00:00,443.0,56,1.0,ok,False
enphase_monitor,2026-07-15 09:00:00,1731.0,26,2.0,hueco,False
enphase_monitor,2026-07-15 10:00:00,1518.0,58,1.0,ok,False
enphase_monitor,2026-07-15 11:00:00,1511.0,58,1.0,ok,False
enphase_monitor,2026-07-15 12:00:00,2037.0,58,1.0,ok,False
enphase_monitor,2026-07-15 13:00:00,1154.0,38,1.0,ok,False
enphase_monitor,2026-07-15 15:00:00,2042.0,22,2.0,hueco,False
enphase_monitor,2026-07-15 16:00:00,389.0,51,1.0,ok,False
enphase_monitor,2026-07-15 17:00:00,142.0,36,1.0,ok,False
enphase_monitor,2026-07-15 19:00:00,55.0,23,2.0,hueco,False
enphase_monitor,2026-07-15 20:00:00,0.0,60,1.0,ok,False
enphase_monitor,2026-07-15 21:00:00,0.0,59,1.0,ok,False
enphase_monitor,2026-07-15 22:00:00,0.0,60,1.0,ok,False
enphase_monitor,2026-07-15 23:00:00,0.0,60,1.0,ok,False
enphase_monitor,2026-07-16 00:00:00,0.0,59,1.0,ok,True
enphase_monitor,2026-07-16 01:00:00,0.0,8,1.0,ok,False
enphase_monitor,2026-07-16 10:00:00,5632.0,51,9.0,hueco,False
enphase_monitor,2026-07-16 11:00:00,2376.0,60,1.0,ok,False
enphase_monitor,2026-07-16 12:00:00,2580.0,59,1.0,ok,False
enphase_monitor,2026-07-16 13:00:00,2584.0,59,1.0,ok,False
enphase_monitor,2026-07-16 14:00:00,2157.0,60,1.0,ok,False
enphase_monitor,2026-07-16 16:00:00,1789.0,48,2.0,hueco,False
enphase_monitor,2026-07-16 17:00:00,136.0,51,1.0,ok,False
enphase_monitor,2026-07-16 18:00:00,21.0,54,1.0,ok,False
enphase_monitor,2026-07-16 19:00:00,0.0,59,1.0,ok,False
enphase_monitor,2026-07-16 20:00:00,0.0,60,1.0,ok,False
enphase_monitor,2026-07-16 21:00:00,0.0,60,1.0,ok,False
enphase_monitor,2026-07-16 22:00:00,0.0,59,1.0,ok,False
enphase_monitor,2026-07-16 23:00:00,0.0,60,1.0,ok,False
enphase_monitor,2026-07-17 00:00:00,0.0,60,1.0,ok,True
enphase_monitor,2026-07-17 01:00:00,0.0,59,1.0,ok,False
enphase_monitor,2026-07-17 02:00:00,0.0,29,1.0,ok,False
enphase_monitor,2026-07-17 04:00:00,0.0,45,2.0,hueco,False
enphase_monitor,2026-07-17 05:00:00,0.0,60,1.0,ok,False
enphase_monitor,2026-07-17 06:00:00,144.0,59,1.0,ok,False
enphase_monitor,2026-07-17 07:00:00,385.0,60,1.0,ok,False
enphase_monitor,2026-07-17 08:00:00,886.0,60,1.0,ok,False
enphase_monitor,2026-07-17 09:00:00,1328.0,58,1.0,ok,False
enphase_monitor,2026-07-17 10:00:00,1805.0,59,1.0,ok,False
enphase_monitor,2026-07-17 11:00:00,2168.0,60,1.0,ok,False
enphase_monitor,2026-07-17 12:00:00,2583.0,60,1.0,ok,False
enphase_monitor,2026-07-17 13:00:00,2182.0,59,1.0,ok,False
enphase_monitor,2026-07-17 14:00:00,1593.0,60,1.0,ok,False
enphase_monitor,2026-07-17 15:00:00,1401.0,59,1.0,ok,False
enphase_monitor,2026-07-17 16:00:00,532.0,59,1.0,ok,False
enphase_monitor,2026-07-17 17:00:00,107.0,59,1.0,ok,False
enphase_monitor,2026-07-17 18:00:00,11.0,59,1.0,ok,False
enphase_monitor,2026-07-17 19:00:00,0.0,60,1.0,ok,False
enphase_monitor,2026-07-17 20:00:00,0.0,59,1.0,ok,False
enphase_monitor,2026-07-17 21:00:00,0.0,60,1.0,ok,False
enphase_monitor,2026-07-17 22:00:00,0.0,60,1.0,ok,False
enphase_monitor,2026-07-17 23:00:00,0.0,59,1.0,ok,False
enphase_monitor,2026-07-18 00:00:00,0.0,60,1.0,ok,True
enphase_monitor,2026-07-18 01:00:00,0.0,60,1.0,ok,False
enphase_monitor,2026-07-18 02:00:00,0.0,60,1.0,ok,False
enphase_monitor,2026-07-18 03:00:00,0.0,59,1.0,ok,False
enphase_monitor,2026-07-18 04:00:00,0.0,60,1.0,ok,False
enphase_monitor,2026-07-18 05:00:00,0.0,60,1.0,ok,False
enphase_monitor,2026-07-18 06:00:00,61.0,59,1.0,ok,False
enphase_monitor,2026-07-18 07:00:00,306.0,60,1.0,ok,False
enphase_monitor,2026-07-18 08:00:00,900.0,60,1.0,ok,False
enphase_monitor,2026-07-18 09:00:00,1559.0,59,1.0,ok,False
enphase_monitor,2026-07-18 10:00:00,2054.0,60,1.0,ok,False
enphase_monitor,2026-07-18 11:00:00,2640.0,60,1.0,ok,False
enphase_monitor,2026-07-18 12:00:00,2394.0,59,1.0,ok,False
enphase_monitor,2026-07-18 13:00:00,2505.0,60,1.0,ok,False
enphase_monitor,2026-07-18 14:00:00,2096.0,60,1.0,ok,False
enphase_monitor,2026-07-18 15:00:00,1275.0,59,1.0,ok,False
enphase_monitor,2026-07-18 16:00:00,325.0,60,1.0,ok,False
enphase_monitor,2026-07-18 17:00:00,77.0,60,1.0,ok,False
enphase_monitor,2026-07-18 18:00:00,12.0,60,1.0,ok,False
enphase_monitor,2026-07-18 19:00:00,0.0,59,1.0,ok,False
enphase_monitor,2026-07-18 20:00:00,0.0,60,1.0,ok,False
enphase_monitor,2026-07-18 21:00:00,0.0,60,1.0,ok,False
enphase_monitor,2026-07-18 22:00:00,0.0,60,1.0,ok,False
enphase_monitor,2026-07-18 23:00:00,0.0,59,1.0,ok,False
enphase_monitor,2026-07-19 00:00:00,0.0,60,1.0,ok,True
enphase_monitor,2026-07-19 01:00:00,0.0,58,1.0,ok,False
enphase_monitor,2026-07-19 02:00:00,0.0,60,1.0,ok,False
enphase_monitor,2026-07-19 03:00:00,0.0,60,1.0,ok,False
enphase_monitor,2026-07-19 04:00:00,0.0,60,1.0,ok,False
enphase_monitor,2026-07-19 05:00:00,0.0,59,1.0,ok,False
enphase_monitor,2026-07-19 06:00:00,29.0,60,1.0,ok,False
enphase_monitor,2026-07-19 07:00:00,259.0,60,1.0,ok,False
enphase_monitor,2026-07-19 08:00:00,540.0,59,1.0,ok,False
enphase_monitor,2026-07-19 09:00:00,609.0,59,1.0,ok,False
enphase_monitor,2026-07-19 10:00:00,1300.0,60,1.0,ok,False
enphase_monitor,2026-07-19 11:00:00,1598.0,59,1.0,ok,False
enphase_monitor,2026-07-19 12:00:00,1338.0,60,1.0,ok,False
enphase_monitor,2026-07-19 13:00:00,1459.0,60,1.0,ok,False
enphase_monitor,2026-07-19 14:00:00,1177.0,59,1.0,ok,False
enphase_monitor,2026-07-19 15:00:00,704.0,60,1.0,ok,False
enphase_monitor,2026-07-19 16:00:00,470.0,60,1.0,ok,False
enphase_monitor,2026-07-19 17:00:00,152.0,60,1.0,ok,False
enphase_monitor,2026-07-19 18:00:00,422.0,59,1.0,ok,False
enphase_monitor,2026-07-19 19:00:00,0.0,60,1.0,ok,False
enphase_monitor,2026-07-19 20:00:00,0.0,60,1.0,ok,False
enphase_monitor,2026-07-19 21:00:00,0.0,59,1.0,ok,False
enphase_monitor,2026-07-19 22:00:00,0.0,60,1.0,ok,False
enphase_monitor,2026-07-19 23:00:00,0.0,51,1.0,ok,False
enphase_monitor,2026-07-20 01:00:00,0.0,10,2.0,hueco,True
enphase_monitor,2026-07-20 02:00:00,0.0,59,1.0,ok,False
enphase_monitor,2026-07-20 03:00:00,0.0,60,1.0,ok,False
enphase_monitor,2026-07-20 04:00:00,0.0,60,1.0,ok,False
enphase_monitor,2026-07-20 05:00:00,0.0,59,1.0,ok,False
enphase_monitor,2026-07-20 06:00:00,78.0,60,1.0,ok,False
enphase_monitor,2026-07-20 07:00:00,372.0,60,1.0,ok,False
enphase_monitor,2026-07-20 08:00:00,678.0,59,1.0,ok,False
enphase_monitor,2026-07-20 09:00:00,899.0,58,1.0,ok,False
enphase_monitor,2026-07-20 10:00:00,1096.0,55,1.0,ok,False
enphase_monitor,2026-07-20 11:00:00,1769.0,58,1.0,ok,False
enphase_monitor,2026-07-20 12:00:00,1895.0,60,1.0,ok,False
enphase_monitor,2026-07-20 13:00:00,300.0,59,1.0,ok,False
enphase_monitor,2026-07-20 14:00:00,1084.0,60,1.0,ok,False
enphase_monitor,2026-07-20 15:00:00,798.0,60,1.0,ok,False
enphase_monitor,2026-07-20 16:00:00,642.0,60,1.0,ok,False
enphase_monitor,2026-07-20 17:00:00,163.0,59,1.0,ok,False
enphase_monitor,2026-07-20 18:00:00,34.0,60,1.0,ok,False
enphase_monitor,2026-07-20 19:00:00,0.0,59,1.0,ok,False
enphase_monitor,2026-07-20 20:00:00,0.0,17,1.0,ok,False
enphase_monitor,2026-07-21 00:00:00,0.0,5,4.0,hueco,True
enphase_monitor,2026-07-21 01:00:00,0.0,60,1.0,ok,False
enphase_monitor,2026-07-21 02:00:00,0.0,60,1.0,ok,False
enphase_monitor,2026-07-21 03:00:00,0.0,60,1.0,ok,False
enphase_monitor,2026-07-21 04:00:00,0.0,60,1.0,ok,False
enphase_monitor,2026-07-21 05:00:00,0.0,59,1.0,ok,False
enphase_monitor,2026-07-21 06:00:00,30.0,60,1.0,ok,False
enphase_monitor,2026-07-21 07:00:00,271.0,59,1.0,ok,False
enphase_monitor,2026-07-21 08:00:00,688.0,59,1.0,ok,False
enphase_monitor,2026-07-21 09:00:00,1600.0,60,1.0,ok,False
enphase_monitor,2026-07-21 10:00:00,2465.0,59,1.0,ok,False
enphase_monitor,2026-07-21 11:00:00,2526.0,60,1.0,ok,False
enphase_monitor,2026-07-21 12:00:00,2773.0,60,1.0,ok,False
enphase_monitor,2026-07-21 13:00:00,2648.0,59,1.0,ok,False
enphase_monitor,2026-07-21 14:00:00,2403.0,59,1.0,ok,False
enphase_monitor,2026-07-21 15:00:00,1669.0,60,1.0,ok,False
enphase_monitor,2026-07-21 16:00:00,647.0,59,1.0,ok,False
enphase_monitor,2026-07-21 17:00:00,1005.0,59,1.0,ok,False
enphase_monitor,2026-07-21 18:00:00,9.0,59,1.0,ok,False
enphase_monitor,2026-07-21 19:00:00,0.0,60,1.0,ok,False
enphase_monitor,2026-07-21 20:00:00,0.0,60,1.0,ok,False
enphase_monitor,2026-07-21 21:00:00,0.0,59,1.0,ok,False
enphase_monitor,2026-07-21 22:00:00,0.0,60,1.0,ok,False
enphase_monitor,2026-07-21 23:00:00,0.0,59,1.0,ok,False
enphase_monitor,2026-07-22 00:00:00,0.0,57,1.0,ok,True
enphase_monitor,2026-07-22 01:00:00,0.0,59,1.0,ok,False
enphase_monitor,2026-07-22 02:00:00,0.0,60,1.0,ok,False
enphase_monitor,2026-07-22 03:00:00,0.0,60,1.0,ok,False
enphase_monitor,2026-07-22 04:00:00,0.0,59,1.0,ok,False
enphase_monitor,2026-07-22 05:00:00,0.0,36,1.0,ok,False
enphase_monitor,2026-07-22 09:00:00,2691.0,27,4.0,hueco,False
enphase_monitor,2026-07-22 10:00:00,2189.0,59,1.0,ok,False
enphase_monitor,2026-07-22 11:00:00,2061.0,60,1.0,ok,False
enphase_monitor,2026-07-22 12:00:00,1734.0,60,1.0,ok,False
enphase_monitor,2026-07-22 13:00:00,1761.0,59,1.0,ok,False
enphase_monitor,2026-07-22 14:00:00,889.0,60,1.0,ok,False
enphase_monitor,2026-07-22 15:00:00,284.0,60,1.0,ok,False
enphase_monitor,2026-07-22 16:00:00,889.0,55,1.0,ok,False
enphase_monitor,2026-07-22 17:00:00,118.0,45,1.0,ok,False
enphase_monitor,2026-07-22 18:00:00,8.0,60,1.0,ok,False
enphase_monitor,2026-07-22 19:00:00,0.0,59,1.0,ok,False
enphase_monitor,2026-07-22 20:00:00,0.0,60,1.0,ok,False
enphase_monitor,2026-07-22 21:00:00,0.0,59,1.0,ok,False
enphase_monitor,2026-07-22 22:00:00,0.0,60,1.0,ok,False
enphase_monitor,2026-07-22 23:00:00,0.0,60,1.0,ok,False
enphase_monitor,2026-07-23 00:00:00,0.0,60,1.0,ok,True
enphase_monitor,2026-07-23 01:00:00,0.0,59,1.0,ok,False
enphase_monitor,2026-07-23 02:00:00,0.0,60,1.0,ok,False
enphase_monitor,2026-07-23 03:00:00,0.0,59,1.0,ok,False
enphase_monitor,2026-07-23 04:00:00,0.0,60,1.0,ok,False
enphase_monitor,2026-07-23 05:00:00,0.0,59,1.0,ok,False
enphase_monitor,2026-07-23 06:00:00,29.0,60,1.0,ok,False
enphase_monitor,2026-07-23 07:00:00,174.0,57,1.0,ok,False
enphase_monitor,2026-07-23 08:00:00,459.0,58,1.0,ok,False
enphase_monitor,2026-07-23 09:00:00,1059.0,59,1.0,ok,False
enphase_monitor,2026-07-23 10:00:00,935.0,60,1.0,ok,False
enphase_monitor,2026-07-23 11:00:00,1559.0,59,1.0,ok,False
enphase_monitor,2026-07-23 12:00:00,1501.0,22,1.0,ok,False
enphase_monitor,2026-07-23 13:00:00,1609.0,48,1.0,ok,False
enphase_monitor,2026-07-23 14:00:00,409.0,58,1.0,ok,False
enphase_monitor,2026-07-23 15:00:00,128.0,60,1.0,ok,False
enphase_monitor,2026-07-23 16:00:00,344.0,59,1.0,ok,False
enphase_monitor,2026-07-23 17:00:00,116.0,60,1.0,ok,False
enphase_monitor,2026-07-23 18:00:00,5.0,59,1.0,ok,False
enphase_monitor,2026-07-23 19:00:00,0.0,60,1.0,ok,False
enphase_monitor,2026-07-23 20:00:00,0.0,58,1.0,ok,False
enphase_monitor,2026-07-23 21:00:00,0.0,60,1.0,ok,False
enphase_monitor,2026-07-23 22:00:00,0.0,60,1.0,ok,False
enphase_monitor,2026-07-23 23:00:00,0.0,59,1.0,ok,False
enphase_monitor,2026-07-24 00:00:00,0.0,60,1.0,ok,True
enphase_monitor,2026-07-24 01:00:00,0.0,60,1.0,ok,False
enphase_monitor,2026-07-24 02:00:00,0.0,60,1.0,ok,False
enphase_monitor,2026-07-24 03:00:00,0.0,59,1.0,ok,False
enphase_monitor,2026-07-24 04:00:00,0.0,60,1.0,ok,False
enphase_monitor,2026-07-24 05:00:00,0.0,60,1.0,ok,False
enphase_monitor,2026-07-24 06:00:00,108.0,59,1.0,ok,False
enphase_monitor,2026-07-24 07:00:00,366.0,60,1.0,ok,False
enphase_monitor,2026-07-24 08:00:00,795.0,57,1.0,ok,False
enphase_monitor,2026-07-24 09:00:00,1922.0,60,1.0,ok,False
enphase_monitor,2026-07-24 10:00:00,1667.0,59,1.0,ok,False
enphase_monitor,2026-07-24 11:00:00,2049.0,56,1.0,ok,False
enphase_monitor,2026-07-24 12:00:00,1789.0,59,1.0,ok,False
enphase_monitor,2026-07-24 13:00:00,2329.0,60,1.0,ok,False
enphase_monitor,2026-07-24 14:00:00,2574.0,56,1.0,ok,False
enphase_monitor,2026-07-24 15:00:00,1702.0,48,1.0,ok,False
enphase_monitor,2026-07-24 16:00:00,715.0,47,1.0,ok,False
enphase_monitor,2026-07-24 17:00:00,914.0,50,1.0,ok,False
enphase_monitor,2026-07-24 18:00:00,12.0,52,1.0,ok,False
enphase_monitor,2026-07-24 19:00:00,0.0,59,1.0,ok,False
enphase_monitor,2026-07-24 20:00:00,0.0,58,1.0,ok,False
enphase_monitor,2026-07-24 21:00:00,0.0,60,1.0,ok,False
enphase_monitor,2026-07-24 22:00:00,0.0,59,1.0,ok,False
enphase_monitor,2026-07-24 23:00:00,0.0,60,1.0,ok,False
enphase_monitor,2026-07-25 00:00:00,0.0,60,1.0,ok,True
enphase_monitor,2026-07-25 01:00:00,0.0,60,1.0,ok,False
enphase_monitor,2026-07-25 02:00:00,0.0,59,1.0,ok,False
enphase_monitor,2026-07-25 03:00:00,0.0,60,1.0,ok,False
enphase_monitor,2026-07-25 04:00:00,0.0,59,1.0,ok,False
enphase_monitor,2026-07-25 05:00:00,0.0,59,1.0,ok,False
enphase_monitor,2026-07-25 06:00:00,38.0,60,1.0,ok,False
enphase_monitor,2026-07-25 07:00:00,403.0,58,1.0,ok,False
enphase_monitor,2026-07-25 08:00:00,776.0,60,1.0,ok,False
enphase_monitor,2026-07-25 09:00:00,1538.0,59,1.0,ok,False
enphase_monitor,2026-07-25 10:00:00,2346.0,60,1.0,ok,False
enphase_monitor,2026-07-25 11:00:00,2572.0,60,1.0,ok,False
enphase_monitor,2026-07-25 12:00:00,2653.0,59,1.0,ok,False
enphase_monitor,2026-07-25 13:00:00,2721.0,60,1.0,ok,False
enphase_monitor,2026-07-25 14:00:00,1542.0,60,1.0,ok,False
enphase_monitor,2026-07-25 15:00:00,1108.0,59,1.0,ok,False
enphase_monitor,2026-07-25 16:00:00,545.0,60,1.0,ok,False
enphase_monitor,2026-07-25 17:00:00,164.0,60,1.0,ok,False
enphase_monitor,2026-07-25 18:00:00,878.0,59,1.0,ok,False
enphase_monitor,2026-07-25 19:00:00,0.0,59,1.0,ok,False
enphase_monitor,2026-07-25 20:00:00,0.0,59,1.0,ok,False
enphase_monitor,2026-07-25 21:00:00,0.0,60,1.0,ok,False
enphase_monitor,2026-07-25 22:00:00,0.0,59,1.0,ok,False
enphase_monitor,2026-07-25 23:00:00,0.0,60,1.0,ok,False
enphase_monitor,2026-07-26 00:00:00,0.0,60,1.0,ok,True
enphase_monitor,2026-07-26 01:00:00,0.0,59,1.0,ok,False
enphase_monitor,2026-07-26 02:00:00,0.0,60,1.0,ok,False
enphase_monitor,2026-07-26 03:00:00,0.0,59,1.0,ok,False
enphase_monitor,2026-07-26 04:00:00,0.0,60,1.0,ok,False
enphase_monitor,2026-07-26 05:00:00,0.0,59,1.0,ok,False
enphase_monitor,2026-07-26 06:00:00,41.0,60,1.0,ok,False
enphase_monitor,2026-07-26 07:00:00,321.0,60,1.0,ok,False
enphase_monitor,2026-07-26 08:00:00,781.0,59,1.0,ok,False
enphase_monitor,2026-07-26 09:00:00,1381.0,60,1.0,ok,False
enphase_monitor,2026-07-26 10:00:00,1437.0,60,1.0,ok,False
enphase_monitor,2026-07-26 11:00:00,1518.0,59,1.0,ok,False
enphase_monitor,2026-07-26 12:00:00,1782.0,60,1.0,ok,False
enphase_monitor,2026-07-26 13:00:00,1443.0,60,1.0,ok,False
enphase_monitor,2026-07-26 14:00:00,1630.0,60,1.0,ok,False
enphase_monitor,2026-07-26 15:00:00,1176.0,59,1.0,ok,False
enphase_monitor,2026-07-26 16:00:00,926.0,60,1.0,ok,False
enphase_monitor,2026-07-26 17:00:00,745.0,60,1.0,ok,False
enphase_monitor,2026-07-26 18:00:00,14.0,59,1.0,ok,False
enphase_monitor,2026-07-26 19:00:00,0.0,60,1.0,ok,False
enphase_monitor,2026-07-26 20:00:00,0.0,60,1.0,ok,False
enphase_monitor,2026-07-26 21:00:00,0.0,59,1.0,ok,False
enphase_monitor,2026-07-26 22:00:00,0.0,59,1.0,ok,False
enphase_monitor,2026-07-26 23:00:00,0.0,59,1.0,ok,False
enphase_monitor,2026-07-27 00:00:00,0.0,60,1.0,ok,True
enphase_monitor,2026-07-27 01:00:00,0.0,59,1.0,ok,False
enphase_monitor,2026-07-27 02:00:00,0.0,60,1.0,ok,False
enphase_monitor,2026-07-27 03:00:00,0.0,60,1.0,ok,False
enphase_monitor,2026-07-27 04:00:00,0.0,59,1.0,ok,False
enphase_monitor,2026-07-27 05:00:00,0.0,60,1.0,ok,False
enphase_monitor,2026-07-27 06:00:00,58.0,57,1.0,ok,False
enphase_monitor,2026-07-27 07:00:00,282.0,60,1.0,ok,False
enphase_monitor,2026-07-27 08:00:00,532.0,60,1.0,ok,False
enphase_monitor,2026-07-27 09:00:00,1637.0,60,1.0,ok,False
enphase_monitor,2026-07-27 10:00:00,2451.0,59,1.0,ok,False
enphase_monitor,2026-07-27 11:00:00,2304.0,60,1.0,ok,False
enphase_monitor,2026-07-27 12:00:00,1871.0,58,1.0,ok,False
enphase_monitor,2026-07-27 13:00:00,2250.0,60,1.0,ok,False
enphase_monitor,2026-07-27 14:00:00,2640.0,56,1.0,ok,False
enphase_monitor,2026-07-27 15:00:00,1176.0,52,1.0,ok,False
enphase_monitor,2026-07-27 16:00:00,373.0,53,1.0,ok,False
enphase_monitor,2026-07-27 17:00:00,876.0,59,1.0,ok,False
enphase_monitor,2026-07-27 18:00:00,0.0,60,1.0,ok,False
enphase_monitor,2026-07-27 19:00:00,0.0,60,1.0,ok,False
enphase_monitor,2026-07-27 20:00:00,0.0,59,1.0,ok,False
enphase_monitor,2026-07-27 21:00:00,0.0,60,1.0,ok,False
enphase_monitor,2026-07-27 22:00:00,0.0,60,1.0,ok,False
enphase_monitor,2026-07-27 23:00:00,0.0,60,1.0,ok,False
enphase_monitor,2026-07-28 00:00:00,0.0,60,1.0,ok,True
enphase_monitor,2026-07-28 01:00:00,0.0,59,1.0,ok,False
enphase_monitor,2026-07-28 02:00:00,0.0,60,1.0,ok,False
enphase_monitor,2026-07-28 03:00:00,0.0,59,1.0,ok,False
enphase_monitor,2026-07-28 04:00:00,0.0,58,1.0,ok,False
enphase_monitor,2026-07-28 05:00:00,0.0,60,1.0,ok,False
enphase_monitor,2026-07-28 06:00:00,82.0,59,1.0,ok,False
enphase_monitor,2026-07-28 07:00:00,431.0,60,1.0,ok,False
enphase_monitor,2026-07-28 08:00:00,971.0,59,1.0,ok,False
enphase_monitor,2026-07-28 09:00:00,1963.0,59,1.0,ok,False
enphase_monitor,2026-07-28 10:00:00,2472.0,60,1.0,ok,False
enphase_monitor,2026-07-28 11:00:00,2600.0,54,1.0,ok,False
enphase_monitor,2026-07-28 12:00:00,2133.0,59,1.0,ok,False
enphase_monitor,2026-07-28 13:00:00,2748.0,60,1.0,ok,False
enphase_monitor,2026-07-28 14:00:00,2472.0,60,1.0,ok,False
enphase_monitor,2026-07-28 15:00:00,1276.0,43,1.0,ok,False
enphase_monitor,2026-07-29 09:00:00,2697.0,7,18.0,hueco,True
enphase_monitor,2026-07-29 10:00:00,1431.0,60,1.0,ok,False
enphase_monitor,2026-07-29 11:00:00,2293.0,60,1.0,ok,False
enphase_monitor,2026-07-29 12:00:00,2781.0,60,1.0,ok,False
enphase_monitor,2026-07-29 13:00:00,2757.0,59,1.0,ok,False
enphase_monitor,2026-07-29 14:00:00,2310.0,60,1.0,ok,False
enphase_monitor,2026-07-29 15:00:00,1684.0,59,1.0,ok,False
enphase_monitor,2026-07-29 16:00:00,680.0,58,1.0,ok,False
enphase_monitor,2026-07-29 17:00:00,132.0,54,1.0,ok,False
enphase_monitor,2026-07-29 18:00:00,4.0,54,1.0,ok,False
enphase_monitor,2026-07-29 19:00:00,0.0,56,1.0,ok,False
enphase_monitor,2026-07-29 20:00:00,0.0,58,1.0,ok,False
enphase_monitor,2026-07-29 21:00:00,0.0,60,1.0,ok,False
enphase_monitor,2026-07-29 22:00:00,0.0,60,1.0,ok,False
enphase_monitor,2026-07-29 23:00:00,0.0,60,1.0,ok,False
enphase_monitor,2026-07-30 00:00:00,0.0,60,1.0,ok,True
enphase_monitor,2026-07-30 01:00:00,0.0,59,1.0,ok,False
enphase_monitor,2026-07-30 02:00:00,0.0,59,1.0,ok,False
enphase_monitor,2026-07-30 03:00:00,0.0,60,1.0,ok,False
enphase_monitor,2026-07-30 04:00:00,0.0,60,1.0,ok,False
enphase_monitor,2026-07-30 05:00:00,0.0,59,1.0,ok,False
enphase_monitor,2026-07-30 06:00:00,93.0,60,1.0,ok,False
enphase_monitor,2026-07-30 07:00:00,619.0,60,1.0,ok,False
enphase_monitor,2026-07-30 08:00:00,892.0,39,1.0,ok,False
enphase_monitor,2026-07-30 09:00:00,1683.0,45,1.0,ok,False
enphase_monitor,2026-07-30 10:00:00,2085.0,36,1.0,ok,False
enphase_monitor,2026-07-30 11:00:00,2753.0,49,1.0,ok,False
enphase_monitor,2026-07-30 12:00:00,1861.0,53,1.0,ok,False
enphase_monitor,2026-07-30 13:00:00,2376.0,60,1.0,ok,False
enphase_monitor,2026-07-30 14:00:00,1614.0,60,1.0,ok,False
enphase_monitor,2026-07-30 15:00:00,840.0,59,1.0,ok,False
enphase_monitor,2026-07-30 16:00:00,350.0,60,1.0,ok,False
enphase_monitor,2026-07-30 17:00:00,155.0,54,1.0,ok,False
enphase_monitor,2026-07-30 18:00:00,10.0,60,1.0,ok,False
enphase_monitor,2026-07-30 19:00:00,0.0,60,1.0,ok,False
enphase_monitor,2026-07-30 20:00:00,0.0,59,1.0,ok,False
enphase_monitor,2026-07-30 21:00:00,0.0,60,1.0,ok,False
enphase_monitor,2026-07-30 22:00:00,0.0,60,1.0,ok,False
enphase_monitor,2026-07-30 23:00:00,0.0,60,1.0,ok,False
enphase_monitor,2026-07-31 00:00:00,0.0,53,1.0,ok,True
enphase_monitor,2026-07-31 02:00:00,0.0,5,2.0,hueco,False
enphase_monitor,2026-07-31 03:00:00,0.0,60,1.0,ok,False
enphase_monitor,2026-07-31 04:00:00,0.0,60,1.0,ok,False
enphase_monitor,2026-07-31 05:00:00,0.0,59,1.0,ok,False
enphase_monitor,2026-07-31 06:00:00,74.0,59,1.0,ok,False
enphase_monitor,2026-07-31 07:00:00,250.0,59,1.0,ok,False
enphase_monitor,2026-07-31 08:00:00,661.0,54,1.0,ok,False
enphase_monitor,2026-07-31 12:00:00,7980.0,34,4.0,hueco,False
enphase_monitor,2026-07-31 13:00:00,2663.0,60,1.0,ok,False
enphase_monitor,2026-07-31 14:00:00,2244.0,59,1.0,ok,False
enphase_monitor,2026-07-31 15:00:00,1160.0,60,1.0,ok,False
enphase_monitor,2026-07-31 16:00:00,764.0,60,1.0,ok,False
enphase_monitor,2026-07-31 17:00:00,96.0,59,1.0,ok,False
enphase_monitor,2026-07-31 18:00:00,14.0,60,1.0,ok,False
enphase_monitor,2026-07-31 19:00:00,0.0,60,1.0,ok,False
enphase_monitor,2026-07-31 20:00:00,0.0,59,1.0,ok,False
enphase_monitor,2026-07-31 21:00:00,0.0,59,1.0,ok,False
enphase_monitor,2026-07-31 22:00:00,0.0,59,1.0,ok,False
enphase_monitor,2026-07-31 23:00:00,0.0,60,1.0,ok,False
enphase_monitor,2026-08-01 00:00:00,0.0,59,1.0,ok,True
enphase_monitor,2026-08-01 01:00:00,0.0,60,1.0,ok,False
enphase_monitor,2026-08-01 02:00:00,0.0,60,1.0,ok,False
enphase_monitor,2026-08-01 03:00:00,0.0,60,1.0,ok,False
enphase_monitor,2026-08-01 04:00:00,0.0,59,1.0,ok,False
enphase_monitor,2026-08-01 05:00:00,0.0,60,1.0,ok,False
enphase_monitor,2026-08-01 06:00:00,89.0,60,1.0,ok,False
enphase_monitor,2026-08-01 07:00:00,448.0,60,1.0,ok,False
enphase_monitor,2026-08-01 08:00:00,927.0,58,1.0,ok,False
enphase_monitor,2026-08-01 09:00:00,1661.0,59,1.0,ok,False
enphase_monitor,2026-08-01 10:00:00,1504.0,60,1.0,ok,False
enphase_monitor,2026-08-01 11:00:00,1736.0,59,1.0,ok,False
enphase_monitor,2026-08-01 12:00:00,2139.0,60,1.0,ok,False
enphase_monitor,2026-08-01 13:00:00,1813.0,60,1.0,ok,False
enphase_monitor,2026-08-01 14:00:00,1311.0,60,1.0,ok,False
enphase_monitor,2026-08-01 15:00:00,1073.0,59,1.0,ok,False
enphase_monitor,2026-08-01 16:00:00,196.0,60,1.0,ok,False
enphase_monitor,2026-08-01 17:00:00,707.0,60,1.0,ok,False
enphase_monitor,2026-08-01 18:00:00,7.0,60,1.0,ok,False
enphase_monitor,2026-08-01 19:00:00,0.0,60,1.0,ok,False
enphase_monitor,2026-08-01 20:00:00,0.0,59,1.0,ok,False
enphase_monitor,2026-08-01 21:00:00,0.0,60,1.0,ok,False
enphase_monitor,2026-08-01 22:00:00,0.0,60,1.0,ok,False
enphase_monitor,2026-08-01 23:00:00,0.0,60,1.0,ok,False
enphase_monitor,2026-08-02 00:00:00,0.0,60,1.0,ok,True
enphase_monitor,2026-08-02 01:00:00,0.0,59,1.0,ok,False
enphase_monitor,2026-08-02 02:00:00,0.0,60,1.0,ok,False
enphase_monitor,2026-08-02 03:00:00,0.0,60,1.0,ok,False
enphase_monitor,2026-08-02 04:00:00,0.0,59,1.0,ok,False
enphase_monitor,2026-08-02 05:00:00,0.0,60,1.0,ok,False
enphase_monitor,2026-08-02 06:00:00,107.0,60,1.0,ok,False
enphase_monitor,2026-08-02 07:00:00,563.0,60,1.0,ok,False
enphase_monitor,2026-08-02 08:00:00,906.0,59,1.0,ok,False
enphase_monitor,2026-08-02 09:00:00,1449.0,60,1.0,ok,False
enphase_monitor,2026-08-02 10:00:00,1957.0,59,1.0,ok,False
enphase_monitor,2026-08-02 11:00:00,2439.0,60,1.0,ok,False
enphase_monitor,2026-08-02 12:00:00,2751.0,60,1.0,ok,False
enphase_monitor,2026-08-02 13:00:00,2751.0,59,1.0,ok,False
enphase_monitor,2026-08-02 14:00:00,2456.0,60,1.0,ok,False
enphase_monitor,2026-08-02 15:00:00,1785.0,60,1.0,ok,False
enphase_monitor,2026-08-02 16:00:00,658.0,60,1.0,ok,False
enphase_monitor,2026-08-02 17:00:00,931.0,60,1.0,ok,False
enphase_monitor,2026-08-02 18:00:00,7.0,58,1.0,ok,False
enphase_monitor,2026-08-02 19:00:00,0.0,60,1.0,ok,False
enphase_monitor,2026-08-02 20:00:00,0.0,60,1.0,ok,False
enphase_monitor,2026-08-02 21:00:00,0.0,60,1.0,ok,False
enphase_monitor,2026-08-02 22:00:00,0.0,59,1.0,ok,False
enphase_monitor,2026-08-02 23:00:00,0.0,58,1.0,ok,False
enphase_monitor,2026-08-03 00:00:00,0.0,58,1.0,ok,True
enphase_monitor,2026-08-03 01:00:00,0.0,60,1.0,ok,False
enphase_monitor,2026-08-03 02:00:00,0.0,60,1.0,ok,False
enphase_monitor,2026-08-03 03:00:00,0.0,59,1.0,ok,False
enphase_monitor,2026-08-03 04:00:00,0.0,50,1.0,ok,False
enphase_monitor,2026-08-03 06:00:00,34.0,27,2.0,hueco,False
enphase_monitor,2026-08-03 07:00:00,423.0,60,1.0,ok,False
enphase_monitor,2026-08-03 08:00:00,734.0,60,1.0,ok,False
enphase_monitor,2026-08-03 09:00:00,1623.0,58,1.0,ok,False
enphase_monitor,2026-08-03 10:00:00,1142.0,50,1.0,ok,False
enphase_monitor,2026-08-03 16:00:00,10002.0,32,6.0,hueco,False
enphase_monitor,2026-08-03 17:00:00,167.0,59,1.0,ok,False
enphase_monitor,2026-08-03 18:00:00,8.0,53,1.0,ok,False
enphase_monitor,2026-08-03 22:00:00,0.0,24,4.0,hueco,False
enphase_monitor,2026-08-03 23:00:00,0.0,59,1.0,ok,False
enphase_monitor,2026-08-04 00:00:00,0.0,60,1.0,ok,True
enphase_monitor,2026-08-04 01:00:00,0.0,60,1.0,ok,False
enphase_monitor,2026-08-04 02:00:00,0.0,58,1.0,ok,False
enphase_monitor,2026-08-04 03:00:00,0.0,60,1.0,ok,False
enphase_monitor,2026-08-04 04:00:00,0.0,60,1.0,ok,False
enphase_monitor,2026-08-04 05:00:00,0.0,60,1.0,ok,False
enphase_monitor,2026-08-04 06:00:00,47.0,58,1.0,ok,False
enphase_monitor,2026-08-04 07:00:00,33.0,13,1.0,ok,False
enphase_monitor,2026-08-04 11:00:00,6356.0,52,4.0,hueco,False
enphase_monitor,2026-08-04 12:00:00,1247.0,53,1.0,ok,False
enphase_monitor,2026-08-04 13:00:00,2547.0,56,1.0,ok,False
enphase_monitor,2026-08-04 14:00:00,733.0,59,1.0,ok,False
enphase_monitor,2026-08-04 15:00:00,639.0,58,1.0,ok,False
enphase_monitor,2026-08-04 16:00:00,354.0,59,1.0,ok,False
enphase_monitor,2026-08-04 17:00:00,85.0,56,1.0,ok,False
enphase_monitor,2026-08-04 18:00:00,0.0,50,1.0,ok,False
enphase_monitor,2026-08-04 19:00:00,0.0,58,1.0,ok,False
enphase_monitor,2026-08-04 20:00:00,0.0,60,1.0,ok,False
enphase_monitor,2026-08-04 21:00:00,0.0,59,1.0,ok,False
enphase_monitor,2026-08-04 22:00:00,0.0,60,1.0,ok,False
enphase_monitor,2026-08-04 23:00:00,0.0,59,1.0,ok,False
enphase_monitor,2026-08-05 00:00:00,0.0,60,1.0,ok,True
enphase_monitor,2026-08-05 01:00:00,0.0,60,1.0,ok,False
enphase_monitor,2026-08-05 02:00:00,0.0,55,1.0,ok,False
enphase_monitor,2026-08-05 03:00:00,0.0,60,1.0,ok,False
enphase_monitor,2026-08-05 04:00:00,0.0,59,1.0,ok,False
enphase_monitor,2026-08-05 05:00:00,0.0,59,1.0,ok,False
enphase_monitor,2026-08-05 06:00:00,38.0,60,1.0,ok,False
enphase_monitor,2026-08-05 07:00:00,337.0,60,1.0,ok,False
enphase_monitor,2026-08-05 08:00:00,583.0,60,1.0,ok,False
enphase_monitor,2026-08-05 09:00:00,916.0,58,1.0,ok,False
enphase_monitor,2026-08-05 10:00:00,1729.0,60,1.0,ok,False
enphase_monitor,2026-08-05 11:00:00,2028.0,60,1.0,ok,False
enphase_monitor,2026-08-05 12:00:00,1614.0,59,1.0,ok,False
enphase_monitor,2026-08-05 13:00:00,1852.0,60,1.0,ok,False
enphase_monitor,2026-08-05 14:00:00,1170.0,52,1.0,ok,False
enphase_monitor,2026-08-05 15:00:00,1050.0,51,1.0,ok,False
enphase_monitor,2026-08-05 16:00:00,575.0,56,1.0,ok,False
enphase_monitor,2026-08-05 17:00:00,147.0,52,1.0,ok,False
enphase_monitor,2026-08-05 18:00:00,13.0,56,1.0,ok,False
enphase_monitor,2026-08-05 19:00:00,0.0,58,1.0,ok,False
enphase_monitor,2026-08-05 20:00:00,0.0,60,1.0,ok,False
enphase_monitor,2026-08-05 21:00:00,0.0,59,1.0,ok,False
enphase_monitor,2026-08-05 22:00:00,0.0,60,1.0,ok,False
enphase_monitor,2026-08-05 23:00:00,0.0,59,1.0,ok,False
enphase_monitor,2026-08-06 00:00:00,0.0,60,1.0,ok,True
enphase_monitor,2026-08-06 01:00:00,0.0,8,1.0,ok,False
enphase_monitor,2026-08-06 09:00:00,2501.0,14,8.0,hueco,False
enphase_monitor,2026-08-06 10:00:00,1667.0,49,1.0,ok,False
enphase_monitor,2026-08-06 11:00:00,1837.0,51,1.0,ok,False
enphase_monitor,2026-08-06 12:00:00,995.0,36,1.0,ok,False
enphase_monitor,2026-08-06 13:00:00,918.0,47,1.0,ok,False
enphase_monitor,2026-08-06 14:00:00,753.0,60,1.0,ok,False
enphase_monitor,2026-08-06 15:00:00,573.0,59,1.0,ok,False
enphase_monitor,2026-08-06 16:00:00,374.0,59,1.0,ok,False
enphase_monitor,2026-08-06 17:00:00,226.0,59,1.0,ok,False
enphase_monitor,2026-08-06 18:00:00,6.0,60,1.0,ok,False
enphase_monitor,2026-08-06 19:00:00,0.0,60,1.0,ok,False
enphase_monitor,2026-08-06 20:00:00,0.0,59,1.0,ok,False
enphase_monitor,2026-08-06 21:00:00,0.0,60,1.0,ok,False
enphase_monitor,2026-08-06 22:00:00,0.0,58,1.0,ok,False
enphase_monitor,2026-08-06 23:00:00,0.0,57,1.0,ok,False
enphase_monitor,2026-08-07 00:00:00,0.0,59,1.0,ok,True
enphase_monitor,2026-08-07 01:00:00,0.0,57,1.0,ok,False
enphase_monitor,2026-08-07 02:00:00,0.0,60,1.0,ok,False
enphase_monitor,2026-08-07 03:00:00,0.0,59,1.0,ok,False
enphase_monitor,2026-08-07 04:00:00,0.0,60,1.0,ok,False
enphase_monitor,2026-08-07 05:00:00,0.0,60,1.0,ok,False
enphase_monitor,2026-08-07 06:00:00,43.0,59,1.0,ok,False
enphase_monitor,2026-08-07 07:00:00,442.0,60,1.0,ok,False
enphase_monitor,2026-08-07 08:00:00,1075.0,56,1.0,ok,False
enphase_monitor,2026-08-07 09:00:00,1876.0,55,1.0,ok,False
enphase_monitor,2026-08-07 10:00:00,2366.0,38,1.0,ok,False
enphase_monitor,2026-08-07 11:00:00,1756.0,33,1.0,ok,False
enphase_monitor,2026-08-07 13:00:00,6392.0,52,2.0,hueco,False
enphase_monitor,2026-08-07 14:00:00,2402.0,60,1.0,ok,False
enphase_monitor,2026-08-07 15:00:00,1486.0,60,1.0,ok,False
enphase_monitor,2026-08-07 16:00:00,679.0,60,1.0,ok,False
enphase_monitor,2026-08-07 17:00:00,137.0,56,1.0,ok,False
enphase_monitor,2026-08-07 18:00:00,994.0,57,1.0,ok,False
enphase_monitor,2026-08-07 19:00:00,0.0,59,1.0,ok,False
enphase_monitor,2026-08-07 20:00:00,0.0,54,1.0,ok,False
enphase_monitor,2026-08-07 21:00:00,0.0,56,1.0,ok,False
enphase_monitor,2026-08-07 22:00:00,0.0,58,1.0,ok,False
enphase_monitor,2026-08-07 23:00:00,0.0,53,1.0,ok,False
enphase_monitor,2026-08-08 00:00:00,0.0,56,1.0,ok,True
enphase_monitor,2026-08-08 01:00:00,0.0,59,1.0,ok,False
enphase_monitor,2026-08-08 02:00:00,0.0,57,1.0,ok,False
enphase_monitor,2026-08-08 03:00:00,0.0,59,1.0,ok,False
enphase_monitor,2026-08-08 04:00:00,0.0,60,1.0,ok,False
enphase_monitor,2026-08-08 05:00:00,0.0,60,1.0,ok,False
enphase_monitor,2026-08-08 06:00:00,73.0,59,1.0,ok,False
enphase_monitor,2026-08-08 07:00:00,295.0,58,1.0,ok,False
enphase_monitor,2026-08-08 08:00:00,625.0,59,1.0,ok,False
enphase_monitor,2026-08-08 09:00:00,1882.0,59,1.0,ok,False
enphase_monitor,2026-08-08 10:00:00,2067.0,58,1.0,ok,False
enphase_monitor,2026-08-08 11:00:00,1033.0,51,1.0,ok,False
enphase_monitor,2026-08-08 12:00:00,2490.0,54,1.0,ok,False
enphase_monitor,2026-08-08 13:00:00,2267.0,54,1.0,ok,False
enphase_monitor,2026-08-08 14:00:00,1584.0,59,1.0,ok,False
enphase_monitor,2026-08-08 15:00:00,651.0,60,1.0,ok,False
enphase_monitor,2026-08-08 16:00:00,140.0,60,1.0,ok,False
enphase_monitor,2026-08-08 17:00:00,90.0,59,1.0,ok,False
enphase_monitor,2026-08-08 18:00:00,4.0,59,1.0,ok,False
enphase_monitor,2026-08-08 19:00:00,0.0,58,1.0,ok,False
enphase_monitor,2026-08-08 20:00:00,0.0,54,1.0,ok,False
enphase_monitor,2026-08-08 21:00:00,0.0,49,1.0,ok,False
enphase_monitor,2026-08-08 22:00:00,0.0,59,1.0,ok,False
enphase_monitor,2026-08-08 23:00:00,0.0,59,1.0,ok,False
enphase_monitor,2026-08-09 00:00:00,0.0,58,1.0,ok,True
enphase_monitor,2026-08-09 01:00:00,0.0,59,1.0,ok,False
enphase_monitor,2026-08-09 02:00:00,0.0,60,1.0,ok,False
enphase_monitor,2026-08-09 03:00:00,0.0,55,1.0,ok,False
enphase_monitor,2026-08-09 04:00:00,0.0,59,1.0,ok,False
enphase_monitor,2026-08-09 05:00:00,0.0,59,1.0,ok,False
enphase_monitor,2026-08-09 06:00:00,54.0,60,1.0,ok,False
enphase_monitor,2026-08-09 07:00:00,447.0,59,1.0,ok,False
enphase_monitor,2026-08-09 08:00:00,962.0,59,1.0,ok,False
enphase_monitor,2026-08-09 09:00:00,2128.0,60,1.0,ok,False
enphase_monitor,2026-08-09 10:00:00,1131.0,59,1.0,ok,False
enphase_monitor,2026-08-09 11:00:00,2234.0,60,1.0,ok,False
enphase_monitor,2026-08-09 12:00:00,1149.0,60,1.0,ok,False
enphase_monitor,2026-08-09 13:00:00,2701.0,59,1.0,ok,False
enphase_monitor,2026-08-09 14:00:00,2064.0,60,1.0,ok,False
enphase_monitor,2026-08-09 15:00:00,1124.0,59,1.0,ok,False
enphase_monitor,2026-08-09 16:00:00,784.0,60,1.0,ok,False
enphase_monitor,2026-08-09 17:00:00,100.0,60,1.0,ok,False
enphase_monitor,2026-08-09 18:00:00,5.0,60,1.0,ok,False
enphase_monitor,2026-08-09 19:00:00,0.0,60,1.0,ok,False
enphase_monitor,2026-08-09 20:00:00,0.0,59,1.0,ok,False
enphase_monitor,2026-08-09 21:00:00,0.0,60,1.0,ok,False
enphase_monitor,2026-08-09 22:00:00,0.0,59,1.0,ok,False
enphase_monitor,2026-08-09 23:00:00,0.0,60,1.0,ok,False
enphase_monitor,2026-08-10 00:00:00,0.0,58,1.0,ok,True
enphase_monitor,2026-08-10 01:00:00,0.0,60,1.0,ok,False
enphase_monitor,2026-08-10 02:00:00,0.0,60,1.0,ok,False
enphase_monitor,2026-08-10 03:00:00,0.0,59,1.0,ok,False
enphase_monitor,2026-08-10 04:00:00,0.0,60,1.0,ok,False
enphase_monitor,2026-08-10 05:00:00,0.0,60,1.0,ok,False
enphase_monitor,2026-08-10 06:00:00,36.0,59,1.0,ok,False
enphase_monitor,2026-08-10 07:00:00,409.0,59,1.0,ok,False
enphase_monitor,2026-08-10 08:00:00,1042.0,59,1.0,ok,False
enphase_monitor,2026-08-10 09:00:00,1904.0,59,1.0,ok,False
enphase_monitor,2026-08-10 10:00:00,2383.0,60,1.0,ok,False
enphase_monitor,2026-08-10 11:00:00,2765.0,60,1.0,ok,False
enphase_monitor,2026-08-10 12:00:00,2914.0,59,1.0,ok,False
enphase_monitor,2026-08-10 13:00:00,3610.0,60,1.0,ok,False
enphase_monitor,2026-08-10 14:00:00,2613.0,59,1.0,ok,False
enphase_monitor,2026-08-10 15:00:00,1753.0,58,1.0,ok,False
enphase_monitor,2026-08-10 16:00:00,770.0,50,1.0,ok,False
enphase_monitor,2026-08-10 17:00:00,50.0,58,1.0,ok,False
enphase_monitor,2026-08-10 18:00:00,10.0,59,1.0,ok,False
enphase_monitor,2026-08-10 19:00:00,0.0,58,1.0,ok,False
enphase_monitor,2026-08-10 20:00:00,0.0,57,1.0,ok,False
enphase_monitor,2026-08-10 21:00:00,0.0,59,1.0,ok,False
enphase_monitor,2026-08-10 22:00:00,0.0,59,1.0,ok,False
enphase_monitor,2026-08-10 23:00:00,0.0,60,1.0,ok,False
enphase_monitor,2026-08-11 00:00:00,0.0,60,1.0,ok,True
enphase_monitor,2026-08-11 01:00:00,0.0,59,1.0,ok,False
enphase_monitor,2026-08-11 02:00:00,0.0,60,1.0,ok,False
enphase_monitor,2026-08-11 03:00:00,0.0,60,1.0,ok,False
enphase_monitor,2026-08-11 04:00:00,0.0,60,1.0,ok,False
enphase_monitor,2026-08-11 05:00:00,0.0,59,1.0,ok,False
enphase_monitor,2026-08-11 06:00:00,44.0,60,1.0,ok,False
enphase_monitor,2026-08-11 07:00:00,426.0,60,1.0,ok,False
enphase_monitor,2026-08-11 08:00:00,1003.0,58,1.0,ok,False
enphase_monitor,2026-08-11 09:00:00,1834.0,60,1.0,ok,False
enphase_monitor,2026-08-11 10:00:00,2003.0,59,1.0,ok,False
enphase_monitor,2026-08-11 11:00:00,1903.0,58,1.0,ok,False
enphase_monitor,2026-08-11 12:00:00,1213.0,58,1.0,ok,False
enphase_monitor,2026-08-11 13:00:00,2127.0,58,1.0,ok,False
enphase_monitor,2026-08-11 14:00:00,1552.0,60,1.0,ok,False
enphase_monitor,2026-08-11 15:00:00,1630.0,58,1.0,ok,False
enphase_monitor,2026-08-11 16:00:00,556.0,46,1.0,ok,False
enphase_monitor,2026-08-11 17:00:00,64.0,58,1.0,ok,False
enphase_monitor,2026-08-11 18:00:00,9.0,36,1.0,ok,False
enphase_monitor,2026-08-11 20:00:00,0.0,19,2.0,hueco,False
enphase_monitor,2026-08-11 21:00:00,0.0,60,1.0,ok,False
enphase_monitor,2026-08-11 22:00:00,0.0,60,1.0,ok,False
enphase_monitor,2026-08-11 23:00:00,0.0,60,1.0,ok,False
enphase_monitor,2026-08-12 00:00:00,0.0,58,1.0,ok,True
enphase_monitor,2026-08-12 01:00:00,0.0,60,1.0,ok,False
enphase_monitor,2026-08-12 02:00:00,0.0,60,1.0,ok,False
enphase_monitor,2026-08-12 03:00:00,0.0,60,1.0,ok,False
enphase_monitor,2026-08-12 04:00:00,0.0,60,1.0,ok,False
enphase_monitor,2026-08-12 05:00:00,0.0,60,1.0,ok,False
enphase_monitor,2026-08-12 06:00:00,114.0,57,1.0,ok,False
enphase_monitor,2026-08-12 07:00:00,486.0,59,1.0,ok,False
enphase_monitor,2026-08-12 08:00:00,965.0,60,1.0,ok,False
enphase_monitor,2026-08-12 09:00:00,1813.0,60,1.0,ok,False
enphase_monitor,2026-08-12 10:00:00,2220.0,59,1.0,ok,False
enphase_monitor,2026-08-12 11:00:00,2463.0,59,1.0,ok,False
enphase_monitor,2026-08-12 12:00:00,2734.0,60,1.0,ok,False
enphase_monitor,2026-08-12 13:00:00,2533.0,59,1.0,ok,False
enphase_monitor,2026-08-12 14:00:00,1964.0,60,1.0,ok,False
enphase_monitor,2026-08-12 15:00:00,1427.0,58,1.0,ok,False
enphase_monitor,2026-08-12 16:00:00,589.0,60,1.0,ok,False
enphase_monitor,2026-08-12 17:00:00,1102.0,59,1.0,ok,False
enphase_monitor,2026-08-12 18:00:00,6.0,59,1.0,ok,False
enphase_monitor,2026-08-12 19:00:00,0.0,53,1.0,ok,False
enphase_monitor,2026-08-12 20:00:00,0.0,59,1.0,ok,False
enphase_monitor,2026-08-12 21:00:00,0.0,59,1.0,ok,False
enphase_monitor,2026-08-12 22:00:00,0.0,60,1.0,ok,False
enphase_monitor,2026-08-12 23:00:00,0.0,60,1.0,ok,False
enphase_monitor,2026-08-13 00:00:00,0.0,60,1.0,ok,True
enphase_monitor,2026-08-13 01:00:00,0.0,7,1.0,ok,False
enphase_monitor,2026-08-13 21:00:00,19129.0,59,20.0,hueco,False
enphase_monitor,2026-08-13 22:00:00,0.0,60,1.0,ok,False
enphase_monitor,2026-08-13 23:00:00,0.0,59,1.0,ok,False
enphase_monitor,2026-08-14 00:00:00,0.0,60,1.0,ok,True
enphase_monitor,2026-08-14 01:00:00,0.0,60,1.0,ok,False
enphase_monitor,2026-08-14 02:00:00,0.0,60,1.0,ok,False
enphase_monitor,2026-08-14 03:00:00,0.0,59,1.0,ok,False
enphase_monitor,2026-08-14 04:00:00,0.0,60,1.0,ok,False
enphase_monitor,2026-08-14 05:00:00,0.0,60,1.0,ok,False
enphase_monitor,2026-08-14 06:00:00,91.0,57,1.0,ok,False
enphase_monitor,2026-08-14 07:00:00,566.0,59,1.0,ok,False
enphase_monitor,2026-08-14 08:00:00,1099.0,57,1.0,ok,False
enphase_monitor,2026-08-14 09:00:00,1787.0,25,1.0,ok,False
enphase_monitor,2026-08-14 10:00:00,2223.0,43,1.0,ok,False
enphase_monitor,2026-08-14 11:00:00,2244.0,60,1.0,ok,False
enphase_monitor,2026-08-14 12:00:00,3075.0,60,1.0,ok,False
enphase_monitor,2026-08-14 13:00:00,2384.0,59,1.0,ok,False
enphase_monitor,2026-08-14 14:00:00,1688.0,60,1.0,ok,False
enphase_monitor,2026-08-14 15:00:00,1071.0,60,1.0,ok,False
enphase_monitor,2026-08-14 16:00:00,292.0,60,1.0,ok,False
enphase_monitor,2026-08-14 17:00:00,86.0,57,1.0,ok,False
enphase_monitor,2026-08-14 18:00:00,1.0,23,1.0,ok,False
enphase_monitor,2026-08-14 19:00:00,0.0,34,1.0,ok,False
enphase_monitor,2026-08-14 20:00:00,0.0,60,1.0,ok,False
enphase_monitor,2026-08-14 21:00:00,0.0,59,1.0,ok,False
enphase_monitor,2026-08-14 22:00:00,0.0,36,1.0,ok,False
enphase_monitor,2026-08-14 23:00:00,0.0,60,1.0,ok,False
enphase_monitor,2026-08-15 00:00:00,0.0,59,1.0,ok,True
enphase_monitor,2026-08-15 01:00:00,0.0,60,1.0,ok,False
enphase_monitor,2026-08-15 02:00:00,0.0,59,1.0,ok,False
enphase_monitor,2026-08-15 03:00:00,0.0,60,1.0,ok,False
enphase_monitor,2026-08-15 04:00:00,0.0,59,1.0,ok,False
enphase_monitor,2026-08-15 05:00:00,0.0,60,1.0,ok,False
enphase_monitor,2026-08-15 06:00:00,38.0,60,1.0,ok,False
enphase_monitor,2026-08-15 07:00:00,437.0,60,1.0,ok,False
enphase_monitor,2026-08-15 08:00:00,997.0,59,1.0,ok,False
enphase_monitor,2026-08-15 09:00:00,1908.0,60,1.0,ok,False
enphase_monitor,2026-08-15 10:00:00,2305.0,60,1.0,ok,False
enphase_monitor,2026-08-15 12:00:00,4693.0,29,2.0,hueco,False
enphase_monitor,2026-08-15 13:00:00,1828.0,57,1.0,ok,False
enphase_monitor,2026-08-15 14:00:00,1968.0,59,1.0,ok,False
enphase_monitor,2026-08-15 15:00:00,429.0,59,1.0,ok,False
enphase_monitor,2026-08-15 16:00:00,383.0,58,1.0,ok,False
enphase_monitor,2026-08-15 17:00:00,258.0,60,1.0,ok,False
enphase_monitor,2026-08-15 18:00:00,6.0,59,1.0,ok,False
enphase_monitor,2026-08-15 19:00:00,0.0,60,1.0,ok,False
enphase_monitor,2026-08-15 20:00:00,0.0,54,1.0,ok,False
enphase_monitor,2026-08-15 21:00:00,0.0,60,1.0,ok,False
enphase_monitor,2026-08-15 22:00:00,0.0,59,1.0,ok,False
enphase_monitor,2026-08-15 23:00:00,0.0,60,1.0,ok,False
enphase_monitor,2026-08-16 00:00:00,0.0,57,1.0,ok,True
enphase_monitor,2026-08-16 01:00:00,0.0,59,1.0,ok,False
enphase_monitor,2026-08-16 02:00:00,0.0,59,1.0,ok,False
enphase_monitor,2026-08-16 03:00:00,0.0,60,1.0,ok,False
enphase_monitor,2026-08-16 04:00:00,0.0,60,1.0,ok,False
enphase_monitor,2026-08-16 05:00:00,0.0,60,1.0,ok,False
enphase_monitor,2026-08-16 06:00:00,25.0,59,1.0,ok,False
enphase_monitor,2026-08-16 07:00:00,242.0,59,1.0,ok,False
enphase_monitor,2026-08-16 08:00:00,772.0,59,1.0,ok,False
enphase_monitor,2026-08-16 09:00:00,1816.0,60,1.0,ok,False
enphase_monitor,2026-08-16 10:00:00,2336.0,60,1.0,ok,False
enphase_monitor,2026-08-16 11:00:00,2363.0,60,1.0,ok,False
enphase_monitor,2026-08-16 12:00:00,2454.0,58,1.0,ok,False
enphase_monitor,2026-08-16 13:00:00,2187.0,56,1.0,ok,False
enphase_monitor,2026-08-16 14:00:00,1725.0,60,1.0,ok,False
enphase_monitor,2026-08-16 15:00:00,1190.0,59,1.0,ok,False
enphase_monitor,2026-08-16 16:00:00,610.0,60,1.0,ok,False
enphase_monitor,2026-08-16 17:00:00,1066.0,60,1.0,ok,False
enphase_monitor,2026-08-16 18:00:00,0.0,59,1.0,ok,False
enphase_monitor,2026-08-16 19:00:00,0.0,59,1.0,ok,False
enphase_monitor,2026-08-16 20:00:00,0.0,60,1.0,ok,False
enphase_monitor,2026-08-16 21:00:00,0.0,60,1.0,ok,False
enphase_monitor,2026-08-16 22:00:00,0.0,58,1.0,ok,False
enphase_monitor,2026-08-16 23:00:00,0.0,55,1.0,ok,False
enphase_monitor,2026-08-17 00:00:00,0.0,56,1.0,ok,True
enphase_monitor,2026-08-17 01:00:00,0.0,59,1.0,ok,False
enphase_monitor,2026-08-17 02:00:00,0.0,59,1.0,ok,False
enphase_monitor,2026-08-17 03:00:00,0.0,60,1.0,ok,False
enphase_monitor,2026-08-17 04:00:00,0.0,60,1.0,ok,False
enphase_monitor,2026-08-17 05:00:00,0.0,49,1.0,ok,False
enphase_monitor,2026-08-17 06:00:00,39.0,56,1.0,ok,False
enphase_monitor,2026-08-17 07:00:00,334.0,59,1.0,ok,False
enphase_monitor,2026-08-17 08:00:00,688.0,60,1.0,ok,False
enphase_monitor,2026-08-17 09:00:00,1174.0,60,1.0,ok,False
enphase_monitor,2026-08-17 10:00:00,1383.0,59,1.0,ok,False
enphase_monitor,2026-08-17 11:00:00,1812.0,59,1.0,ok,False
enphase_monitor,2026-08-17 12:00:00,434.0,58,1.0,ok,False
enphase_monitor,2026-08-17 13:00:00,794.0,59,1.0,ok,False
enphase_monitor,2026-08-17 14:00:00,448.0,60,1.0,ok,False
enphase_monitor,2026-08-17 15:00:00,800.0,60,1.0,ok,False
enphase_monitor,2026-08-17 16:00:00,390.0,58,1.0,ok,False
enphase_monitor,2026-08-17 17:00:00,52.0,51,1.0,ok,False
enphase_monitor,2026-08-17 18:00:00,0.0,60,1.0,ok,False
enphase_monitor,2026-08-17 19:00:00,0.0,59,1.0,ok,False
enphase_monitor,2026-08-17 20:00:00,0.0,60,1.0,ok,False
enphase_monitor,2026-08-17 21:00:00,0.0,60,1.0,ok,False
enphase_monitor,2026-08-17 22:00:00,0.0,59,1.0,ok,False
enphase_monitor,2026-08-17 23:00:00,0.0,60,1.0,ok,False
enphase_monitor,2026-08-18 00:00:00,0.0,60,1.0,ok,True
enphase_monitor,2026-08-18 01:00:00,0.0,59,1.0,ok,False
enphase_monitor,2026-08-18 02:00:00,0.0,58,1.0,ok,False
enphase_monitor,2026-08-18 03:00:00,0.0,51,1.0,ok,False
enphase_monitor,2026-08-18 04:00:00,0.0,44,1.0,ok,False
enphase_monitor,2026-08-18 05:00:00,0.0,39,1.0,ok,False
enphase_monitor,2026-08-18 06:00:00,28.0,25,1.0,ok,False
enphase_monitor,2026-08-18 07:00:00,252.0,18,1.0,ok,False
enphase_monitor,2026-08-18 08:00:00,752.0,35,1.0,ok,False
enphase_monitor,2026-08-18 09:00:00,950.0,60,1.0,ok,False
enphase_monitor,2026-08-18 10:00:00,1598.0,47,1.0,ok,False
enphase_monitor,2026-08-18 11:00:00,2688.0,53,1.0,ok,False
enphase_monitor,2026-08-18 12:00:00,2711.0,55,1.0,ok,False
enphase_monitor,2026-08-18 13:00:00,2212.0,59,1.0,ok,False
enphase_monitor,2026-08-18 14:00:00,2095.0,56,1.0,ok,False
enphase_monitor,2026-08-18 15:00:00,1386.0,52,1.0,ok,False
enphase_monitor,2026-08-18 16:00:00,1397.0,51,1.0,ok,False
enphase_monitor,2026-08-18 17:00:00,243.0,59,1.0,ok,False
enphase_monitor,2026-08-18 18:00:00,13.0,57,1.0,ok,False
enphase_monitor,2026-08-18 19:00:00,0.0,60,1.0,ok,False
enphase_monitor,2026-08-18 20:00:00,0.0,59,1.0,ok,False
enphase_monitor,2026-08-18 21:00:00,0.0,60,1.0,ok,False
enphase_monitor,2026-08-18 22:00:00,0.0,60,1.0,ok,False
enphase_monitor,2026-08-18 23:00:00,0.0,59,1.0,ok,False
enphase_monitor,2026-08-19 00:00:00,0.0,57,1.0,ok,True
enphase_monitor,2026-08-19 01:00:00,0.0,57,1.0,ok,False
enphase_monitor,2026-08-19 02:00:00,0.0,52,1.0,ok,False
enphase_monitor,2026-08-19 03:00:00,0.0,59,1.0,ok,False
enphase_monitor,2026-08-19 04:00:00,0.0,60,1.0,ok,False
enphase_monitor,2026-08-19 05:00:00,0.0,60,1.0,ok,False
enphase_monitor,2026-08-19 06:00:00,64.0,59,1.0,ok,False
enphase_monitor,2026-08-19 07:00:00,0.0,1,1.0,ok,False
enphase_monitor,2026-08-19 08:00:00,1634.0,35,1.0,ok,False
enphase_monitor,2026-08-19 09:00:00,2018.0,60,1.0,ok,False
enphase_monitor,2026-08-19 10:00:00,2478.0,60,1.0,ok,False
enphase_monitor,2026-08-19 11:00:00,2721.0,60,1.0,ok,False
enphase_monitor,2026-08-19 12:00:00,2888.0,59,1.0,ok,False
enphase_monitor,2026-08-19 13:00:00,2775.0,60,1.0,ok,False
enphase_monitor,2026-08-19 14:00:00,1565.0,58,1.0,ok,False
enphase_monitor,2026-08-19 15:00:00,1361.0,59,1.0,ok,False
enphase_monitor,2026-08-19 16:00:00,260.0,60,1.0,ok,False
enphase_monitor,2026-08-19 17:00:00,46.0,60,1.0,ok,False
enphase_monitor,2026-08-19 18:00:00,2.0,60,1.0,ok,False
enphase_monitor,2026-08-19 19:00:00,0.0,60,1.0,ok,False
enphase_monitor,2026-08-19 20:00:00,0.0,52,1.0,ok,False
enphase_monitor,2026-08-19 21:00:00,0.0,50,1.0,ok,False
enphase_monitor,2026-08-19 22:00:00,0.0,53,1.0,ok,False
enphase_monitor,2026-08-19 23:00:00,0.0,60,1.0,ok,False
enphase_monitor,2026-08-20 00:00:00,0.0,59,1.0,ok,True
enphase_monitor,2026-08-20 01:00:00,0.0,5,1.0,ok,False
enphase_monitor,2026-08-20 21:00:00,14245.0,50,20.0,hueco,False
enphase_monitor,2026-08-20 22:00:00,0.0,56,1.0,ok,False
enphase_monitor,2026-08-20 23:00:00,0.0,1,1.0,ok,False
enphase_monitor,2026-08-21 00:00:00,0.0,57,1.0,ok,True
enphase_monitor,2026-08-21 01:00:00,0.0,60,1.0,ok,False
enphase_monitor,2026-08-21 02:00:00,0.0,60,1.0,ok,False
enphase_monitor,2026-08-21 03:00:00,0.0,60,1.0,ok,False
enphase_monitor,2026-08-21 04:00:00,0.0,60,1.0,ok,False
enphase_monitor,2026-08-21 05:00:00,0.0,59,1.0,ok,False
enphase_monitor,2026-08-21 06:00:00,24.0,60,1.0,ok,False
enphase_monitor,2026-08-21 07:00:00,260.0,60,1.0,ok,False
enphase_monitor,2026-08-21 08:00:00,752.0,57,1.0,ok,False
enphase_monitor,2026-08-21 09:00:00,1748.0,59,1.0,ok,False
enphase_monitor,2026-08-21 10:00:00,1974.0,57,1.0,ok,False
enphase_monitor,2026-08-21 11:00:00,1658.0,54,1.0,ok,False
enphase_monitor,2026-08-21 12:00:00,1745.0,53,1.0,ok,False
enphase_monitor,2026-08-21 13:00:00,2223.0,55,1.0,ok,False
enphase_monitor,2026-08-21 14:00:00,2140.0,56,1.0,ok,False
enphase_monitor,2026-08-21 15:00:00,1442.0,59,1.0,ok,False
enphase_monitor,2026-08-21 16:00:00,595.0,60,1.0,ok,False
enphase_monitor,2026-08-21 17:00:00,88.0,59,1.0,ok,False
enphase_monitor,2026-08-21 18:00:00,755.0,39,1.0,ok,False
enphase_monitor,2026-08-21 20:00:00,0.0,29,2.0,hueco,False
enphase_monitor,2026-08-21 21:00:00,0.0,60,1.0,ok,False
enphase_monitor,2026-08-21 22:00:00,0.0,59,1.0,ok,False
enphase_monitor,2026-08-21 23:00:00,0.0,60,1.0,ok,False
enphase_monitor,2026-08-22 00:00:00,0.0,60,1.0,ok,True
enphase_monitor,2026-08-22 01:00:00,0.0,59,1.0,ok,False
enphase_monitor,2026-08-22 02:00:00,0.0,56,1.0,ok,False
enphase_monitor,2026-08-22 03:00:00,0.0,60,1.0,ok,False
enphase_monitor,2026-08-22 04:00:00,0.0,60,1.0,ok,False
enphase_monitor,2026-08-22 05:00:00,0.0,60,1.0,ok,False
enphase_monitor,2026-08-22 06:00:00,46.0,58,1.0,ok,False
enphase_monitor,2026-08-22 07:00:00,308.0,60,1.0,ok,False
enphase_monitor,2026-08-22 08:00:00,560.0,59,1.0,ok,False
enphase_monitor,2026-08-22 09:00:00,671.0,60,1.0,ok,False
enphase_monitor,2026-08-22 10:00:00,1033.0,60,1.0,ok,False
enphase_monitor,2026-08-22 11:00:00,1695.0,60,1.0,ok,False
enphase_monitor,2026-08-22 12:00:00,988.0,60,1.0,ok,False
enphase_monitor,2026-08-22 13:00:00,1179.0,60,1.0,ok,False
enphase_monitor,2026-08-22 14:00:00,1470.0,58,1.0,ok,False
enphase_monitor,2026-08-22 15:00:00,1061.0,56,1.0,ok,False
enphase_monitor,2026-08-22 16:00:00,451.0,59,1.0,ok,False
enphase_monitor,2026-08-22 17:00:00,199.0,60,1.0,ok,False
enphase_monitor,2026-08-22 18:00:00,7.0,59,1.0,ok,False
enphase_monitor,2026-08-22 19:00:00,0.0,57,1.0,ok,False
enphase_monitor,2026-08-22 20:00:00,0.0,53,1.0,ok,False
enphase_monitor,2026-08-22 21:00:00,0.0,57,1.0,ok,False
enphase_monitor,2026-08-22 22:00:00,0.0,60,1.0,ok,False
enphase_monitor,2026-08-22 23:00:00,0.0,60,1.0,ok,False
enphase_monitor,2026-08-23 00:00:00,0.0,60,1.0,ok,True
enphase_monitor,2026-08-23 01:00:00,0.0,59,1.0,ok,False
enphase_monitor,2026-08-23 02:00:00,0.0,57,1.0,ok,False
enphase_monitor,2026-08-23 03:00:00,0.0,59,1.0,ok,False
enphase_monitor,2026-08-23 04:00:00,0.0,60,1.0,ok,False
enphase_monitor,2026-08-23 05:00:00,0.0,57,1.0,ok,False
enphase_monitor,2026-08-23 06:00:00,101.0,59,1.0,ok,False
enphase_monitor,2026-08-23 07:00:00,496.0,58,1.0,ok,False
enphase_monitor,2026-08-23 08:00:00,1248.0,60,1.0,ok,False
enphase_monitor,2026-08-23 09:00:00,1967.0,60,1.0,ok,False
enphase_monitor,2026-08-23 10:00:00,2371.0,60,1.0,ok,False
enphase_monitor,2026-08-23 11:00:00,1841.0,60,1.0,ok,False
enphase_monitor,2026-08-23 12:00:00,1801.0,60,1.0,ok,False
enphase_monitor,2026-08-23 13:00:00,1905.0,60,1.0,ok,False
enphase_monitor,2026-08-23 14:00:00,2552.0,59,1.0,ok,False
enphase_monitor,2026-08-23 15:00:00,324.0,59,1.0,ok,False
enphase_monitor,2026-08-23 16:00:00,964.0,60,1.0,ok,False
enphase_monitor,2026-08-23 17:00:00,75.0,53,1.0,ok,False
enphase_monitor,2026-08-23 18:00:00,7.0,48,1.0,ok,False
enphase_monitor,2026-08-23 19:00:00,0.0,39,1.0,ok,False
enphase_monitor,2026-08-23 20:00:00,0.0,41,1.0,ok,False
enphase_monitor,2026-08-23 21:00:00,0.0,53,1.0,ok,False
enphase_monitor,2026-08-23 22:00:00,0.0,60,1.0,ok,False
enphase_monitor,2026-08-23 23:00:00,0.0,60,1.0,ok,False
enphase_monitor,2026-08-24 00:00:00,0.0,60,1.0,ok,True
enphase_monitor,2026-08-24 01:00:00,0.0,59,1.0,ok,False
enphase_monitor,2026-08-24 02:00:00,0.0,60,1.0,ok,False
enphase_monitor,2026-08-24 03:00:00,0.0,57,1.0,ok,False
enphase_monitor,2026-08-24 04:00:00,0.0,60,1.0,ok,False
enphase_monitor,2026-08-24 05:00:00,0.0,57,1.0,ok,False
enphase_monitor,2026-08-24 06:00:00,157.0,55,1.0,ok,False
enphase_monitor,2026-08-24 07:00:00,634.0,59,1.0,ok,False
enphase_monitor,2026-08-24 08:00:00,1243.0,60,1.0,ok,False
enphase_monitor,2026-08-24 09:00:00,1802.0,58,1.0,ok,False
enphase_monitor,2026-08-24 10:00:00,2575.0,58,1.0,ok,False
enphase_monitor,2026-08-24 11:00:00,2542.0,57,1.0,ok,False
enphase_monitor,2026-08-24 12:00:00,2191.0,58,1.0,ok,False
enphase_monitor,2026-08-24 13:00:00,1656.0,59,1.0,ok,False
enphase_monitor,2026-08-24 14:00:00,1682.0,53,1.0,ok,False
enphase_monitor,2026-08-24 15:00:00,1461.0,49,1.0,ok,False
enphase_monitor,2026-08-24 16:00:00,356.0,52,1.0,ok,False
enphase_monitor,2026-08-24 17:00:00,485.0,59,1.0,ok,False
enphase_monitor,2026-08-24 18:00:00,0.0,59,1.0,ok,False
enphase_monitor,2026-08-24 19:00:00,0.0,60,1.0,ok,False
enphase_monitor,2026-08-24 20:00:00,0.0,59,1.0,ok,False
enphase_monitor,2026-08-24 21:00:00,0.0,57,1.0,ok,False
enphase_monitor,2026-08-24 22:00:00,0.0,56,1.0,ok,False
enphase_monitor,2026-08-24 23:00:00,0.0,58,1.0,ok,False
enphase_monitor,2026-08-25 00:00:00,0.0,56,1.0,ok,True
enphase_monitor,2026-08-25 01:00:00,0.0,60,1.0,ok,False
enphase_monitor,2026-08-25 02:00:00,0.0,57,1.0,ok,False
enphase_monitor,2026-08-25 03:00:00,0.0,60,1.0,ok,False
enphase_monitor,2026-08-25 04:00:00,0.0,60,1.0,ok,False
enphase_monitor,2026-08-25 05:00:00,0.0,59,1.0,ok,False
enphase_monitor,2026-08-25 06:00:00,36.0,43,1.0,ok,False
enphase_monitor,2026-08-25 07:00:00,313.0,57,1.0,ok,False
enphase_monitor,2026-08-25 08:00:00,961.0,55,1.0,ok,False
enphase_monitor,2026-08-25 09:00:00,1902.0,60,1.0,ok,False
enphase_monitor,2026-08-25 10:00:00,2353.0,60,1.0,ok,False
enphase_monitor,2026-08-25 11:00:00,2709.0,58,1.0,ok,False
enphase_monitor,2026-08-25 12:00:00,2802.0,56,1.0,ok,False
enphase_monitor,2026-08-25 13:00:00,1488.0,53,1.0,ok,False
enphase_monitor,2026-08-25 14:00:00,804.0,55,1.0,ok,False
enphase_monitor,2026-08-25 15:00:00,841.0,39,1.0,ok,False
enphase_monitor,2026-08-25 16:00:00,1133.0,53,1.0,ok,False
enphase_monitor,2026-08-25 17:00:00,133.0,57,1.0,ok,False
enphase_monitor,2026-08-25 18:00:00,5.0,59,1.0,ok,False
enphase_monitor,2026-08-25 19:00:00,0.0,59,1.0,ok,False
enphase_monitor,2026-08-25 20:00:00,0.0,60,1.0,ok,False
enphase_monitor,2026-08-25 21:00:00,0.0,58,1.0,ok,False
enphase_monitor,2026-08-25 22:00:00,0.0,60,1.0,ok,False
enphase_monitor,2026-08-25 23:00:00,0.0,60,1.0,ok,False
enphase_monitor,2026-08-26 00:00:00,0.0,59,1.0,ok,True
enphase_monitor,2026-08-26 01:00:00,0.0,60,1.0,ok,False
enphase_monitor,2026-08-26 02:00:00,0.0,60,1.0,ok,False
enphase_monitor,2026-08-26 03:00:00,0.0,59,1.0,ok,False
enphase_monitor,2026-08-26 04:00:00,0.0,60,1.0,ok,False
enphase_monitor,2026-08-26 05:00:00,0.0,60,1.0,ok,False
enphase_monitor,2026-08-26 06:00:00,14.0,55,1.0,ok,False
enphase_monitor,2026-08-26 07:00:00,337.0,58,1.0,ok,False
enphase_monitor,2026-08-26 08:00:00,1301.0,59,1.0,ok,False
enphase_monitor,2026-08-26 09:00:00,1804.0,57,1.0,ok,False
enphase_monitor,2026-08-26 10:00:00,2046.0,56,1.0,ok,False
enphase_monitor,2026-08-26 11:00:00,2636.0,51,1.0,ok,False
enphase_monitor,2026-08-26 12:00:00,1751.0,60,1.0,ok,False
enphase_monitor,2026-08-26 13:00:00,1421.0,59,1.0,ok,False
enphase_monitor,2026-08-26 14:00:00,1443.0,58,1.0,ok,False
enphase_monitor,2026-08-26 15:00:00,976.0,53,1.0,ok,False
enphase_monitor,2026-08-26 16:00:00,376.0,54,1.0,ok,False
enphase_monitor,2026-08-26 17:00:00,101.0,58,1.0,ok,False
enphase_monitor,2026-08-26 18:00:00,1.0,60,1.0,ok,False
enphase_monitor,2026-08-26 19:00:00,0.0,59,1.0,ok,False
enphase_monitor,2026-08-26 20:00:00,0.0,59,1.0,ok,False
enphase_monitor,2026-08-26 21:00:00,0.0,59,1.0,ok,False
enphase_monitor,2026-08-26 22:00:00,0.0,60,1.0,ok,False
enphase_monitor,2026-08-26 23:00:00,0.0,60,1.0,ok,False
enphase_monitor,2026-08-27 00:00:00,0.0,59,1.0,ok,True
enphase_monitor,2026-08-27 01:00:00,0.0,60,1.0,ok,False
enphase_monitor,2026-08-27 02:00:00,0.0,60,1.0,ok,False
enphase_monitor,2026-08-27 03:00:00,0.0,60,1.0,ok,False
enphase_monitor,2026-08-27 04:00:00,0.0,59,1.0,ok,False
enphase_monitor,2026-08-27 05:00:00,0.0,60,1.0,ok,False
enphase_monitor,2026-08-27 06:00:00,50.0,60,1.0,ok,False
enphase_monitor,2026-08-27 07:00:00,657.0,59,1.0,ok,False
enphase_monitor,2026-08-27 08:00:00,1237.0,58,1.0,ok,False
enphase_monitor,2026-08-27 09:00:00,1713.0,59,1.0,ok,False
enphase_monitor,2026-08-27 10:00:00,1147.0,56,1.0,ok,False
enphase_monitor,2026-08-27 11:00:00,1710.0,60,1.0,ok,False
enphase_monitor,2026-08-27 12:00:00,2401.0,57,1.0,ok,False
enphase_monitor,2026-08-27 13:00:00,2499.0,55,1.0,ok,False
enphase_monitor,2026-08-27 14:00:00,2265.0,55,1.0,ok,False
enphase_monitor,2026-08-27 15:00:00,1497.0,58,1.0,ok,False
enphase_monitor,2026-08-27 16:00:00,397.0,49,1.0,ok,False
enphase_monitor,2026-08-27 17:00:00,67.0,57,1.0,ok,False
enphase_monitor,2026-08-27 18:00:00,0.0,58,1.0,ok,False
enphase_monitor,2026-08-27 19:00:00,0.0,59,1.0,ok,False
enphase_monitor,2026-08-27 20:00:00,0.0,59,1.0,ok,False
enphase_monitor,2026-08-27 21:00:00,0.0,60,1.0,ok,False
enphase_monitor,2026-08-27 22:00:00,0.0,60,1.0,ok,False
enphase_monitor,2026-08-27 23:00:00,0.0,60,1.0,ok,False
enphase_monitor,2026-08-28 00:00:00,0.0,60,1.0,ok,True
enphase_monitor,2026-08-28 01:00:00,0.0,60,1.0,ok,False
enphase_monitor,2026-08-28 02:00:00,0.0,59,1.0,ok,False
enphase_monitor,2026-08-28 03:00:00,0.0,59,1.0,ok,False
enphase_monitor,2026-08-28 04:00:00,0.0,60,1.0,ok,False
enphase_monitor,2026-08-28 05:00:00,0.0,60,1.0,ok,False
enphase_monitor,2026-08-28 06:00:00,49.0,59,1.0,ok,False
enphase_monitor,2026-08-28 07:00:00,404.0,51,1.0,ok,False
enphase_monitor,2026-08-28 08:00:00,952.0,56,1.0,ok,False
enphase_monitor,2026-08-28 09:00:00,1631.0,58,1.0,ok,False
enphase_monitor,2026-08-28 10:00:00,2354.0,59,1.0,ok,False
enphase_monitor,2026-08-28 11:00:00,2552.0,58,1.0,ok,False
enphase_monitor,2026-08-28 12:00:00,2909.0,58,1.0,ok,False
enphase_monitor,2026-08-28 13:00:00,2410.0,56,1.0,ok,False
enphase_monitor,2026-08-28 14:00:00,1814.0,57,1.0,ok,False
enphase_monitor,2026-08-28 15:00:00,1289.0,52,1.0,ok,False
enphase_monitor,2026-08-28 16:00:00,484.0,59,1.0,ok,False
enphase_monitor,2026-08-28 17:00:00,91.0,60,1.0,ok,False
enphase_monitor,2026-08-28 18:00:00,7.0,59,1.0,ok,False
enphase_monitor,2026-08-28 19:00:00,0.0,58,1.0,ok,False
enphase_monitor,2026-08-28 20:00:00,0.0,59,1.0,ok,False
enphase_monitor,2026-08-28 21:00:00,0.0,60,1.0,ok,False
enphase_monitor,2026-08-28 22:00:00,0.0,60,1.0,ok,False
enphase_monitor,2026-08-28 23:00:00,0.0,60,1.0,ok,False
enphase_monitor,2026-08-29 00:00:00,0.0,59,1.0,ok,True
enphase_monitor,2026-08-29 01:00:00,0.0,60,1.0,ok,False
enphase_monitor,2026-08-29 02:00:00,0.0,59,1.0,ok,False
enphase_monitor,2026-08-29 03:00:00,0.0,59,1.0,ok,False
enphase_monitor,2026-08-29 04:00:00,0.0,60,1.0,ok,False
enphase_monitor,2026-08-29 05:00:00,0.0,58,1.0,ok,False
enphase_monitor,2026-08-29 06:00:00,72.0,60,1.0,ok,False
enphase_monitor,2026-08-29 07:00:00,417.0,60,1.0,ok,False
enphase_monitor,2026-08-29 08:00:00,957.0,59,1.0,ok,False
enphase_monitor,2026-08-29 09:00:00,1812.0,59,1.0,ok,False
enphase_monitor,2026-08-29 10:00:00,2275.0,59,1.0,ok,False
enphase_monitor,2026-08-29 11:00:00,2440.0,60,1.0,ok,False
enphase_monitor,2026-08-29 12:00:00,1540.0,60,1.0,ok,False
enphase_monitor,2026-08-29 13:00:00,2267.0,60,1.0,ok,False
enphase_monitor,2026-08-29 14:00:00,2004.0,60,1.0,ok,False
enphase_monitor,2026-08-29 15:00:00,761.0,60,1.0,ok,False
enphase_monitor,2026-08-29 16:00:00,394.0,60,1.0,ok,False
enphase_monitor,2026-08-29 17:00:00,178.0,60,1.0,ok,False
enphase_monitor,2026-08-29 18:00:00,7.0,59,1.0,ok,False
enphase_monitor,2026-08-29 19:00:00,0.0,60,1.0,ok,False
enphase_monitor,2026-08-29 20:00:00,0.0,60,1.0,ok,False
enphase_monitor,2026-08-29 21:00:00,0.0,60,1.0,ok,False
enphase_monitor,2026-08-29 22:00:00,0.0,60,1.0,ok,False
enphase_monitor,2026-08-29 23:00:00,0.0,59,1.0,ok,False
enphase_monitor,2026-08-30 00:00:00,0.0,60,1.0,ok,True
enphase_monitor,2026-08-30 01:00:00,0.0,60,1.0,ok,False
enphase_monitor,2026-08-30 02:00:00,0.0,58,1.0,ok,False
enphase_monitor,2026-08-30 03:00:00,0.0,60,1.0,ok,False
enphase_monitor,2026-08-30 04:00:00,0.0,60,1.0,ok,False
enphase_monitor,2026-08-30 05:00:00,0.0,60,1.0,ok,False
enphase_monitor,2026-08-30 06:00:00,44.0,60,1.0,ok,False
enphase_monitor,2026-08-30 07:00:00,546.0,59,1.0,ok,False
enphase_monitor,2026-08-30 08:00:00,1167.0,60,1.0,ok,False
enphase_monitor,2026-08-30 09:00:00,2233.0,60,1.0,ok,False
enphase_monitor,2026-08-30 10:00:00,1947.0,60,1.0,ok,False
enphase_monitor,2026-08-30 11:00:00,2169.0,59,1.0,ok,False
enphase_monitor,2026-08-30 12:00:00,2149.0,59,1.0,ok,False
enphase_monitor,2026-08-30 13:00:00,2156.0,60,1.0,ok,False
enphase_monitor,2026-08-30 14:00:00,1842.0,59,1.0,ok,False
enphase_monitor,2026-08-30 15:00:00,677.0,60,1.0,ok,False
enphase_monitor,2026-08-30 16:00:00,764.0,59,1.0,ok,False
enphase_monitor,2026-08-30 17:00:00,82.0,59,1.0,ok,False
enphase_monitor,2026-08-30 18:00:00,0.0,60,1.0,ok,False
enphase_monitor,2026-08-30 19:00:00,0.0,60,1.0,ok,False
enphase_monitor,2026-08-30 20:00:00,0.0,57,1.0,ok,False
enphase_monitor,2026-08-30 21:00:00,0.0,60,1.0,ok,False
enphase_monitor,2026-08-30 22:00:00,0.0,60,1.0,ok,False
enphase_monitor,2026-08-30 23:00:00,0.0,59,1.0,ok,False
enphase_monitor,2026-08-31 00:00:00,0.0,59,1.0,ok,True
enphase_monitor,2026-08-31 01:00:00,0.0,59,1.0,ok,False
enphase_monitor,2026-08-31 02:00:00,0.0,60,1.0,ok,False
enphase_monitor,2026-08-31 03:00:00,0.0,60,1.0,ok,False
enphase_monitor,2026-08-31 04:00:00,0.0,60,1.0,ok,False
enphase_monitor,2026-08-31 05:00:00,0.0,60,1.0,ok,False
enphase_monitor,2026-08-31 06:00:00,58.0,59,1.0,ok,False
enphase_monitor,2026-08-31 07:00:00,305.0,60,1.0,ok,False
enphase_monitor,2026-08-31 08:00:00,749.0,60,1.0,ok,False
enphase_monitor,2026-08-31 09:00:00,1725.0,60,1.0,ok,False
enphase_monitor,2026-08-31 10:00:00,2504.0,59,1.0,ok,False
enphase_monitor,2026-08-31 11:00:00,2095.0,60,1.0,ok,False
enphase_monitor,2026-08-31 12:00:00,1506.0,60,1.0,ok,False
enphase_monitor,2026-08-31 13:00:00,1109.0,51,1.0,ok,False
enphase_monitor,2026-08-31 14:00:00,1404.0,43,1.0,ok,False
enphase_monitor,2026-08-31 15:00:00,1445.0,58,1.0,ok,False
enphase_monitor,2026-08-31 16:00:00,434.0,40,1.0,ok,False
enphase_monitor,2026-08-31 17:00:00,86.0,55,1.0,ok,False
enphase_monitor,2026-08-31 18:00:00,0.0,53,1.0,ok,False
enphase_monitor,2026-08-31 19:00:00,0.0,59,1.0,ok,False
enphase_monitor,2026-08-31 20:00:00,0.0,59,1.0,ok,False
enphase_monitor,2026-08-31 21:00:00,0.0,60,1.0,ok,False
enphase_monitor,2026-08-31 22:00:00,0.0,59,1.0,ok,False
enphase_monitor,2026-08-31 23:00:00,0.0,60,1.0,ok,False
enphase_monitor,2026-09-01 00:00:00,0.0,59,1.0,ok,True
enphase_monitor,2026-09-01 01:00:00,0.0,60,1.0,ok,False
enphase_monitor,2026-09-01 02:00:00,0.0,60,1.0,ok,False
enphase_monitor,2026-09-01 03:00:00,0.0,60,1.0,ok,False
enphase_monitor,2026-09-01 04:00:00,0.0,60,1.0,ok,False
enphase_monitor,2026-09-01 05:00:00,0.0,60,1.0,ok,False
enphase_monitor,2026-09-01 06:00:00,47.0,59,1.0,ok,False
enphase_monitor,2026-09-01 07:00:00,372.0,57,1.0,ok,False
enphase_monitor,2026-09-01 08:00:00,568.0,57,1.0,ok,False
enphase_monitor,2026-09-01 09:00:00,1624.0,60,1.0,ok,False
enphase_monitor,2026-09-01 10:00:00,1356.0,57,1.0,ok,False
enphase_monitor,2026-09-01 11:00:00,2416.0,57,1.0,ok,False
enphase_monitor,2026-09-01 12:00:00,1491.0,60,1.0,ok,False
enphase_monitor,2026-09-01 13:00:00,558.0,60,1.0,ok,False
enphase_monitor,2026-09-01 14:00:00,1288.0,58,1.0,ok,False
enphase_monitor,2026-09-01 15:00:00,1433.0,59,1.0,ok,False
enphase_monitor,2026-09-01 16:00:00,611.0,59,1.0,ok,False
enphase_monitor,2026-09-01 17:00:00,702.0,60,1.0,ok,False
enphase_monitor,2026-09-01 18:00:00,1.0,60,1.0,ok,False
enphase_monitor,2026-09-01 19:00:00,0.0,60,1.0,ok,False
enphase_monitor,2026-09-01 20:00:00,0.0,59,1.0,ok,False
enphase_monitor,2026-09-01 21:00:00,0.0,60,1.0,ok,False
enphase_monitor,2026-09-01 22:00:00,0.0,60,1.0,ok,False
enphase_monitor,2026-09-01 23:00:00,0.0,60,1.0,ok,False
enphase_monitor,2026-09-02 00:00:00,0.0,60,1.0,ok,True
enphase_monitor,2026-09-02 01:00:00,0.0,60,1.0,ok,False
enphase_monitor,2026-09-02 02:00:00,0.0,59,1.0,ok,False
enphase_monitor,2026-09-02 03:00:00,0.0,60,1.0,ok,False
enphase_monitor,2026-09-02 04:00:00,0.0,58,1.0,ok,False
enphase_monitor,2026-09-02 05:00:00,0.0,59,1.0,ok,False
enphase_monitor,2026-09-02 06:00:00,60.0,59,1.0,ok,False
enphase_monitor,2026-09-02 07:00:00,365.0,55,1.0,ok,False
enphase_monitor,2026-09-02 08:00:00,1268.0,59,1.0,ok,False
enphase_monitor,2026-09-02 09:00:00,1931.0,57,1.0,ok,False
enphase_monitor,2026-09-02 10:00:00,2392.0,59,1.0,ok,False
enphase_monitor,2026-09-02 11:00:00,2738.0,58,1.0,ok,False
enphase_monitor,2026-09-02 12:00:00,2440.0,59,1.0,ok,False
enphase_monitor,2026-09-02 13:00:00,2825.0,59,1.0,ok,False
enphase_monitor,2026-09-02 14:00:00,2474.0,54,1.0,ok,False
enphase_monitor,2026-09-02 15:00:00,1720.0,59,1.0,ok,False
enphase_monitor,2026-09-02 16:00:00,409.0,57,1.0,ok,False
enphase_monitor,2026-09-02 17:00:00,1150.0,59,1.0,ok,False
enphase_monitor,2026-09-02 18:00:00,8.0,9,1.0,ok,False
enphase_monitor,2026-09-02 20:00:00,0.0,33,2.0,hueco,False
enphase_monitor,2026-09-02 21:00:00,0.0,60,1.0,ok,False
enphase_monitor,2026-09-02 22:00:00,0.0,60,1.0,ok,False
enphase_monitor,2026-09-02 23:00:00,0.0,59,1.0,ok,False
enphase_monitor,2026-09-03 00:00:00,0.0,60,1.0,ok,True
enphase_monitor,2026-09-03 01:00:00,0.0,60,1.0,ok,False
enphase_monitor,2026-09-03 02:00:00,0.0,58,1.0,ok,False
enphase_monitor,2026-09-03 03:00:00,0.0,58,1.0,ok,False
enphase_monitor,2026-09-03 04:00:00,0.0,53,1.0,ok,False
enphase_monitor,2026-09-03 05:00:00,0.0,59,1.0,ok,False
enphase_monitor,2026-09-03 06:00:00,98.0,60,1.0,ok,False
enphase_monitor,2026-09-03 07:00:00,476.0,52,1.0,ok,False
enphase_monitor,2026-09-03 08:00:00,1450.0,57,1.0,ok,False
enphase_monitor,2026-09-03 09:00:00,2177.0,59,1.0,ok,False
enphase_monitor,2026-09-03 10:00:00,2461.0,59,1.0,ok,False
enphase_monitor,2026-09-03 11:00:00,1875.0,59,1.0,ok,False
enphase_monitor,2026-09-03 12:00:00,2317.0,56,1.0,ok,False
enphase_monitor,2026-09-03 13:00:00,2492.0,60,1.0,ok,False
enphase_monitor,2026-09-03 14:00:00,1470.0,59,1.0,ok,False
enphase_monitor,2026-09-03 15:00:00,1156.0,60,1.0,ok,False
enphase_monitor,2026-09-03 16:00:00,401.0,59,1.0,ok,False
enphase_monitor,2026-09-03 17:00:00,133.0,59,1.0,ok,False
enphase_monitor,2026-09-03 18:00:00,0.0,59,1.0,ok,False
enphase_monitor,2026-09-03 19:00:00,0.0,59,1.0,ok,False
enphase_monitor,2026-09-03 20:00:00,0.0,60,1.0,ok,False
enphase_monitor,2026-09-03 21:00:00,0.0,59,1.0,ok,False
enphase_monitor,2026-09-03 22:00:00,0.0,60,1.0,ok,False
enphase_monitor,2026-09-03 23:00:00,0.0,60,1.0,ok,False
enphase_monitor,2026-09-04 00:00:00,0.0,60,1.0,ok,True
enphase_monitor,2026-09-04 01:00:00,0.0,59,1.0,ok,False
enphase_monitor,2026-09-04 02:00:00,0.0,59,1.0,ok,False
enphase_monitor,2026-09-04 03:00:00,0.0,60,1.0,ok,False
enphase_monitor,2026-09-04 04:00:00,0.0,60,1.0,ok,False
enphase_monitor,2026-09-04 05:00:00,0.0,60,1.0,ok,False
enphase_monitor,2026-09-04 06:00:00,47.0,59,1.0,ok,False
enphase_monitor,2026-09-04 07:00:00,530.0,60,1.0,ok,False
enphase_monitor,2026-09-04 08:00:00,1220.0,60,1.0,ok,False
enphase_monitor,2026-09-04 09:00:00,2603.0,60,1.0,ok,False
enphase_monitor,2026-09-04 10:00:00,1242.0,59,1.0,ok,False
enphase_monitor,2026-09-04 11:00:00,1344.0,60,1.0,ok,False
enphase_monitor,2026-09-04 12:00:00,2245.0,57,1.0,ok,False
enphase_monitor,2026-09-04 13:00:00,2098.0,60,1.0,ok,False
enphase_monitor,2026-09-04 14:00:00,1630.0,59,1.0,ok,False
enphase_monitor,2026-09-04 15:00:00,1168.0,60,1.0,ok,False
enphase_monitor,2026-09-04 16:00:00,303.0,60,1.0,ok,False
enphase_monitor,2026-09-04 17:00:00,84.0,60,1.0,ok,False
enphase_monitor,2026-09-04 18:00:00,0.0,60,1.0,ok,False
enphase_monitor,2026-09-04 19:00:00,0.0,59,1.0,ok,False
enphase_monitor,2026-09-04 20:00:00,0.0,60,1.0,ok,False
enphase_monitor,2026-09-04 21:00:00,0.0,58,1.0,ok,False
enphase_monitor,2026-09-04 22:00:00,0.0,60,1.0,ok,False
enphase_monitor,2026-09-04 23:00:00,0.0,59,1.0,ok,False
enphase_monitor,2026-09-05 00:00:00,0.0,60,1.0,ok,True
enphase_monitor,2026-09-05 01:00:00,0.0,60,1.0,ok,False
enphase_monitor,2026-09-05 02:00:00,0.0,59,1.0,ok,False
enphase_monitor,2026-09-05 03:00:00,0.0,58,1.0,ok,False
enphase_monitor,2026-09-05 04:00:00,0.0,60,1.0,ok,False
enphase_monitor,2026-09-05 05:00:00,0.0,60,1.0,ok,False
enphase_monitor,2026-09-05 06:00:00,53.0,60,1.0,ok,False
enphase_monitor,2026-09-05 07:00:00,429.0,60,1.0,ok,False
enphase_monitor,2026-09-05 08:00:00,1204.0,60,1.0,ok,False
enphase_monitor,2026-09-05 09:00:00,1871.0,59,1.0,ok,False
enphase_monitor,2026-09-05 10:00:00,524.0,18,1.0,ok,False
