entity_id,time_index_colombia,energyfrombattery,energytobattery,gridinputenergy,gridoutputenergy
Inverter_XW:10,2026-01-30 19:00:00,1050.026,1850.369,48212.504,827.621
Inverter_XW:10,2026-01-30 21:00:00,1050.026,1850.369,48215.02,827.621
Inverter_XW:10,2026-01-30 22:00:00,1050.026,1850.369,48215.17,827.621
Inverter_XW:10,2026-01-30 23:00:00,1050.026,1850.369,48215.203,827.621
Inverter_XW:10,2026-01-31 00:00:00,1050.026,1850.369,48215.234,827.621
Inverter_XW:10,2026-01-31 01:00:00,1050.026,1850.369,48215.266,827.621
Inverter_XW:10,2026-01-31 02:00:00,1050.026,1850.369,48215.3,827.621
Inverter_XW:10,2026-01-31 03:00:00,1050.026,1850.369,48215.33,827.621
Inverter_XW:10,2026-01-31 04:00:00,1050.026,1850.369,48215.363,827.621
Inverter_XW:10,2026-01-31 06:00:00,1050.026,1850.369,48215.395,827.621
Inverter_XW:10,2026-01-31 07:00:00,1050.026,1850.369,48215.42,827.621
Inverter_XW:10,2026-01-31 08:00:00,1050.026,1850.369,48216.81,827.621
Inverter_XW:10,2026-01-31 09:00:00,1050.026,1850.369,48219.72,827.621
Inverter_XW:10,2026-01-31 10:00:00,1050.026,1850.369,48223.26,827.621
Inverter_XW:10,2026-01-31 12:00:00,1050.026,1850.369,48226.11,827.621
Inverter_XW:10,2026-01-31 13:00:00,1050.026,1850.369,48227.535,827.621
Inverter_XW:10,2026-01-31 14:00:00,1050.026,1850.369,48228.87,827.621
Inverter_XW:10,2026-01-31 16:00:00,1050.026,1850.369,48230.387,827.621
Inverter_XW:10,2026-01-31 17:00:00,1050.026,1850.369,48231.703,827.621
Inverter_XW:10,2026-01-31 18:00:00,1050.026,1850.369,48232.117,827.621
Inverter_XW:10,2026-01-31 19:00:00,1050.026,1850.369,48233.266,827.621
Inverter_XW:10,2026-01-31 20:00:00,1050.026,1850.369,48233.312,827.621
Inverter_XW:10,2026-01-31 22:00:00,1050.026,1850.369,48233.36,827.621
Inverter_XW:10,2026-02-01 00:00:00,1050.026,1850.369,48233.406,827.621
Inverter_XW:10,2026-02-01 01:00:00,1050.026,1850.369,48233.45,827.621
Inverter_XW:10,2026-02-01 02:00:00,1050.026,1850.369,48233.49,827.621
Inverter_XW:10,2026-02-01 04:00:00,1050.026,1850.369,48233.53,827.621
Inverter_XW:10,2026-02-01 05:00:00,1050.026,1850.369,48233.57,827.621
Inverter_XW:10,2026-02-01 07:00:00,1050.026,1850.369,48233.605,827.621
Inverter_XW:10,2026-02-01 08:00:00,1050.026,1850.369,48233.64,827.621
Inverter_XW:10,2026-02-01 09:00:00,1050.026,1850.369,48233.68,827.621
Inverter_XW:10,2026-02-01 10:00:00,1050.026,1850.369,48233.707,827.621
Inverter_XW:10,2026-02-01 11:00:00,1050.026,1850.369,48233.734,827.621
Inverter_XW:10,2026-02-01 12:00:00,1050.026,1850.369,48233.76,827.621
Inverter_XW:10,2026-02-01 13:00:00,1050.026,1850.369,48233.79,827.621
Inverter_XW:10,2026-02-01 14:00:00,1050.026,1850.369,48233.816,827.621
Inverter_XW:10,2026-02-01 15:00:00,1050.026,1850.369,48233.844,827.621
Inverter_XW:10,2026-02-01 16:00:00,1050.026,1850.369,48233.863,827.621
Inverter_XW:10,2026-02-01 17:00:00,1050.026,1850.369,48233.895,827.621
Inverter_XW:10,2026-02-01 18:00:00,1050.026,1850.369,48233.918,827.621
Inverter_XW:10,2026-02-01 19:00:00,1050.026,1850.369,48233.95,827.621
Inverter_XW:10,2026-02-01 20:00:00,1050.026,1850.369,48233.992,827.621
Inverter_XW:10,2026-02-01 21:00:00,1050.026,1850.369,48234.016,827.621
Inverter_XW:10,2026-02-01 22:00:00,1050.026,1850.369,48234.043,827.621
Inverter_XW:10,2026-02-01 23:00:00,1050.026,1850.369,48234.066,827.621
Inverter_XW:10,2026-02-02 00:00:00,1050.026,1850.369,48234.094,827.621
Inverter_XW:10,2026-02-02 01:00:00,1050.026,1850.369,48234.1285,827.621
Inverter_XW:10,2026-02-02 02:00:00,1050.026,1850.369,48234.17,827.621
Inverter_XW:10,2026-02-02 03:00:00,1050.026,1850.369,48234.195,827.621
Inverter_XW:10,2026-02-02 04:00:00,1050.026,1850.369,48234.223,827.621
Inverter_XW:10,2026-02-02 05:00:00,1050.026,1850.369,48234.246,827.621
Inverter_XW:10,2026-02-02 06:00:00,1050.026,1850.369,48234.27,827.621
Inverter_XW:10,2026-02-02 07:00:00,1050.026,1850.369,48236.426,827.621
Inverter_XW:10,2026-02-02 08:00:00,1050.026,1850.369,48238.906,827.621
Inverter_XW:10,2026-02-02 09:00:00,1050.026,1850.369,48241.566,827.621
Inverter_XW:10,2026-02-02 10:00:00,1050.026,1850.369,48245.2695,827.621
Inverter_XW:10,2026-02-02 11:00:00,1050.026,1850.369,48248.746,827.621
Inverter_XW:10,2026-02-02 12:00:00,1050.026,1850.369,48251.188,827.621
Inverter_XW:10,2026-02-02 13:00:00,1050.026,1850.369,48254.037,827.621
Inverter_XW:10,2026-02-02 14:00:00,1050.031,1851.0401111111112,48258.0467037037,827.621
Inverter_XW:10,2026-02-02 15:00:00,1050.031,1852.6993720930234,48262.30686046512,827.621
Inverter_XW:10,2026-02-02 16:00:00,1050.031,1853.2550000000003,48265.4426,827.6209999999999
Inverter_XW:10,2026-02-02 17:00:00,1050.031,1853.255,48268.588,827.621
Inverter_XW:10,2026-02-02 18:00:00,1050.031,1853.255,48271.023,827.621
Inverter_XW:10,2026-02-02 19:00:00,1050.031,1853.255,48273.145,827.621
Inverter_XW:10,2026-02-02 20:00:00,1050.031,1853.255,48273.59,827.621
Inverter_XW:10,2026-02-02 21:00:00,1050.031,1853.255,48273.625,827.621
Inverter_XW:10,2026-02-02 22:00:00,1050.031,1853.255,48273.656,827.621
Inverter_XW:10,2026-02-02 23:00:00,1050.031,1853.255,48273.7,827.621
Inverter_XW:10,2026-02-03 01:00:00,1050.031,1853.255,48273.746,827.621
Inverter_XW:10,2026-02-03 03:00:00,1050.031,1853.255,48273.805,827.621
Inverter_XW:10,2026-02-03 05:00:00,1050.031,1853.255,48273.855,827.621
Inverter_XW:10,2026-02-03 07:00:00,1050.031,1853.255,48277.465,827.621
Inverter_XW:10,2026-02-03 10:00:00,1050.031,1853.255,48285.473,827.621
Inverter_XW:10,2026-02-03 14:00:00,1050.031,1853.255,48296.086,827.621
Inverter_XW:10,2026-02-03 17:00:00,1050.031,1853.255,48305.004,827.621
Inverter_XW:10,2026-02-03 21:00:00,1050.031,1853.255,48309.9,827.621
Inverter_XW:10,2026-02-04 00:00:00,1050.031,1853.255,48310.0,827.621
Inverter_XW:10,2026-02-04 05:00:00,1050.031,1853.255,48310.133,827.621
Inverter_XW:10,2026-02-04 09:00:00,1050.031,1853.255,48318.984,827.621
Inverter_XW:10,2026-02-04 15:00:00,1050.031,1853.255,48334.703,827.621
Inverter_XW:10,2026-02-04 18:00:00,1050.031,1853.255,48344.273,827.621
Inverter_XW:10,2026-02-04 19:00:00,1050.031,1853.255,48346.523,827.621
Inverter_XW:10,2026-02-04 20:00:00,1050.031,1853.255,48347.02,827.621
Inverter_XW:10,2026-02-05 02:00:00,1050.031,1853.255,48347.27,827.621
Inverter_XW:10,2026-02-05 09:00:00,1050.031,1853.255,48356.125,827.621
Inverter_XW:10,2026-02-05 13:00:00,1050.034,1853.843888888889,48369.85997222222,827.621
Inverter_XW:10,2026-02-05 14:00:00,1050.034,1854.22,48372.39046153846,827.621
Inverter_XW:10,2026-02-05 15:00:00,1050.034,1854.22,48376.115,827.621
Inverter_XW:10,2026-02-05 16:00:00,1050.034,1854.22,48378.637,827.621
Inverter_XW:10,2026-02-05 17:00:00,1050.034,1854.22,48381.25,827.621
Inverter_XW:10,2026-02-05 18:00:00,1050.034,1854.22,48384.125,827.621
Inverter_XW:10,2026-02-05 19:00:00,1050.034,1854.22,48385.703,827.621
Inverter_XW:10,2026-02-05 20:00:00,1050.034,1854.22,48385.934,827.621
Inverter_XW:10,2026-02-05 21:00:00,1050.034,1854.22,48385.97,827.621
Inverter_XW:10,2026-02-05 22:00:00,1050.034,1854.22,48386.004,827.621
Inverter_XW:10,2026-02-06 00:00:00,1050.034,1854.22,48386.05,827.621
Inverter_XW:10,2026-02-06 01:00:00,1050.034,1854.22,48386.098,827.621
Inverter_XW:10,2026-02-06 04:00:00,1050.034,1854.408222222222,48386.379555555555,827.621
Inverter_XW:10,2026-02-06 05:00:00,1050.034,1854.7033684210528,48386.70468421053,827.621
Inverter_XW:10,2026-02-06 06:00:00,1050.034,1854.75,48386.973,827.621
Inverter_XW:10,2026-02-06 07:00:00,1050.034,1854.75,48389.785,827.621
Inverter_XW:10,2026-02-06 12:00:00,1050.034,1854.75,48404.777,827.621
Inverter_XW:10,2026-02-06 14:00:00,1050.034,1854.75,48409.426,827.621
Inverter_XW:10,2026-02-06 15:00:00,1050.034,1854.75,48414.15,827.621
Inverter_XW:10,2026-02-06 17:00:00,1050.034,1854.75,48418.76,827.621
Inverter_XW:10,2026-02-06 18:00:00,1050.034,1854.75,48421.95,827.621
Inverter_XW:10,2026-02-06 19:00:00,1050.034,1854.75,48424.234,827.621
Inverter_XW:10,2026-02-06 20:00:00,1050.034,1854.75,48424.266,827.621
Inverter_XW:10,2026-02-06 21:00:00,1050.034,1854.75,48424.29,827.621
Inverter_XW:10,2026-02-06 22:00:00,1050.034,1854.75,48424.324,827.621
Inverter_XW:10,2026-02-06 23:00:00,1050.034,1854.75,48424.35,827.621
Inverter_XW:10,2026-02-07 00:00:00,1050.034,1854.75,48424.377,827.621
Inverter_XW:10,2026-02-07 01:00:00,1050.034,1854.75,48424.407999999996,827.621
Inverter_XW:10,2026-02-07 02:00:00,1050.034,1854.75,48424.44466666667,827.621
Inverter_XW:10,2026-02-07 03:00:00,1050.034,1854.75,48424.477,827.621
Inverter_XW:10,2026-02-07 04:00:00,1050.034,1854.75,48424.50966666667,827.621
Inverter_XW:10,2026-02-07 05:00:00,1050.034,1854.75,48424.5475,827.621
Inverter_XW:10,2026-02-07 06:00:00,1050.034,1854.75,48424.578,827.621
Inverter_XW:10,2026-02-07 07:00:00,1050.034,1854.75,48424.605,827.621
Inverter_XW:10,2026-02-07 08:00:00,1050.034,1854.75,48426.445999999996,827.621
Inverter_XW:10,2026-02-07 09:00:00,1050.034,1854.75,48428.88,827.621
Inverter_XW:10,2026-02-07 10:00:00,1050.034,1854.75,48430.727,827.621
Inverter_XW:10,2026-02-07 11:00:00,1050.034,1854.75,48432.66,827.621
Inverter_XW:10,2026-02-07 12:00:00,1050.034,1854.75,48434.766,827.621
Inverter_XW:10,2026-02-07 13:00:00,1050.034,1854.75,48434.797,827.621
Inverter_XW:10,2026-02-07 14:00:00,1050.034,1854.78,48434.90875,827.621
Inverter_XW:10,2026-02-07 15:00:00,1050.034,1854.89785,48435.04265,827.6209999999999
Inverter_XW:10,2026-02-07 16:00:00,1050.034,1854.9100000000003,48435.0892,827.6209999999999
Inverter_XW:10,2026-02-07 17:00:00,1050.034,1854.91,48435.11925,827.621
Inverter_XW:10,2026-02-07 18:00:00,1050.034,1854.91,48435.1525,827.621
Inverter_XW:10,2026-02-07 19:00:00,1050.034,1854.91,48435.18333333333,827.621
Inverter_XW:10,2026-02-07 20:00:00,1050.034,1854.91,48435.212,827.621
Inverter_XW:10,2026-02-07 21:00:00,1050.034,1854.91,48435.242,827.621
Inverter_XW:10,2026-02-07 22:00:00,1050.034,1854.91,48435.2715,827.621
Inverter_XW:10,2026-02-07 23:00:00,1050.034,1854.91,48435.3015,827.621
Inverter_XW:10,2026-02-08 00:00:00,1050.034,1854.91,48435.331999999995,827.621
Inverter_XW:10,2026-02-08 01:00:00,1050.034,1854.91,48435.369999999995,827.621
Inverter_XW:10,2026-02-08 02:00:00,1050.034,1854.91,48435.402,827.621
Inverter_XW:10,2026-02-08 03:00:00,1050.034,1854.91,48435.43,827.621
Inverter_XW:10,2026-02-08 04:00:00,1050.034,1854.91,48435.46,827.621
Inverter_XW:10,2026-02-08 05:00:00,1050.034,1854.91,48435.496,827.621
Inverter_XW:10,2026-02-08 07:00:00,1050.034,1854.91,48435.56,827.621
Inverter_XW:10,2026-02-08 09:00:00,1050.034,1854.91,48435.613,827.621
Inverter_XW:10,2026-02-08 12:00:00,1050.034,1854.91,48435.688,827.621
Inverter_XW:10,2026-02-08 14:00:00,1050.034,1854.91,48435.76,827.621
Inverter_XW:10,2026-02-08 17:00:00,1050.034,1854.91,48435.855,827.621
Inverter_XW:10,2026-02-08 21:00:00,1050.034,1854.91,48435.965,827.621
Inverter_XW:10,2026-02-09 01:00:00,1050.034,1854.91,48436.098,827.621
Inverter_XW:10,2026-02-09 06:00:00,1050.034,1854.91,48436.426,827.621
Inverter_XW:10,2026-02-09 09:00:00,1050.037,1855.0217142857143,48444.88971428572,827.621
Inverter_XW:10,2026-02-09 10:00:00,1050.037,1855.385,48446.4925,827.621
Inverter_XW:10,2026-02-09 11:00:00,1050.037,1855.518,48449.5985,827.621
Inverter_XW:10,2026-02-09 12:00:00,1050.037,1855.518,48452.168,827.621
Inverter_XW:10,2026-02-09 13:00:00,1050.037,1855.518,48454.715,827.621
Inverter_XW:10,2026-02-09 14:00:00,1050.037,1855.518,48457.63,827.621
Inverter_XW:10,2026-02-09 15:00:00,1050.037,1855.518,48460.77,827.621
Inverter_XW:10,2026-02-09 16:00:00,1050.037,1855.518,48464.207,827.621
Inverter_XW:10,2026-02-09 17:00:00,1050.037,1855.518,48466.438,827.621
Inverter_XW:10,2026-02-09 18:00:00,1050.037,1855.518,48469.6475,827.621
Inverter_XW:10,2026-02-09 19:00:00,1050.037,1855.518,48471.56,827.621
Inverter_XW:10,2026-02-09 20:00:00,1050.037,1855.518,48471.74,827.621
Inverter_XW:10,2026-02-09 21:00:00,1050.037,1855.518,48471.7665,827.621
Inverter_XW:10,2026-02-09 22:00:00,1050.037,1855.518,48471.791,827.621
Inverter_XW:10,2026-02-09 23:00:00,1050.037,1855.518,48471.818666666666,827.621
Inverter_XW:10,2026-02-10 00:00:00,1050.037,1855.518,48471.850999999995,827.621
Inverter_XW:10,2026-02-10 01:00:00,1050.037,1855.518,48471.881,827.621
Inverter_XW:10,2026-02-10 02:00:00,1050.037,1855.518,48471.905,827.621
Inverter_XW:10,2026-02-10 03:00:00,1050.037,1855.518,48471.932,827.621
Inverter_XW:10,2026-02-10 04:00:00,1050.037,1855.518,48471.961500000005,827.621
Inverter_XW:10,2026-02-10 05:00:00,1050.037,1855.518,48471.99,827.621
Inverter_XW:10,2026-02-10 06:00:00,1050.037,1855.518,48472.123999999996,827.621
Inverter_XW:10,2026-02-10 07:00:00,1050.037,1855.518,48474.258,827.621
Inverter_XW:10,2026-02-10 08:00:00,1050.037,1855.518,48476.934,827.621
Inverter_XW:10,2026-02-10 09:00:00,1050.037,1855.518,48479.86,827.621
Inverter_XW:10,2026-02-10 10:00:00,1050.037,1855.518,48483.684,827.621
Inverter_XW:10,2026-02-10 11:00:00,1050.037,1855.518,48486.766,827.621
Inverter_XW:10,2026-02-10 13:00:00,1050.037,1855.518,48491.465,827.621
Inverter_XW:10,2026-02-10 15:00:00,1050.037,1855.518,48496.293,827.621
Inverter_XW:10,2026-02-10 16:00:00,1050.037,1855.518,48501.64,827.621
Inverter_XW:10,2026-02-10 18:00:00,1050.037,1855.518,48506.184,827.621
Inverter_XW:10,2026-02-10 20:00:00,1050.037,1855.518,48507.684,827.621
Inverter_XW:10,2026-02-10 22:00:00,1050.037,1855.518,48507.746,827.621
Inverter_XW:10,2026-02-11 01:00:00,1050.037,1855.518,48507.824,827.621
Inverter_XW:10,2026-02-11 04:00:00,1050.037,1855.518,48507.902,827.621
Inverter_XW:10,2026-02-11 08:00:00,1050.037,1855.518,48512.984,827.621
Inverter_XW:10,2026-02-11 10:00:00,1050.037,1855.518,48519.227,827.621
Inverter_XW:10,2026-02-11 12:00:00,1050.037,1855.518,48522.44,827.621
Inverter_XW:10,2026-02-11 13:00:00,1050.037,1855.518,48527.676,827.621
Inverter_XW:10,2026-02-11 21:00:00,1050.037,1855.518,48542.91,827.621
Inverter_XW:10,2026-02-12 06:00:00,1050.037,1855.518,48543.18,827.621
Inverter_XW:10,2026-02-12 12:00:00,1050.04,1855.8700434782609,48560.223478260865,827.621
Inverter_XW:10,2026-02-12 13:00:00,1050.04,1856.2824117647058,48562.21717647059,827.621
Inverter_XW:10,2026-02-12 14:00:00,1050.04,1856.312,48565.94,827.621
Inverter_XW:10,2026-02-12 15:00:00,1050.04,1856.312,48568.709,827.621
Inverter_XW:10,2026-02-12 16:00:00,1050.04,1856.312,48572.31050000001,827.621
Inverter_XW:10,2026-02-12 17:00:00,1050.04,1856.312,48574.84,827.621
Inverter_XW:10,2026-02-12 18:00:00,1050.04,1856.312,48577.628000000004,827.621
Inverter_XW:10,2026-02-12 19:00:00,1050.04,1856.312,48579.19,827.621
Inverter_XW:10,2026-02-12 20:00:00,1050.04,1856.312,48579.236,827.621
Inverter_XW:10,2026-02-12 21:00:00,1050.04,1856.312,48579.28,827.621
Inverter_XW:10,2026-02-12 22:00:00,1050.04,1856.312,48579.323,827.621
Inverter_XW:10,2026-02-12 23:00:00,1050.04,1856.312,48579.3675,827.621
Inverter_XW:10,2026-02-13 00:00:00,1050.04,1856.312,48579.41733333334,827.621
Inverter_XW:10,2026-02-13 01:00:00,1050.04,1856.312,48579.4685,827.621
Inverter_XW:10,2026-02-13 02:00:00,1050.04,1856.312,48579.508,827.621
Inverter_XW:10,2026-02-13 03:00:00,1050.04,1856.312,48579.548500000004,827.621
Inverter_XW:10,2026-02-13 04:00:00,1050.04,1856.312,48579.598,827.621
Inverter_XW:10,2026-02-13 05:00:00,1050.04,1856.312,48579.63,827.621
Inverter_XW:10,2026-02-13 06:00:00,1050.04,1856.312,48580.505999999994,827.621
Inverter_XW:10,2026-02-13 08:00:00,1050.04,1856.312,48584.38,827.621
Inverter_XW:10,2026-02-13 09:00:00,1050.04,1856.312,48587.754,827.621
Inverter_XW:10,2026-02-13 10:00:00,1050.04,1856.312,48592.055,827.621
Inverter_XW:10,2026-02-13 12:00:00,1050.04,1856.312,48596.37,827.621
Inverter_XW:10,2026-02-13 13:00:00,1050.04,1856.312,48601.453,827.621
Inverter_XW:10,2026-02-13 15:00:00,1050.04,1856.312,48606.58,827.621
Inverter_XW:10,2026-02-13 17:00:00,1050.04,1856.312,48611.92,827.621
Inverter_XW:10,2026-02-13 19:00:00,1050.04,1856.312,48616.406,827.621
Inverter_XW:10,2026-02-13 21:00:00,1050.04,1856.312,48616.477,827.621
Inverter_XW:10,2026-02-13 23:00:00,1050.04,1856.312,48616.547,827.621
Inverter_XW:10,2026-02-14 02:00:00,1050.04,1856.312,48616.637,827.621
Inverter_XW:10,2026-02-14 05:00:00,1050.04,1856.312,48616.73,827.621
Inverter_XW:10,2026-02-14 09:00:00,1050.0436666666667,1856.4524166666667,48622.00075,827.621
Inverter_XW:10,2026-02-14 10:00:00,1050.044,1856.80636,48623.6374,827.6209999999999
Inverter_XW:10,2026-02-14 11:00:00,1050.044,1856.896,48626.634999999995,827.621
Inverter_XW:10,2026-02-14 12:00:00,1050.044,1856.896,48628.406,827.621
Inverter_XW:10,2026-02-14 13:00:00,1050.044,1856.896,48629.12,827.621
Inverter_XW:10,2026-02-14 14:00:00,1050.044,1856.896,48629.836,827.621
Inverter_XW:10,2026-02-14 15:00:00,1050.047,1856.944,48630.0953,827.6209999999999
Inverter_XW:10,2026-02-14 16:00:00,1050.047,1856.944,48630.761,827.621
Inverter_XW:10,2026-02-14 17:00:00,1050.047,1856.944,48631.543,827.621
Inverter_XW:10,2026-02-14 18:00:00,1050.047,1856.944,48632.195,827.621
Inverter_XW:10,2026-02-14 20:00:00,1050.047,1856.944,48632.246,827.621
Inverter_XW:10,2026-02-14 21:00:00,1050.047,1856.944,48632.28,827.621
Inverter_XW:10,2026-02-14 22:00:00,1050.047,1856.944,48632.324,827.621
Inverter_XW:10,2026-02-14 23:00:00,1050.047,1856.944,48632.35,827.621
Inverter_XW:10,2026-02-15 00:00:00,1050.047,1856.944,48632.383,827.621
Inverter_XW:10,2026-02-15 01:00:00,1050.047,1856.944,48632.4,827.621
Inverter_XW:10,2026-02-15 02:00:00,1050.047,1856.944,48632.429000000004,827.621
Inverter_XW:10,2026-02-15 03:00:00,1050.047,1856.944,48632.465,827.621
Inverter_XW:10,2026-02-15 04:00:00,1050.047,1856.944,48632.497,827.621
Inverter_XW:10,2026-02-15 05:00:00,1050.047,1856.9867368421053,48632.575473684214,827.621
Inverter_XW:10,2026-02-15 06:00:00,1050.047,1856.992,48632.61625,827.621
Inverter_XW:10,2026-02-15 07:00:00,1050.047,1856.992,48632.647666666664,827.621
Inverter_XW:10,2026-02-15 08:00:00,1050.047,1856.992,48632.67866666667,827.621
Inverter_XW:10,2026-02-15 09:00:00,1050.047,1856.992,48632.7065,827.621
Inverter_XW:10,2026-02-15 10:00:00,1050.047,1856.992,48632.73766666666,827.621
Inverter_XW:10,2026-02-15 11:00:00,1050.047,1856.992,48632.7655,827.621
Inverter_XW:10,2026-02-15 12:00:00,1050.047,1856.992,48632.791,827.621
Inverter_XW:10,2026-02-15 13:00:00,1050.047,1856.992,48632.825333333334,827.621
Inverter_XW:10,2026-02-15 14:00:00,1050.047,1856.992,48632.855,827.621
Inverter_XW:10,2026-02-15 15:00:00,1050.047,1856.992,48632.8825,827.621
Inverter_XW:10,2026-02-15 16:00:00,1050.047,1856.992,48632.91,827.621
Inverter_XW:10,2026-02-15 17:00:00,1050.047,1856.992,48632.9475,827.621
Inverter_XW:10,2026-02-15 18:00:00,1050.047,1856.992,48632.984,827.621
Inverter_XW:10,2026-02-15 19:00:00,1050.047,1856.992,48633.01,827.621
Inverter_XW:10,2026-02-15 20:00:00,1050.047,1856.992,48633.047,827.621
Inverter_XW:10,2026-02-15 21:00:00,1050.047,1856.992,48633.08,827.621
Inverter_XW:10,2026-02-15 23:00:00,1050.047,1856.992,48633.125,827.621
Inverter_XW:10,2026-02-16 00:00:00,1050.047,1856.992,48633.17,827.621
Inverter_XW:10,2026-02-16 02:00:00,1050.047,1856.992,48633.227,827.621
Inverter_XW:10,2026-02-16 04:00:00,1050.047,1856.992,48633.273,827.621
Inverter_XW:10,2026-02-16 06:00:00,1050.047,1856.992,48633.34,827.621
Inverter_XW:10,2026-02-16 08:00:00,1050.047,1856.992,48638.05,827.621
Inverter_XW:10,2026-02-16 11:00:00,1050.047,1856.992,48646.367,827.621
Inverter_XW:10,2026-02-16 14:00:00,1050.047,1856.992,48655.15,827.621
Inverter_XW:10,2026-02-16 18:00:00,1050.047,1856.992,48664.652,827.621
Inverter_XW:10,2026-02-16 22:00:00,1050.047,1856.992,48671.2,827.621
Inverter_XW:10,2026-02-17 04:00:00,1050.047,1856.992,48673.715,827.621
Inverter_XW:10,2026-02-17 13:00:00,1050.047,1856.992,48690.918,827.621
Inverter_XW:10,2026-02-17 23:00:00,1050.047,1856.992,48707.203,827.621
Inverter_XW:10,2026-02-18 09:00:00,1050.047,1856.992,48715.055,827.621
Inverter_XW:10,2026-02-19 00:00:00,1050.047,1856.992,48743.047,827.621
Inverter_XW:10,2026-02-19 12:00:00,1050.047,1856.992,48759.473,827.621
Inverter_XW:10,2026-02-20 02:00:00,1050.047,1856.992,48777.504,827.621
Inverter_XW:10,2026-02-20 12:00:00,1050.047,1856.992,48796.902,827.621
Inverter_XW:10,2026-02-20 20:00:00,1050.047,1857.116857142857,48815.97371428571,827.621
Inverter_XW:10,2026-02-20 21:00:00,1050.047,1857.9083529411764,48816.8144117647,827.621
Inverter_XW:10,2026-02-20 22:00:00,1050.047,1858.229,48817.17799999999,827.621
Inverter_XW:10,2026-02-20 23:00:00,1050.047,1858.229,48817.213,827.621
Inverter_XW:10,2026-02-21 01:00:00,1050.047,1858.229,48817.258,827.621
Inverter_XW:10,2026-02-21 02:00:00,1050.047,1858.229,48817.285,827.621
Inverter_XW:10,2026-02-21 03:00:00,1050.047,1858.229,48817.32,827.621
Inverter_XW:10,2026-02-21 04:00:00,1050.047,1858.229,48817.36,827.621
Inverter_XW:10,2026-02-21 06:00:00,1050.047,1858.229,48817.406,827.621
Inverter_XW:10,2026-02-21 07:00:00,1050.047,1858.229,48817.84,827.621
Inverter_XW:10,2026-02-21 10:00:00,1050.047,1858.229,48823.3,827.621
Inverter_XW:10,2026-02-21 12:00:00,1050.047,1858.229,48827.465,827.621
Inverter_XW:10,2026-02-21 14:00:00,1050.047,1858.229,48827.54,827.621
Inverter_XW:10,2026-02-21 17:00:00,1050.047,1858.229,48827.613,827.621
Inverter_XW:10,2026-02-21 20:00:00,1050.047,1858.229,48827.7,827.621
Inverter_XW:10,2026-02-21 23:00:00,1050.047,1858.229,48827.79,827.621
Inverter_XW:10,2026-02-22 02:00:00,1050.047,1858.229,48827.89,827.621
Inverter_XW:10,2026-02-22 05:00:00,1050.047,1858.229,48827.973,827.621
Inverter_XW:10,2026-02-22 09:00:00,1050.047,1858.229,48828.098,827.621
Inverter_XW:10,2026-02-22 13:00:00,1050.047,1858.229,48828.207,827.621
Inverter_XW:10,2026-02-22 18:00:00,1050.047,1858.229,48828.34,827.621
Inverter_XW:10,2026-02-22 22:00:00,1050.047,1858.229,48828.445,827.621
Inverter_XW:10,2026-02-23 04:00:00,1050.047,1858.229,48828.625,827.621
Inverter_XW:10,2026-02-23 10:00:00,1050.047,1858.229,48839.684,827.621
Inverter_XW:10,2026-02-23 19:00:00,1050.047,1858.229,48863.58,827.621
Inverter_XW:10,2026-02-24 02:00:00,1050.047,1858.229,48865.234,827.621
Inverter_XW:10,2026-02-24 09:00:00,1050.047,1858.229,48872.664,827.621
Inverter_XW:10,2026-02-24 17:00:00,1050.047,1858.229,48896.36,827.621
Inverter_XW:10,2026-02-24 22:00:00,1050.047,1858.229,48901.273,827.621
Inverter_XW:10,2026-02-25 01:00:00,1050.047,1858.229,48901.363,827.621
Inverter_XW:10,2026-02-25 04:00:00,1050.047,1858.229,48901.445,827.621
Inverter_XW:10,2026-02-25 06:00:00,1050.047,1858.229,48901.49,827.621
Inverter_XW:10,2026-02-25 07:00:00,1050.047,1858.229,48904.008,827.621
Inverter_XW:10,2026-02-25 08:00:00,1050.047,1858.229,48906.836,827.621
Inverter_XW:10,2026-02-25 09:00:00,1050.047,1858.229,48909.562,827.621
Inverter_XW:10,2026-02-25 10:00:00,1050.047,1858.229,48912.207,827.621
Inverter_XW:10,2026-02-25 11:00:00,1050.047,1858.229,48915.453,827.621
Inverter_XW:10,2026-02-25 12:00:00,1050.047,1858.229,48918.63,827.621
Inverter_XW:10,2026-02-25 13:00:00,1050.047,1858.229,48921.566,827.621
Inverter_XW:10,2026-02-25 14:00:00,1050.047,1858.229,48924.28,827.621
Inverter_XW:10,2026-02-25 15:00:00,1050.047,1858.229,48928.016,827.621
Inverter_XW:10,2026-02-25 17:00:00,1050.047,1858.229,48931.164,827.621
Inverter_XW:10,2026-02-25 18:00:00,1050.047,1858.229,48934.777,827.621
Inverter_XW:10,2026-02-25 19:00:00,1050.047,1858.229,48936.484,827.621
Inverter_XW:10,2026-02-25 20:00:00,1050.047,1858.229,48936.523,827.621
Inverter_XW:10,2026-02-25 21:00:00,1050.047,1858.229,48936.555,827.621
Inverter_XW:10,2026-02-25 23:00:00,1050.047,1858.229,48936.594,827.621
Inverter_XW:10,2026-02-26 00:00:00,1050.047,1858.229,48936.63,827.621
Inverter_XW:10,2026-02-26 01:00:00,1050.047,1858.229,48936.668,827.621
Inverter_XW:10,2026-02-26 03:00:00,1050.047,1858.229,48936.7,827.621
Inverter_XW:10,2026-02-26 04:00:00,1050.047,1858.229,48936.74,827.621
Inverter_XW:10,2026-02-26 05:00:00,1050.047,1858.229,48936.773,827.621
Inverter_XW:10,2026-02-26 06:00:00,1050.047,1858.229,48937.18,827.621
Inverter_XW:10,2026-02-26 08:00:00,1050.047,1858.229,48940.562,827.621
Inverter_XW:10,2026-02-26 09:00:00,1050.047,1858.229,48944.746,827.621
Inverter_XW:10,2026-02-26 11:00:00,1050.047,1858.229,48948.777,827.621
Inverter_XW:10,2026-02-26 12:00:00,1050.047,1858.229,48953.31,827.621
Inverter_XW:10,2026-02-26 14:00:00,1050.047,1858.229,48957.465,827.621
Inverter_XW:10,2026-02-26 16:00:00,1050.047,1858.229,48962.848,827.621
Inverter_XW:10,2026-02-26 17:00:00,1050.047,1858.229,48967.684,827.621
Inverter_XW:10,2026-02-26 19:00:00,1050.047,1858.229,48970.89,827.621
Inverter_XW:10,2026-02-26 21:00:00,1050.047,1858.229,48970.95,827.621
Inverter_XW:10,2026-02-26 23:00:00,1050.047,1858.229,48971.01,827.621
Inverter_XW:10,2026-02-27 00:00:00,1050.047,1858.229,48971.066,827.621
Inverter_XW:10,2026-02-27 02:00:00,1050.047,1858.229,48971.125,827.621
Inverter_XW:10,2026-02-27 04:00:00,1050.047,1858.229,48971.18,827.621
Inverter_XW:10,2026-02-27 05:00:00,1050.047,1858.229,48971.23,827.621
Inverter_XW:10,2026-02-27 07:00:00,1050.047,1858.229,48974.78,827.621
Inverter_XW:10,2026-02-27 08:00:00,1050.047,1858.229,48979.336,827.621
Inverter_XW:10,2026-02-27 10:00:00,1050.047,1858.229,48983.0,827.621
Inverter_XW:10,2026-02-27 11:00:00,1050.047,1858.229,48986.34,827.621
Inverter_XW:10,2026-02-27 12:00:00,1050.047,1858.229,48990.016,827.621
Inverter_XW:10,2026-02-27 13:00:00,1050.047,1858.229,48993.34,827.621
Inverter_XW:10,2026-02-27 14:00:00,1050.047,1858.229,48996.46,827.621
Inverter_XW:10,2026-02-27 15:00:00,1050.047,1858.229,48999.758,827.621
Inverter_XW:10,2026-02-27 16:00:00,1050.047,1858.229,49002.324,827.621
Inverter_XW:10,2026-02-27 17:00:00,1050.047,1858.229,49005.24,827.621
Inverter_XW:10,2026-02-27 18:00:00,1050.047,1858.229,49007.48,827.621
Inverter_XW:10,2026-02-27 19:00:00,1050.047,1858.229,49009.785,827.621
Inverter_XW:10,2026-02-27 20:00:00,1050.047,1858.229,49011.7,827.621
Inverter_XW:10,2026-02-27 21:00:00,1050.047,1858.229,49013.973,827.621
Inverter_XW:10,2026-02-27 22:00:00,1050.047,1858.229,49016.227,827.621
Inverter_XW:10,2026-02-28 00:00:00,1050.047,1858.229,49018.143,827.621
Inverter_XW:10,2026-02-28 02:00:00,1050.047,1858.229,49018.203,827.621
Inverter_XW:10,2026-02-28 03:00:00,1050.047,1858.229,49018.255,827.621
Inverter_XW:10,2026-02-28 05:00:00,1050.047,1858.229,49018.312,827.621
Inverter_XW:10,2026-02-28 06:00:00,1050.047,1858.229,49018.359,827.621
Inverter_XW:10,2026-02-28 08:00:00,1050.047,1858.229,49019.59,827.621
Inverter_XW:10,2026-02-28 09:00:00,1050.047,1858.229,49023.3925,827.621
Inverter_XW:10,2026-02-28 10:00:00,1050.047,1858.229,49026.535,827.621
Inverter_XW:10,2026-02-28 11:00:00,1050.047,1858.229,49028.926,827.621
Inverter_XW:10,2026-02-28 12:00:00,1050.047,1858.229,49030.535,827.621
Inverter_XW:10,2026-02-28 13:00:00,1050.047,1858.229,49033.029500000004,827.621
Inverter_XW:10,2026-02-28 14:00:00,1050.047,1858.229,49035.43,827.621
Inverter_XW:10,2026-02-28 15:00:00,1050.047,1858.229,49036.355,827.621
Inverter_XW:10,2026-02-28 16:00:00,1050.047,1858.229,49036.3945,827.621
Inverter_XW:10,2026-02-28 17:00:00,1050.047,1858.229,49036.43,827.621
Inverter_XW:10,2026-02-28 18:00:00,1050.047,1858.229,49036.4665,827.621
Inverter_XW:10,2026-02-28 19:00:00,1050.047,1858.229,49036.508,827.621
Inverter_XW:10,2026-02-28 20:00:00,1050.047,1858.229,49036.54,827.621
Inverter_XW:10,2026-02-28 21:00:00,1050.047,1858.229,49036.57,827.621
Inverter_XW:10,2026-02-28 22:00:00,1050.047,1858.229,49036.61,827.621
Inverter_XW:10,2026-02-28 23:00:00,1050.047,1858.229,49036.656,827.621
Inverter_XW:10,2026-03-01 01:00:00,1050.047,1858.229,49036.71,827.621
Inverter_XW:10,2026-03-01 03:00:00,1050.047,1858.229,49036.797,827.621
Inverter_XW:10,2026-03-01 06:00:00,1050.047,1858.2616666666665,49036.933,827.621
Inverter_XW:10,2026-03-01 07:00:00,1050.047,1859.6450000000002,49038.41695454545,827.621
Inverter_XW:10,2026-03-01 08:00:00,1050.047,1860.8945,49039.761333333336,827.621
Inverter_XW:10,2026-03-01 09:00:00,1050.047,1860.898,49039.812,827.621
Inverter_XW:10,2026-03-01 10:00:00,1050.047,1860.898,49039.84,827.621
Inverter_XW:10,2026-03-01 11:00:00,1050.047,1860.898,49039.87,827.621
Inverter_XW:10,2026-03-01 12:00:00,1050.047,1860.898,49039.906,827.621
Inverter_XW:10,2026-03-01 13:00:00,1050.047,1860.898,49039.95,827.621
Inverter_XW:10,2026-03-01 14:00:00,1050.047,1860.898,49040.008,827.621
Inverter_XW:10,2026-03-01 16:00:00,1050.047,1860.898,49040.074,827.621
Inverter_XW:10,2026-03-01 18:00:00,1050.047,1860.898,49040.137,827.621
Inverter_XW:10,2026-03-01 20:00:00,1050.047,1860.898,49040.227,827.621
Inverter_XW:10,2026-03-01 23:00:00,1050.047,1860.898,49040.332,827.621
Inverter_XW:10,2026-03-02 03:00:00,1050.047,1860.898,49040.46,827.621
Inverter_XW:10,2026-03-02 06:00:00,1050.047,1860.898,49040.57,827.621
Inverter_XW:10,2026-03-02 10:00:00,1050.047,1860.898,49051.934,827.621
Inverter_XW:10,2026-03-02 14:00:00,1050.047,1860.898,49064.727,827.621
Inverter_XW:10,2026-03-02 20:00:00,1050.047,1860.898,49077.227,827.621
Inverter_XW:10,2026-03-03 00:00:00,1050.047,1860.898,49077.387,827.621
Inverter_XW:10,2026-03-03 05:00:00,1050.047,1860.898,49077.58,827.621
Inverter_XW:10,2026-03-03 11:00:00,1050.047,1860.898,49090.918,827.621
Inverter_XW:10,2026-03-03 17:00:00,1050.047,1860.898,49107.992,827.621
Inverter_XW:10,2026-03-03 20:00:00,1050.047,1860.898,49112.977,827.621
Inverter_XW:10,2026-03-04 02:00:00,1050.047,1860.898,49113.316,827.621
Inverter_XW:10,2026-03-04 07:00:00,1050.047,1860.898,49114.92,827.621
Inverter_XW:10,2026-03-04 12:00:00,1050.047,1860.898,49129.93,827.621
Inverter_XW:10,2026-03-04 15:00:00,1050.047,1860.898,49137.74,827.621
Inverter_XW:10,2026-03-04 17:00:00,1050.047,1860.898,49143.57,827.621
Inverter_XW:10,2026-03-04 18:00:00,1050.047,1860.898,49147.027,827.621
Inverter_XW:10,2026-03-04 19:00:00,1050.047,1860.898,49148.4,827.621
Inverter_XW:10,2026-03-04 20:00:00,1050.047,1860.898,49148.42,827.621
Inverter_XW:10,2026-03-04 21:00:00,1050.047,1860.898,49148.44,827.621
Inverter_XW:10,2026-03-04 22:00:00,1050.047,1860.898,49148.465,827.621
Inverter_XW:10,2026-03-04 23:00:00,1050.047,1860.898,49148.5,827.621
Inverter_XW:10,2026-03-05 00:00:00,1050.047,1860.898,49148.535,827.621
Inverter_XW:10,2026-03-05 01:00:00,1050.047,1860.898,49148.56,827.621
Inverter_XW:10,2026-03-05 02:00:00,1050.047,1860.898,49148.586,827.621
Inverter_XW:10,2026-03-05 03:00:00,1050.047,1860.898,49148.61,827.621
Inverter_XW:10,2026-03-05 04:00:00,1050.047,1860.898,49148.637,827.621
Inverter_XW:10,2026-03-05 05:00:00,1050.047,1860.898,49148.66,827.621
Inverter_XW:10,2026-03-05 06:00:00,1050.047,1860.898,49148.695,827.621
Inverter_XW:10,2026-03-05 07:00:00,1050.047,1860.898,49151.008,827.621
Inverter_XW:10,2026-03-05 09:00:00,1050.047,1860.898,49154.39,827.621
Inverter_XW:10,2026-03-05 10:00:00,1050.047,1860.898,49157.348,827.621
Inverter_XW:10,2026-03-05 11:00:00,1050.047,1860.898,49161.004,827.621
Inverter_XW:10,2026-03-05 12:00:00,1050.047,1860.898,49164.254,827.621
Inverter_XW:10,2026-03-05 13:00:00,1050.047,1860.898,49167.664,827.621
Inverter_XW:10,2026-03-05 14:00:00,1050.047,1860.898,49171.0,827.621
Inverter_XW:10,2026-03-05 15:00:00,1050.047,1860.898,49174.57,827.621
Inverter_XW:10,2026-03-05 17:00:00,1050.047,1860.898,49177.844,827.621
Inverter_XW:10,2026-03-05 18:00:00,1050.047,1860.898,49181.164,827.621
Inverter_XW:10,2026-03-05 19:00:00,1050.047,1860.898,49183.93,827.621
Inverter_XW:10,2026-03-05 20:00:00,1050.047,1860.898,49184.766,827.621
Inverter_XW:10,2026-03-05 21:00:00,1050.047,1860.898,49185.17,827.621
Inverter_XW:10,2026-03-05 23:00:00,1050.047,1860.898,49185.605,827.621
Inverter_XW:10,2026-03-06 00:00:00,1050.047,1860.898,49186.06,827.621
Inverter_XW:10,2026-03-06 02:00:00,1050.047,1860.898,49186.598,827.621
Inverter_XW:10,2026-03-06 03:00:00,1050.047,1860.898,49187.06,827.621
Inverter_XW:10,2026-03-06 05:00:00,1050.047,1860.898,49187.55,827.621
Inverter_XW:10,2026-03-06 06:00:00,1050.047,1860.898,49189.152,827.621
Inverter_XW:10,2026-03-06 08:00:00,1050.047,1860.898,49193.84,827.621
Inverter_XW:10,2026-03-06 09:00:00,1050.047,1860.898,49198.363,827.621
Inverter_XW:10,2026-03-06 11:00:00,1050.047,1860.898,49202.375,827.621
Inverter_XW:10,2026-03-06 12:00:00,1050.047,1860.898,49206.625,827.621
Inverter_XW:10,2026-03-06 14:00:00,1050.047,1860.898,49210.57,827.621
Inverter_XW:10,2026-03-06 15:00:00,1050.047,1860.898,49213.355,827.621
Inverter_XW:10,2026-03-06 16:00:00,1050.047,1860.898,49217.47,827.621
Inverter_XW:10,2026-03-06 17:00:00,1050.047,1860.898,49220.375,827.621
Inverter_XW:10,2026-03-06 18:00:00,1050.047,1860.898,49222.06,827.621
Inverter_XW:10,2026-03-06 19:00:00,1050.047,1860.898,49222.086,827.621
Inverter_XW:10,2026-03-06 20:00:00,1050.047,1860.898,49222.113,827.621
Inverter_XW:10,2026-03-06 21:00:00,1050.047,1860.898,49222.137,827.621
Inverter_XW:10,2026-03-06 22:00:00,1050.047,1860.898,49222.168,827.621
Inverter_XW:10,2026-03-06 23:00:00,1050.047,1860.898,49222.19,827.621
Inverter_XW:10,2026-03-07 00:00:00,1050.047,1860.898,49222.22,827.621
Inverter_XW:10,2026-03-07 01:00:00,1050.047,1860.898,49222.242,827.621
Inverter_XW:10,2026-03-07 02:00:00,1050.047,1860.898,49222.28,827.621
Inverter_XW:10,2026-03-07 03:00:00,1050.047,1860.898,49222.316,827.621
Inverter_XW:10,2026-03-07 04:00:00,1050.047,1860.898,49222.34,827.621
Inverter_XW:10,2026-03-07 05:00:00,1050.047,1860.898,49222.363,827.621
Inverter_XW:10,2026-03-07 06:00:00,1050.047,1860.898,49222.387,827.621
Inverter_XW:10,2026-03-07 07:00:00,1050.047,1860.898,49222.414,827.621
Inverter_XW:10,2026-03-07 08:00:00,1050.047,1860.898,49222.684,827.621
Inverter_XW:10,2026-03-07 09:00:00,1050.047,1860.898,49225.369999999995,827.621
Inverter_XW:10,2026-03-07 10:00:00,1050.047,1860.898,49228.605,827.621
Inverter_XW:10,2026-03-07 11:00:00,1050.047,1860.898,49230.594,827.621
Inverter_XW:10,2026-03-07 12:00:00,1050.047,1860.898,49232.69,827.621
Inverter_XW:10,2026-03-07 13:00:00,1050.047,1860.898,49234.31,827.621
Inverter_XW:10,2026-03-07 14:00:00,1050.047,1860.898,49236.925,827.621
Inverter_XW:10,2026-03-07 15:00:00,1050.047,1860.898,49237.75,827.621
Inverter_XW:10,2026-03-07 16:00:00,1050.047,1860.898,49237.77,827.621
Inverter_XW:10,2026-03-07 17:00:00,1050.047,1860.898,49237.801,827.621
Inverter_XW:10,2026-03-07 18:00:00,1050.047,1860.898,49237.832,827.621
Inverter_XW:10,2026-03-07 19:00:00,1050.047,1860.898,49237.8575,827.621
Inverter_XW:10,2026-03-07 20:00:00,1050.047,1860.898,49237.887,827.621
Inverter_XW:10,2026-03-07 21:00:00,1050.047,1860.898,49237.911,827.621
Inverter_XW:10,2026-03-07 22:00:00,1050.047,1860.898,49237.9475,827.621
Inverter_XW:10,2026-03-07 23:00:00,1050.047,1860.898,49237.98,827.621
Inverter_XW:10,2026-03-08 00:00:00,1050.047,1860.898,49237.996,827.621
Inverter_XW:10,2026-03-08 01:00:00,1050.047,1860.898,49238.03,827.621
Inverter_XW:10,2026-03-08 02:00:00,1050.047,1861.4634761904763,49238.66376190476,827.6210000000001
Inverter_XW:10,2026-03-08 03:00:00,1050.047,1862.9440882352942,49240.24123529412,827.621
Inverter_XW:10,2026-03-08 04:00:00,1050.047,1863.374,49240.7235,827.621
Inverter_XW:10,2026-03-08 05:00:00,1050.047,1863.374,49240.756,827.621
Inverter_XW:10,2026-03-08 06:00:00,1050.047,1863.374,49240.797,827.621
Inverter_XW:10,2026-03-08 07:00:00,1050.047,1863.374,49240.824,827.621
Inverter_XW:10,2026-03-08 08:00:00,1050.047,1863.374,49240.86,827.621
Inverter_XW:10,2026-03-08 10:00:00,1050.047,1863.374,49240.902,827.621
Inverter_XW:10,2026-03-08 11:00:00,1050.047,1863.374,49240.95,827.621
Inverter_XW:10,2026-03-08 13:00:00,1050.047,1863.374,49241.008,827.621
Inverter_XW:10,2026-03-08 16:00:00,1050.047,1863.374,49241.08,827.621
Inverter_XW:10,2026-03-08 18:00:00,1050.047,1863.374,49241.15,827.621
Inverter_XW:10,2026-03-08 21:00:00,1050.047,1863.374,49241.246,827.621
Inverter_XW:10,2026-03-09 01:00:00,1050.047,1863.374,49241.348,827.621
Inverter_XW:10,2026-03-09 04:00:00,1050.047,1863.374,49241.46,827.621
Inverter_XW:10,2026-03-09 08:00:00,1050.047,1863.374,49245.145,827.621
Inverter_XW:10,2026-03-09 13:00:00,1050.047,1863.374,49259.29,827.621
Inverter_XW:10,2026-03-09 17:00:00,1050.047,1863.374,49273.324,827.621
Inverter_XW:10,2026-03-09 22:00:00,1050.047,1863.374,49277.0,827.621
Inverter_XW:10,2026-03-10 03:00:00,1050.047,1863.374,49277.195,827.621
Inverter_XW:10,2026-03-10 05:00:00,1050.047,1863.374,49277.263000000006,827.621
Inverter_XW:10,2026-03-10 08:00:00,1050.047,1863.374,49283.09,827.621
Inverter_XW:10,2026-03-10 14:00:00,1050.047,1863.374,49297.45,827.621
Inverter_XW:10,2026-03-10 19:00:00,1050.047,1863.374,49311.273,827.621
Inverter_XW:10,2026-03-11 00:00:00,1050.047,1863.374,49311.42,827.621
Inverter_XW:10,2026-03-11 05:00:00,1050.047,1863.374,49311.566,827.621
Inverter_XW:10,2026-03-11 08:00:00,1050.047,1863.374,49316.934,827.621
Inverter_XW:10,2026-03-11 11:00:00,1050.047,1863.374,49323.92,827.621
Inverter_XW:10,2026-03-11 12:00:00,1050.047,1863.374,49328.215,827.621
Inverter_XW:10,2026-03-11 13:00:00,1050.047,1863.374,49331.65,827.621
Inverter_XW:10,2026-03-11 14:00:00,1050.047,1863.374,49334.613,827.621
Inverter_XW:10,2026-03-11 15:00:00,1050.047,1863.374,49337.355,827.621
Inverter_XW:10,2026-03-11 16:00:00,1050.047,1863.374,49339.55,827.621
Inverter_XW:10,2026-03-11 17:00:00,1050.047,1863.374,49342.203,827.621
Inverter_XW:10,2026-03-11 18:00:00,1050.047,1863.374,49344.117,827.621
Inverter_XW:10,2026-03-11 19:00:00,1050.047,1863.374,49346.18,827.621
Inverter_XW:10,2026-03-11 20:00:00,1050.047,1863.374,49346.203,827.621
Inverter_XW:10,2026-03-11 21:00:00,1050.047,1863.374,49346.246,827.621
Inverter_XW:10,2026-03-11 22:00:00,1050.047,1863.374,49346.285,827.621
Inverter_XW:10,2026-03-11 23:00:00,1050.047,1863.374,49346.316,827.621
Inverter_XW:10,2026-03-12 00:00:00,1050.047,1864.2011025641025,49347.197538461536,827.621
Inverter_XW:10,2026-03-12 01:00:00,1050.047,1864.716,49347.76425,827.621
Inverter_XW:10,2026-03-12 02:00:00,1050.047,1864.716,49347.8045,827.621
Inverter_XW:10,2026-03-12 03:00:00,1050.047,1864.716,49347.84,827.621
Inverter_XW:10,2026-03-12 04:00:00,1050.047,1864.716,49347.87,827.621
Inverter_XW:10,2026-03-12 05:00:00,1050.047,1864.716,49347.906,827.621
Inverter_XW:10,2026-03-12 06:00:00,1050.047,1864.716,49348.465,827.621
Inverter_XW:10,2026-03-12 08:00:00,1050.047,1864.716,49352.23,827.621
Inverter_XW:10,2026-03-12 10:00:00,1050.047,1864.716,49357.8,827.621
Inverter_XW:10,2026-03-12 12:00:00,1050.047,1864.716,49363.05,827.621
Inverter_XW:10,2026-03-12 15:00:00,1050.047,1864.716,49370.773,827.621
Inverter_XW:10,2026-03-12 18:00:00,1050.047,1864.716,49377.926,827.621
Inverter_XW:10,2026-03-12 21:00:00,1050.047,1864.716,49380.863,827.621
Inverter_XW:10,2026-03-13 00:00:00,1050.047,1864.716,49380.96,827.621
Inverter_XW:10,2026-03-13 04:00:00,1050.047,1864.716,49381.08,827.621
Inverter_XW:10,2026-03-13 08:00:00,1050.047,1864.716,49387.945,827.621
Inverter_XW:10,2026-03-13 14:00:00,1050.047,1864.716,49403.44,827.621
Inverter_XW:10,2026-03-13 19:00:00,1050.047,1864.716,49416.03,827.621
Inverter_XW:10,2026-03-14 00:00:00,1050.047,1864.716,49426.707,827.621
Inverter_XW:10,2026-03-14 05:00:00,1050.047,1864.716,49426.844,827.621
Inverter_XW:10,2026-03-14 10:00:00,1050.047,1864.716,49433.445,827.621
Inverter_XW:10,2026-03-14 15:00:00,1050.047,1864.716,49439.047,827.621
Inverter_XW:10,2026-03-14 22:00:00,1050.047,1864.716,49439.242,827.621
Inverter_XW:10,2026-03-15 04:00:00,1050.047,1864.716,49439.402,827.621
Inverter_XW:10,2026-03-15 09:00:00,1050.047,1864.716,49439.55,827.621
Inverter_XW:10,2026-03-15 13:00:00,1050.047,1864.716,49439.656,827.621
Inverter_XW:10,2026-03-15 16:00:00,1050.047,1864.716,49439.723,827.621
Inverter_XW:10,2026-03-15 17:00:00,1050.047,1864.716,49439.76,827.621
Inverter_XW:10,2026-03-15 19:00:00,1050.047,1864.716,49439.8065,827.621
Inverter_XW:10,2026-03-15 20:00:00,1050.047,1864.716,49439.84,827.621
Inverter_XW:10,2026-03-15 21:00:00,1050.047,1864.716,49439.863,827.621
Inverter_XW:10,2026-03-15 22:00:00,1050.047,1864.716,49439.887,827.621
Inverter_XW:10,2026-03-15 23:00:00,1050.047,1864.716,49439.918000000005,827.621
Inverter_XW:10,2026-03-16 00:00:00,1050.047,1864.716,49439.953,827.621
Inverter_XW:10,2026-03-16 01:00:00,1050.047,1864.716,49439.98,827.621
Inverter_XW:10,2026-03-16 02:00:00,1050.047,1864.716,49440.004,827.621
Inverter_XW:10,2026-03-16 03:00:00,1050.047,1864.716,49440.03,827.621
Inverter_XW:10,2026-03-16 04:00:00,1050.047,1864.716,49440.055,827.621
Inverter_XW:10,2026-03-16 05:00:00,1050.047,1864.716,49440.086,827.621
Inverter_XW:10,2026-03-16 06:00:00,1050.047,1864.716,49440.113,827.621
Inverter_XW:10,2026-03-16 07:00:00,1050.047,1864.716,49442.29,827.621
Inverter_XW:10,2026-03-16 09:00:00,1050.047,1864.716,49445.82,827.621
Inverter_XW:10,2026-03-16 10:00:00,1050.047,1864.716,49449.277,827.621
Inverter_XW:10,2026-03-16 11:00:00,1050.047,1864.716,49452.383,827.621
Inverter_XW:10,2026-03-16 12:00:00,1050.047,1864.716,49455.95,827.621
Inverter_XW:10,2026-03-16 13:00:00,1050.047,1864.716,49459.223,827.621
Inverter_XW:10,2026-03-16 14:00:00,1050.047,1864.716,49462.797,827.621
Inverter_XW:10,2026-03-16 15:00:00,1050.047,1864.716,49465.562,827.621
Inverter_XW:10,2026-03-16 17:00:00,1050.047,1864.716,49468.965,827.621
Inverter_XW:10,2026-03-16 18:00:00,1050.047,1864.716,49472.29,827.621
Inverter_XW:10,2026-03-16 19:00:00,1050.047,1864.716,49474.2,827.621
Inverter_XW:10,2026-03-16 20:00:00,1050.047,1864.716,49474.242,827.621
Inverter_XW:10,2026-03-16 22:00:00,1050.047,1864.716,49474.285,827.621
Inverter_XW:10,2026-03-16 23:00:00,1050.047,1864.716,49474.33,827.621
Inverter_XW:10,2026-03-17 01:00:00,1050.047,1864.716,49474.38,827.621
Inverter_XW:10,2026-03-17 02:00:00,1050.047,1864.716,49474.426,827.621
Inverter_XW:10,2026-03-17 04:00:00,1050.047,1864.716,49474.473,827.621
Inverter_XW:10,2026-03-17 05:00:00,1050.047,1864.716,49474.527,827.621
Inverter_XW:10,2026-03-17 07:00:00,1050.047,1864.716,49476.69,827.621
Inverter_XW:10,2026-03-17 09:00:00,1050.047,1864.716,49481.117,827.621
Inverter_XW:10,2026-03-17 10:00:00,1050.047,1864.716,49485.695,827.621
Inverter_XW:10,2026-03-17 12:00:00,1050.047,1864.716,49489.76,827.621
Inverter_XW:10,2026-03-17 13:00:00,1050.047,1864.716,49494.066,827.621
Inverter_XW:10,2026-03-17 15:00:00,1050.047,1864.716,49497.85,827.621
Inverter_XW:10,2026-03-17 16:00:00,1050.047,1864.716,49501.594,827.621
Inverter_XW:10,2026-03-17 17:00:00,1050.052,1865.7750238095239,49506.116095238096,827.6210000000001
Inverter_XW:10,2026-03-17 18:00:00,1050.052,1867.0248,49509.687099999996,827.6209999999999
Inverter_XW:10,2026-03-17 19:00:00,1050.052,1867.067,49511.694,827.621
Inverter_XW:10,2026-03-17 20:00:00,1050.052,1867.067,49511.881,827.621
Inverter_XW:10,2026-03-17 21:00:00,1050.052,1867.067,49511.953,827.621
Inverter_XW:10,2026-03-17 22:00:00,1050.052,1867.067,49511.98,827.621
Inverter_XW:10,2026-03-17 23:00:00,1050.052,1867.067,49512.02,827.621
Inverter_XW:10,2026-03-18 01:00:00,1050.052,1867.067,49512.062,827.621
Inverter_XW:10,2026-03-18 02:00:00,1050.052,1867.067,49512.105,827.621
Inverter_XW:10,2026-03-18 04:00:00,1050.052,1867.067,49512.16,827.621
Inverter_XW:10,2026-03-18 06:00:00,1050.052,1867.067,49512.227,827.621
Inverter_XW:10,2026-03-18 08:00:00,1050.052,1867.067,49516.68,827.621
Inverter_XW:10,2026-03-18 11:00:00,1050.052,1867.067,49524.566,827.621
Inverter_XW:10,2026-03-18 14:00:00,1050.052,1867.067,49532.812,827.621
Inverter_XW:10,2026-03-18 18:00:00,1050.052,1867.067,49544.223,827.621
Inverter_XW:10,2026-03-18 20:00:00,1050.052,1867.067,49550.125,827.621
Inverter_XW:10,2026-03-18 21:00:00,1050.052,1867.5281944444444,49550.628361111114,827.621
Inverter_XW:10,2026-03-18 22:00:00,1050.052,1867.812,49550.947,827.621
Inverter_XW:10,2026-03-18 23:00:00,1050.052,1867.812,49550.984,827.621
Inverter_XW:10,2026-03-19 00:00:00,1050.052,1867.812,49551.016,827.621
Inverter_XW:10,2026-03-19 01:00:00,1050.052,1867.812,49551.04,827.621
Inverter_XW:10,2026-03-19 02:00:00,1050.052,1867.812,49551.085999999996,827.621
Inverter_XW:10,2026-03-19 03:00:00,1050.052,1867.812,49551.12,827.621
Inverter_XW:10,2026-03-19 04:00:00,1050.052,1867.812,49551.15,827.621
Inverter_XW:10,2026-03-19 05:00:00,1050.052,1867.812,49551.185,827.621
Inverter_XW:10,2026-03-19 06:00:00,1050.052,1867.812,49551.281,827.621
Inverter_XW:10,2026-03-19 07:00:00,1050.052,1867.812,49552.8205,827.621
Inverter_XW:10,2026-03-19 08:00:00,1050.052,1867.812,49555.73033333333,827.621
Inverter_XW:10,2026-03-19 09:00:00,1050.052,1867.812,49558.621,827.621
Inverter_XW:10,2026-03-19 10:00:00,1050.052,1867.812,49561.742333333335,827.621
Inverter_XW:10,2026-03-19 11:00:00,1050.052,1867.812,49565.172999999995,827.621
Inverter_XW:10,2026-03-19 12:00:00,1050.052,1867.812,49567.887,827.621
Inverter_XW:10,2026-03-19 13:00:00,1050.052,1867.812,49570.137,827.621
Inverter_XW:10,2026-03-19 14:00:00,1050.052,1867.812,49572.965,827.621
Inverter_XW:10,2026-03-19 15:00:00,1050.052,1867.812,49576.004,827.621
Inverter_XW:10,2026-03-19 16:00:00,1050.052,1867.812,49578.164,827.621
Inverter_XW:10,2026-03-19 17:00:00,1050.052,1867.812,49580.945,827.621
Inverter_XW:10,2026-03-19 18:00:00,1050.052,1867.812,49583.652,827.621
Inverter_XW:10,2026-03-19 19:00:00,1050.052,1867.812,49585.754,827.621
Inverter_XW:10,2026-03-19 20:00:00,1050.052,1867.812,49586.24,827.621
Inverter_XW:10,2026-03-19 21:00:00,1050.052,1867.812,49586.812,827.621
Inverter_XW:10,2026-03-19 23:00:00,1050.052,1867.812,49587.348,827.621
Inverter_XW:10,2026-03-20 01:00:00,1050.052,1867.812,49587.67,827.621
Inverter_XW:10,2026-03-20 03:00:00,1050.052,1867.812,49587.758,827.621
Inverter_XW:10,2026-03-20 05:00:00,1050.052,1867.812,49587.863,827.621
Inverter_XW:10,2026-03-20 07:00:00,1050.052,1867.812,49592.35,827.621
Inverter_XW:10,2026-03-20 10:00:00,1050.052,1867.812,49600.39,827.621
Inverter_XW:10,2026-03-20 13:00:00,1050.052,1867.812,49609.66,827.621
Inverter_XW:10,2026-03-20 17:00:00,1050.052,1867.812,49620.26,827.621
Inverter_XW:10,2026-03-20 20:00:00,1050.052,1867.812,49623.07,827.621
Inverter_XW:10,2026-03-21 01:00:00,1050.052,1867.812,49623.207,827.621
Inverter_XW:10,2026-03-21 06:00:00,1050.052,1867.812,49623.37,827.621
Inverter_XW:10,2026-03-21 15:00:00,1050.055,1868.1554782608696,49641.844086956524,827.621
Inverter_XW:10,2026-03-21 16:00:00,1050.055,1868.5584117647059,49642.2824117647,827.621
Inverter_XW:10,2026-03-21 17:00:00,1050.055,1868.587,49642.355,827.621
Inverter_XW:10,2026-03-21 18:00:00,1050.055,1868.587,49642.383,827.621
Inverter_XW:10,2026-03-21 19:00:00,1050.055,1868.587,49642.414,827.621
Inverter_XW:10,2026-03-21 20:00:00,1050.055,1868.587,49642.44,827.621
Inverter_XW:10,2026-03-21 21:00:00,1050.055,1868.587,49642.473,827.621
Inverter_XW:10,2026-03-21 22:00:00,1050.055,1868.587,49642.508,827.621
Inverter_XW:10,2026-03-21 23:00:00,1050.055,1868.587,49642.54,827.621
Inverter_XW:10,2026-03-22 00:00:00,1050.055,1868.587,49642.565,827.621
Inverter_XW:10,2026-03-22 01:00:00,1050.055,1868.587,49642.595,827.621
Inverter_XW:10,2026-03-22 02:00:00,1050.055,1868.5870000000002,49642.62899999999,827.621
Inverter_XW:10,2026-03-22 03:00:00,1050.055,1868.5870000000002,49642.66533333333,827.621
Inverter_XW:10,2026-03-22 04:00:00,1050.055,1868.587,49642.696500000005,827.621
Inverter_XW:10,2026-03-22 05:00:00,1050.055,1868.587,49642.7235,827.621
Inverter_XW:10,2026-03-22 06:00:00,1050.055,1868.5870000000002,49642.75466666667,827.621
Inverter_XW:10,2026-03-22 07:00:00,1050.055,1868.587,49642.79,827.621
Inverter_XW:10,2026-03-22 08:00:00,1050.055,1868.587,49642.816,827.621
Inverter_XW:10,2026-03-22 09:00:00,1050.055,1868.587,49642.841,827.621
Inverter_XW:10,2026-03-22 10:00:00,1050.055,1868.587,49642.87,827.621
Inverter_XW:10,2026-03-22 11:00:00,1050.055,1868.587,49642.895,827.621
Inverter_XW:10,2026-03-22 12:00:00,1050.055,1868.587,49642.92,827.621
Inverter_XW:10,2026-03-22 13:00:00,1050.055,1868.587,49642.953,827.621
Inverter_XW:10,2026-03-22 14:00:00,1050.055,1868.587,49642.984,827.621
Inverter_XW:10,2026-03-22 15:00:00,1050.055,1868.587,49643.02,827.621
Inverter_XW:10,2026-03-22 16:00:00,1050.055,1868.587,49643.066,827.621
Inverter_XW:10,2026-03-22 18:00:00,1050.055,1868.587,49643.113,827.621
Inverter_XW:10,2026-03-22 20:00:00,1050.055,1868.587,49643.168,827.621
Inverter_XW:10,2026-03-22 21:00:00,1050.055,1868.587,49643.227,827.621
Inverter_XW:10,2026-03-22 22:00:00,1050.055,1868.7445333333335,49643.4202,827.621
Inverter_XW:10,2026-03-22 23:00:00,1050.055,1868.8730000000003,49643.569500000005,827.621
Inverter_XW:10,2026-03-23 00:00:00,1050.055,1868.873,49643.606499999994,827.621
Inverter_XW:10,2026-03-23 01:00:00,1050.055,1868.8730000000003,49643.639,827.621
Inverter_XW:10,2026-03-23 02:00:00,1050.055,1868.873,49643.67,827.621
Inverter_XW:10,2026-03-23 03:00:00,1050.055,1868.8730000000003,49643.700000000004,827.621
Inverter_XW:10,2026-03-23 04:00:00,1050.055,1868.8730000000003,49643.73433333333,827.621
Inverter_XW:10,2026-03-23 05:00:00,1050.055,1868.873,49643.76,827.621
Inverter_XW:10,2026-03-23 06:00:00,1050.055,1868.8730000000003,49643.78633333333,827.621
Inverter_XW:10,2026-03-23 07:00:00,1050.055,1868.8730000000003,49643.82066666667,827.621
Inverter_XW:10,2026-03-23 08:00:00,1050.055,1868.873,49643.8495,827.621
Inverter_XW:10,2026-03-23 09:00:00,1050.055,1868.873,49643.8765,827.621
Inverter_XW:10,2026-03-23 10:00:00,1050.055,1868.873,49643.907,827.621
Inverter_XW:10,2026-03-23 11:00:00,1050.055,1868.873,49643.94,827.621
Inverter_XW:10,2026-03-23 12:00:00,1050.055,1868.873,49643.97,827.621
Inverter_XW:10,2026-03-23 13:00:00,1050.055,1868.873,49644.003,827.621
Inverter_XW:10,2026-03-23 14:00:00,1050.055,1868.873,49644.04,827.621
Inverter_XW:10,2026-03-23 15:00:00,1050.055,1868.873,49644.066,827.621
Inverter_XW:10,2026-03-23 16:00:00,1050.055,1868.873,49644.098,827.621
Inverter_XW:10,2026-03-23 17:00:00,1050.055,1868.873,49644.137,827.621
Inverter_XW:10,2026-03-23 19:00:00,1050.055,1868.873,49644.176,827.621
Inverter_XW:10,2026-03-23 20:00:00,1050.055,1868.873,49644.22,827.621
Inverter_XW:10,2026-03-23 22:00:00,1050.055,1868.873,49644.27,827.621
Inverter_XW:10,2026-03-24 00:00:00,1050.055,1868.873,49644.33,827.621
Inverter_XW:10,2026-03-24 02:00:00,1050.055,1868.943,49644.488125,827.621
Inverter_XW:10,2026-03-24 03:00:00,1050.055,1869.1607,49644.72945,827.6209999999999
Inverter_XW:10,2026-03-24 04:00:00,1050.055,1869.2,49644.810999999994,827.621
Inverter_XW:10,2026-03-24 05:00:00,1050.055,1869.2,49644.843,827.621
Inverter_XW:10,2026-03-24 06:00:00,1050.055,1869.2,49645.0505,827.621
Inverter_XW:10,2026-03-24 07:00:00,1050.055,1869.2,49646.9275,827.621
Inverter_XW:10,2026-03-24 08:00:00,1050.055,1869.2,49649.2185,827.621
Inverter_XW:10,2026-03-24 09:00:00,1050.055,1869.2,49651.78133333334,827.621
Inverter_XW:10,2026-03-24 10:00:00,1050.055,1869.2,49654.833000000006,827.621
Inverter_XW:10,2026-03-24 11:00:00,1050.055,1869.2,49657.41,827.621
Inverter_XW:10,2026-03-24 12:00:00,1050.055,1869.2,49660.204999999994,827.621
Inverter_XW:10,2026-03-24 13:00:00,1050.055,1869.2,49663.09,827.621
Inverter_XW:10,2026-03-24 14:00:00,1050.055,1869.2,49666.32833333333,827.621
Inverter_XW:10,2026-03-24 15:00:00,1050.055,1869.2,49669.9315,827.621
Inverter_XW:10,2026-03-24 16:00:00,1050.055,1869.2,49672.492,827.621
Inverter_XW:10,2026-03-24 17:00:00,1050.055,1869.2,49675.037,827.621
Inverter_XW:10,2026-03-24 18:00:00,1050.055,1869.2,49677.832,827.621
Inverter_XW:10,2026-03-24 19:00:00,1050.055,1869.2,49678.984,827.621
Inverter_XW:10,2026-03-24 20:00:00,1050.055,1869.2,49679.008,827.621
Inverter_XW:10,2026-03-24 21:00:00,1050.055,1869.2,49679.035,827.621
Inverter_XW:10,2026-03-24 22:00:00,1050.055,1869.2,49679.062,827.621
Inverter_XW:10,2026-03-24 23:00:00,1050.055,1869.2,49679.098,827.621
Inverter_XW:10,2026-03-25 00:00:00,1050.055,1869.2,49679.133,827.621
Inverter_XW:10,2026-03-25 02:00:00,1050.055,1869.2,49679.176,827.621
Inverter_XW:10,2026-03-25 03:00:00,1050.055,1869.2,49679.215,827.621
Inverter_XW:10,2026-03-25 05:00:00,1050.055,1869.2,49679.266,827.621
Inverter_XW:10,2026-03-25 06:00:00,1050.055,1869.2,49679.297,827.621
Inverter_XW:10,2026-03-25 09:00:00,1050.055,1869.2,49685.406,827.621
Inverter_XW:10,2026-03-25 11:00:00,1050.055,1869.2,49693.566,827.621
Inverter_XW:10,2026-03-25 15:00:00,1050.055,1869.2,49705.152,827.621
Inverter_XW:10,2026-03-25 18:00:00,1050.055,1869.2,49713.97,827.621
Inverter_XW:10,2026-03-25 23:00:00,1050.055,1869.2,49714.117,827.621
Inverter_XW:10,2026-03-26 04:00:00,1050.055,1869.2,49714.254,827.621
Inverter_XW:10,2026-03-26 12:00:00,1050.055,1869.2,49729.22,827.621
Inverter_XW:10,2026-03-26 20:00:00,1050.055,1869.2,49749.13,827.621
Inverter_XW:10,2026-03-27 07:00:00,1050.055,1869.2,49756.99,827.621
Inverter_XW:10,2026-03-27 13:00:00,1050.06,1869.5076111111111,49775.387444444445,827.621
Inverter_XW:10,2026-03-27 14:00:00,1050.06,1870.0102,49777.493279999995,827.6209999999999
Inverter_XW:10,2026-03-27 15:00:00,1050.06,1870.074,49780.8005,827.621
Inverter_XW:10,2026-03-27 16:00:00,1050.06,1870.074,49783.825,827.621
Inverter_XW:10,2026-03-27 17:00:00,1050.06,1870.0739999999998,49786.72,827.621
Inverter_XW:10,2026-03-27 18:00:00,1050.06,1870.074,49788.962,827.621
Inverter_XW:10,2026-03-27 19:00:00,1050.06,1870.0739999999998,49790.558,827.621
Inverter_XW:10,2026-03-27 20:00:00,1050.06,1870.074,49790.783500000005,827.621
Inverter_XW:10,2026-03-27 21:00:00,1050.06,1870.074,49790.8125,827.621
Inverter_XW:10,2026-03-27 22:00:00,1050.06,1870.074,49790.84,827.621
Inverter_XW:10,2026-03-27 23:00:00,1050.06,1870.074,49790.8715,827.621
Inverter_XW:10,2026-03-28 00:00:00,1050.06,1870.074,49790.906,827.621
Inverter_XW:10,2026-03-28 01:00:00,1050.06,1870.074,49790.934,827.621
Inverter_XW:10,2026-03-28 02:00:00,1050.06,1870.074,49790.97,827.621
Inverter_XW:10,2026-03-28 03:00:00,1050.06,1870.074,49791.0,827.621
Inverter_XW:10,2026-03-28 04:00:00,1050.06,1870.074,49791.035,827.621
Inverter_XW:10,2026-03-28 06:00:00,1050.06,1870.074,49791.074,827.621
Inverter_XW:10,2026-03-28 07:00:00,1050.06,1870.074,49791.117,827.621
Inverter_XW:10,2026-03-28 09:00:00,1050.06,1870.074,49793.418,827.621
Inverter_XW:10,2026-03-28 11:00:00,1050.06,1870.074,49798.88,827.621
Inverter_XW:10,2026-03-28 13:00:00,1050.06,1870.074,49803.27,827.621
Inverter_XW:10,2026-03-28 15:00:00,1050.06,1870.074,49806.6,827.621
Inverter_XW:10,2026-03-28 17:00:00,1050.06,1870.074,49806.688,827.621
Inverter_XW:10,2026-03-28 18:00:00,1050.06,1870.3622142857143,49807.030178571425,827.621
Inverter_XW:10,2026-03-28 19:00:00,1050.06,1870.505,49807.20166666666,827.621
Inverter_XW:10,2026-03-28 20:00:00,1050.06,1870.5399090909088,49807.28209090909,827.621
Inverter_XW:10,2026-03-28 21:00:00,1050.06,1870.6087368421051,49807.3772631579,827.621
Inverter_XW:10,2026-03-28 22:00:00,1050.06,1870.631,49807.432,827.621
Inverter_XW:10,2026-03-28 23:00:00,1050.06,1870.631,49807.47,827.621
Inverter_XW:10,2026-03-29 00:00:00,1050.06,1870.631,49807.504,827.621
Inverter_XW:10,2026-03-29 02:00:00,1050.06,1870.631,49807.55,827.621
Inverter_XW:10,2026-03-29 04:00:00,1050.06,1870.631,49807.605,827.621
Inverter_XW:10,2026-03-29 05:00:00,1050.06,1870.631,49807.656,827.621
Inverter_XW:10,2026-03-29 07:00:00,1050.06,1870.631,49807.703,827.621
Inverter_XW:10,2026-03-29 09:00:00,1050.06,1870.631,49807.758,827.621
Inverter_XW:10,2026-03-29 10:00:00,1050.06,1870.631,49807.785,827.621
Inverter_XW:10,2026-03-29 11:00:00,1050.06,1870.631,49807.824,827.621
Inverter_XW:10,2026-03-29 12:00:00,1050.06,1870.631,49807.85,827.621
Inverter_XW:10,2026-04-06 23:00:00,1050.069,1872.541,49921.56,827.621
Inverter_XW:10,2026-04-07 04:00:00,1050.069,1872.541,49921.695,827.621
Inverter_XW:10,2026-04-07 09:00:00,1050.069,1872.541,49929.824,827.621
Inverter_XW:10,2026-04-07 16:00:00,1050.069,1872.541,49950.43,827.621
Inverter_XW:10,2026-04-08 01:00:00,1050.069,1872.541,49956.418,827.621
Inverter_XW:10,2026-04-08 11:00:00,1050.069,1872.541,49970.598,827.621
Inverter_XW:10,2026-04-08 22:00:00,1050.069,1872.541,49991.14,827.621
Inverter_XW:10,2026-04-09 08:00:00,1050.073,1872.684142857143,49996.37671428571,827.621
Inverter_XW:10,2026-04-09 09:00:00,1050.073,1873.3290810810813,49998.557297297295,827.621
Inverter_XW:10,2026-04-09 10:00:00,1050.073,1873.525,50001.44171428571,827.621
Inverter_XW:10,2026-04-09 11:00:00,1050.073,1873.5250000000003,50004.55966666667,827.621
Inverter_XW:10,2026-04-09 12:00:00,1050.073,1873.525,50007.519499999995,827.621
Inverter_XW:10,2026-04-09 13:00:00,1050.073,1873.525,50010.152,827.621
Inverter_XW:10,2026-04-09 14:00:00,1050.073,1873.525,50013.835999999996,827.621
Inverter_XW:10,2026-04-09 15:00:00,1050.073,1873.525,50016.805,827.621
Inverter_XW:10,2026-04-09 16:00:00,1050.073,1873.525,50019.35,827.621
Inverter_XW:10,2026-04-09 17:00:00,1050.073,1873.525,50022.46,827.621
Inverter_XW:10,2026-04-09 18:00:00,1050.073,1873.525,50025.137,827.621
Inverter_XW:10,2026-04-09 19:00:00,1050.073,1873.525,50025.977,827.621
Inverter_XW:10,2026-04-09 20:00:00,1050.073,1873.525,50026.01,827.621
Inverter_XW:10,2026-04-09 22:00:00,1050.073,1873.525,50026.05,827.621
Inverter_XW:10,2026-04-09 23:00:00,1050.073,1873.525,50026.098,827.621
Inverter_XW:10,2026-04-10 01:00:00,1050.073,1873.525,50026.15,827.621
Inverter_XW:10,2026-04-10 03:00:00,1050.073,1873.525,50026.207,827.621
Inverter_XW:10,2026-04-10 05:00:00,1050.073,1873.525,50026.258,827.621
Inverter_XW:10,2026-04-10 07:00:00,1050.073,1873.525,50031.957,827.621
Inverter_XW:10,2026-04-10 10:00:00,1050.073,1873.525,50038.27,827.621
Inverter_XW:10,2026-04-10 12:00:00,1050.073,1873.525,50045.453,827.621
Inverter_XW:10,2026-04-10 15:00:00,1050.073,1873.525,50052.95,827.621
Inverter_XW:10,2026-04-10 18:00:00,1050.073,1873.525,50061.574,827.621
Inverter_XW:10,2026-04-10 20:00:00,1050.073,1873.525,50064.414,827.621
Inverter_XW:10,2026-04-11 01:00:00,1050.073,1873.525,50064.684,827.621
Inverter_XW:10,2026-04-11 05:00:00,1050.073,1873.525,50064.95,827.621
Inverter_XW:10,2026-04-11 10:00:00,1050.073,1873.525,50072.46,827.621
Inverter_XW:10,2026-04-11 11:00:00,1050.077,1874.0075428571427,50074.365600000005,827.621
Inverter_XW:10,2026-04-11 12:00:00,1050.077,1874.293,50076.36125,827.621
Inverter_XW:10,2026-04-11 13:00:00,1050.077,1874.293,50078.637,827.621
Inverter_XW:10,2026-04-11 14:00:00,1050.077,1874.293,50080.684,827.621
Inverter_XW:10,2026-04-11 15:00:00,1050.077,1874.293,50083.01,827.621
Inverter_XW:10,2026-04-11 16:00:00,1050.077,1874.293,50083.242,827.621
Inverter_XW:10,2026-04-11 17:00:00,1050.077,1874.293,50083.273,827.621
Inverter_XW:10,2026-04-11 18:00:00,1050.077,1874.293,50083.3,827.621
Inverter_XW:10,2026-04-11 19:00:00,1050.077,1874.293,50083.33,827.621
Inverter_XW:10,2026-04-11 20:00:00,1050.077,1874.293,50083.36,827.621
Inverter_XW:10,2026-04-11 21:00:00,1050.077,1874.293,50083.39033333334,827.621
Inverter_XW:10,2026-04-11 22:00:00,1050.077,1874.293,50083.426999999996,827.621
Inverter_XW:10,2026-04-11 23:00:00,1050.077,1874.293,50083.451,827.621
Inverter_XW:10,2026-04-12 00:00:00,1050.077,1874.293,50083.481999999996,827.621
Inverter_XW:10,2026-04-12 01:00:00,1050.077,1874.293,50083.512,827.621
Inverter_XW:10,2026-04-12 02:00:00,1050.077,1874.293,50083.5365,827.621
Inverter_XW:10,2026-04-12 03:00:00,1050.077,1874.293,50083.57200000001,827.621
Inverter_XW:10,2026-04-12 04:00:00,1050.077,1874.293,50083.6085,827.621
Inverter_XW:10,2026-04-12 05:00:00,1050.077,1874.293,50083.633,827.621
Inverter_XW:10,2026-04-12 06:00:00,1050.077,1874.293,50083.66,827.621
Inverter_XW:10,2026-04-12 07:00:00,1050.077,1874.293,50083.695,827.621
Inverter_XW:10,2026-04-12 08:00:00,1050.077,1874.293,50083.723,827.621
Inverter_XW:10,2026-04-12 09:00:00,1050.077,1874.293,50083.746,827.621
Inverter_XW:10,2026-04-12 10:00:00,1050.077,1874.293,50083.777,827.621
Inverter_XW:10,2026-04-12 11:00:00,1050.077,1874.293,50083.81,827.621
Inverter_XW:10,2026-04-12 12:00:00,1050.077,1874.293,50083.85,827.621
Inverter_XW:10,2026-04-12 14:00:00,1050.077,1874.293,50083.895,827.621
Inverter_XW:10,2026-04-12 16:00:00,1050.077,1874.293,50083.945,827.621
Inverter_XW:10,2026-04-12 17:00:00,1050.077,1874.293,50083.992,827.621
Inverter_XW:10,2026-04-12 20:00:00,1050.077,1874.293,50084.06,827.621
Inverter_XW:10,2026-04-12 22:00:00,1050.077,1874.293,50084.117,827.621
Inverter_XW:10,2026-04-13 00:00:00,1050.077,1874.293,50084.19,827.621
Inverter_XW:10,2026-04-13 03:00:00,1050.077,1874.293,50084.27,827.621
Inverter_XW:10,2026-04-13 06:00:00,1050.077,1874.293,50084.367,827.621
Inverter_XW:10,2026-04-13 09:00:00,1050.077,1874.293,50092.86,827.621
Inverter_XW:10,2026-04-13 14:00:00,1050.077,1874.293,50106.832,827.621
Inverter_XW:10,2026-04-13 19:00:00,1050.077,1874.293,50120.508,827.621
Inverter_XW:10,2026-04-14 02:00:00,1050.077,1874.293,50120.996,827.621
Inverter_XW:10,2026-04-14 09:00:00,1050.077,1874.293,50127.49,827.621
Inverter_XW:10,2026-04-14 20:00:00,1050.077,1874.293,50155.637,827.621
Inverter_XW:10,2026-04-15 06:00:00,1050.077,1874.293,50155.934,827.621
Inverter_XW:10,2026-04-15 18:00:00,1050.077,1874.293,50189.453,827.621
Inverter_XW:10,2026-04-16 04:00:00,1050.077,1874.293,50191.15,827.621
Inverter_XW:10,2026-04-16 12:00:00,1050.082,1874.8614615384615,50208.67119230769,827.621
Inverter_XW:10,2026-04-16 13:00:00,1050.082,1875.4912105263156,50211.02015789474,827.621
Inverter_XW:10,2026-04-16 14:00:00,1050.082,1875.502,50214.04,827.621
Inverter_XW:10,2026-04-16 15:00:00,1050.082,1875.502,50217.1715,827.621
Inverter_XW:10,2026-04-16 16:00:00,1050.082,1875.502,50220.57,827.621
Inverter_XW:10,2026-04-16 17:00:00,1050.082,1875.502,50223.117,827.621
Inverter_XW:10,2026-04-16 18:00:00,1050.082,1875.502,50226.04,827.621
Inverter_XW:10,2026-04-16 19:00:00,1050.082,1875.502,50227.324,827.621
Inverter_XW:10,2026-04-16 20:00:00,1050.082,1875.502,50227.36,827.621
Inverter_XW:10,2026-04-16 22:00:00,1050.082,1875.502,50227.4,827.621
Inverter_XW:10,2026-04-16 23:00:00,1050.082,1875.502,50227.445,827.621
Inverter_XW:10,2026-04-17 01:00:00,1050.082,1875.502,50227.484,827.621
Inverter_XW:10,2026-04-17 03:00:00,1050.082,1875.502,50227.54,827.621
Inverter_XW:10,2026-04-17 05:00:00,1050.082,1875.502,50229.137,827.621
Inverter_XW:10,2026-04-17 07:00:00,1050.082,1875.502,50234.94,827.621
Inverter_XW:10,2026-04-17 10:00:00,1050.082,1875.502,50241.676,827.621
Inverter_XW:10,2026-04-17 13:00:00,1050.082,1875.502,50250.008,827.621
Inverter_XW:10,2026-04-17 15:00:00,1050.082,1875.502,50257.676,827.621
Inverter_XW:10,2026-04-17 18:00:00,1050.082,1875.502,50266.348,827.621
Inverter_XW:10,2026-04-17 21:00:00,1050.082,1875.502,50268.023,827.621
Inverter_XW:10,2026-04-18 01:00:00,1050.082,1875.502,50268.13,827.621
Inverter_XW:10,2026-04-18 04:00:00,1050.082,1875.502,50268.24,827.621
Inverter_XW:10,2026-04-18 09:00:00,1050.082,1875.502,50274.918,827.621
Inverter_XW:10,2026-04-18 16:00:00,1050.082,1875.502,50287.645,827.621
Inverter_XW:10,2026-04-18 23:00:00,1050.082,1875.502,50290.38,827.621
Inverter_XW:10,2026-04-19 07:00:00,1050.082,1875.502,50293.117,827.621
Inverter_XW:10,2026-04-19 17:00:00,1050.082,1875.502,50296.754,827.621
Inverter_XW:10,2026-04-20 02:00:00,1050.082,1875.502,50300.086,827.621
Inverter_XW:10,2026-04-20 12:00:00,1050.082,1875.502,50316.984,827.621
Inverter_XW:10,2026-04-20 18:00:00,1050.082,1875.502,50333.55,827.621
Inverter_XW:10,2026-04-20 20:00:00,1050.082,1875.502,50336.344,827.621
Inverter_XW:10,2026-04-20 22:00:00,1050.082,1875.502,50336.426,827.621
Inverter_XW:10,2026-04-21 06:00:00,1050.082,1875.502,50336.637,827.621
Inverter_XW:10,2026-04-21 09:00:00,1050.082,1875.502,50345.13,827.621
Inverter_XW:10,2026-04-21 12:00:00,1050.082,1875.502,50351.453,827.621
Inverter_XW:10,2026-04-21 13:00:00,1050.082,1875.502,50355.227,827.621
Inverter_XW:10,2026-04-21 14:00:00,1050.082,1875.502,50358.82,827.621
Inverter_XW:10,2026-04-21 15:00:00,1050.082,1875.502,50361.83,827.621
Inverter_XW:10,2026-04-21 16:00:00,1050.082,1875.502,50365.062,827.621
Inverter_XW:10,2026-04-21 17:00:00,1050.082,1875.502,50367.72,827.621
Inverter_XW:10,2026-04-21 18:00:00,1050.082,1875.502,50370.508,827.621
Inverter_XW:10,2026-04-21 19:00:00,1050.082,1875.502,50371.336,827.621
Inverter_XW:10,2026-04-21 20:00:00,1050.082,1875.502,50371.363,827.621
Inverter_XW:10,2026-04-21 21:00:00,1050.082,1875.502,50371.3945,827.621
Inverter_XW:10,2026-04-21 22:00:00,1050.082,1875.502,50371.42,827.621
Inverter_XW:10,2026-04-21 23:00:00,1050.082,1875.502,50371.45,827.621
Inverter_XW:10,2026-04-22 00:00:00,1050.082,1875.502,50371.48,827.621
Inverter_XW:10,2026-04-22 02:00:00,1050.082,1875.502,50371.516,827.621
Inverter_XW:10,2026-04-22 03:00:00,1050.082,1875.502,50371.555,827.621
Inverter_XW:10,2026-04-22 04:00:00,1050.082,1875.502,50371.586,827.621
Inverter_XW:10,2026-04-22 05:00:00,1050.082,1875.502,50371.62,827.621
Inverter_XW:10,2026-04-22 07:00:00,1050.082,1875.502,50372.582,827.621
Inverter_XW:10,2026-04-22 08:00:00,1050.082,1875.502,50376.418,827.621
Inverter_XW:10,2026-04-22 09:00:00,1050.082,1875.502,50379.465,827.621
Inverter_XW:10,2026-04-22 11:00:00,1050.082,1875.502,50383.29,827.621
Inverter_XW:10,2026-04-22 12:00:00,1050.082,1875.502,50387.316,827.621
Inverter_XW:10,2026-04-22 13:00:00,1050.082,1875.502,50391.36,827.621
Inverter_XW:10,2026-04-22 15:00:00,1050.082,1875.502,50395.254,827.621
Inverter_XW:10,2026-04-22 16:00:00,1050.082,1875.502,50399.14,827.621
Inverter_XW:10,2026-04-22 17:00:00,1050.082,1875.502,50402.773,827.621
Inverter_XW:10,2026-04-22 19:00:00,1050.082,1875.502,50405.812,827.621
Inverter_XW:10,2026-04-22 20:00:00,1050.082,1875.502,50405.85,827.621
Inverter_XW:10,2026-04-22 22:00:00,1050.082,1875.502,50405.9,827.621
Inverter_XW:10,2026-04-23 00:00:00,1050.082,1875.502,50405.94,827.621
Inverter_XW:10,2026-04-23 02:00:00,1050.082,1875.502,50405.99,827.621
Inverter_XW:10,2026-04-23 04:00:00,1050.082,1875.502,50406.04,827.621
Inverter_XW:10,2026-04-23 05:00:00,1050.082,1875.502,50406.086,827.621
Inverter_XW:10,2026-04-23 07:00:00,1050.082,1875.502,50408.508,827.621
Inverter_XW:10,2026-04-23 09:00:00,1050.082,1875.502,50413.81,827.621
Inverter_XW:10,2026-04-23 11:00:00,1050.082,1875.502,50418.45,827.621
Inverter_XW:10,2026-04-23 13:00:00,1050.082,1875.502,50423.34,827.621
Inverter_XW:10,2026-04-23 14:00:00,1050.082,1875.502,50427.266,827.621
Inverter_XW:10,2026-04-23 15:00:00,1050.082,1875.502,50430.63,827.621
Inverter_XW:10,2026-04-23 17:00:00,1050.082,1875.502,50434.652,827.621
Inverter_XW:10,2026-04-23 18:00:00,1050.082,1875.502,50437.395,827.621
Inverter_XW:10,2026-04-23 19:00:00,1050.082,1875.502,50438.88,827.621
Inverter_XW:10,2026-04-23 20:00:00,1050.082,1875.502,50438.92,827.621
Inverter_XW:10,2026-04-23 21:00:00,1050.082,1875.502,50438.945,827.621
Inverter_XW:10,2026-04-23 23:00:00,1050.082,1875.502,50438.98,827.621
Inverter_XW:10,2026-04-24 00:00:00,1050.082,1875.502,50439.016,827.621
Inverter_XW:10,2026-04-24 01:00:00,1050.082,1875.502,50439.051,827.621
Inverter_XW:10,2026-04-24 03:00:00,1050.082,1875.502,50439.1,827.621
Inverter_XW:10,2026-04-24 04:00:00,1050.082,1875.502,50439.1375,827.621
Inverter_XW:10,2026-04-24 06:00:00,1050.082,1875.502,50440.24,827.621
Inverter_XW:10,2026-04-24 07:00:00,1050.082,1875.502,50443.994,827.621
Inverter_XW:10,2026-04-24 09:00:00,1050.082,1875.502,50448.26,827.621
Inverter_XW:10,2026-04-24 10:00:00,1050.082,1875.502,50452.094,827.621
Inverter_XW:10,2026-04-24 11:00:00,1050.082,1875.502,50454.47,827.621
Inverter_XW:10,2026-04-24 12:00:00,1050.082,1875.502,50457.84,827.621
Inverter_XW:10,2026-04-24 13:00:00,1050.082,1875.502,50460.93,827.621
Inverter_XW:10,2026-04-24 14:00:00,1050.082,1875.502,50462.836,827.621
Inverter_XW:10,2026-04-24 15:00:00,1050.082,1875.502,50466.37,827.621
Inverter_XW:10,2026-04-24 16:00:00,1050.082,1875.502,50468.953,827.621
Inverter_XW:10,2026-04-24 17:00:00,1050.082,1875.502,50471.496,827.621
Inverter_XW:10,2026-04-24 18:00:00,1050.082,1875.502,50474.2325,827.621
Inverter_XW:10,2026-04-24 19:00:00,1050.082,1875.502,50474.73,827.621
Inverter_XW:10,2026-04-24 20:00:00,1050.082,1875.502,50474.754,827.621
Inverter_XW:10,2026-04-24 21:00:00,1050.082,1875.502,50474.787,827.621
Inverter_XW:10,2026-04-24 22:00:00,1050.082,1875.502,50474.816,827.621
Inverter_XW:10,2026-04-24 23:00:00,1050.082,1875.502,50474.848,827.621
Inverter_XW:10,2026-04-25 00:00:00,1050.082,1875.502,50474.88,827.621
Inverter_XW:10,2026-04-25 01:00:00,1050.082,1875.502,50474.895,827.621
Inverter_XW:10,2026-04-25 02:00:00,1050.082,1875.502,50474.93,827.621
Inverter_XW:10,2026-04-25 03:00:00,1050.082,1875.502,50474.97,827.621
Inverter_XW:10,2026-04-25 04:00:00,1050.082,1875.502,50474.992,827.621
Inverter_XW:10,2026-04-25 05:00:00,1050.082,1875.502,50475.023,827.621
Inverter_XW:10,2026-04-25 06:00:00,1050.082,1875.502,50475.3,827.621
Inverter_XW:10,2026-04-25 08:00:00,1050.082,1875.502,50478.1,827.621
Inverter_XW:10,2026-04-25 10:00:00,1050.082,1875.502,50483.207,827.621
Inverter_XW:10,2026-04-25 13:00:00,1050.082,1875.502,50489.887,827.621
Inverter_XW:10,2026-04-25 16:00:00,1050.082,1875.502,50490.76,827.621
Inverter_XW:10,2026-04-25 18:00:00,1050.082,1875.502,50490.816,827.621
Inverter_XW:10,2026-04-25 19:00:00,1050.082,1875.502,50490.86,827.621
Inverter_XW:10,2026-04-25 21:00:00,1050.082,1875.502,50490.91,827.621
Inverter_XW:10,2026-04-25 22:00:00,1050.082,1875.502,50490.94,827.621
Inverter_XW:10,2026-04-26 00:00:00,1050.082,1875.502,50490.994000000006,827.621
Inverter_XW:10,2026-04-26 01:00:00,1050.082,1875.502,50491.035,827.621
Inverter_XW:10,2026-04-26 02:00:00,1050.082,1875.502,50491.05,827.621
Inverter_XW:10,2026-04-26 03:00:00,1050.082,1875.502,50491.078,827.621
Inverter_XW:10,2026-04-26 04:00:00,1050.082,1875.5019999999997,50491.112,827.621
Inverter_XW:10,2026-04-26 05:00:00,1050.082,1875.5019999999997,50491.141,827.621
Inverter_XW:10,2026-04-26 06:00:00,1050.082,1875.502,50491.167499999996,827.621
Inverter_XW:10,2026-04-26 07:00:00,1050.082,1876.6003157894738,50492.36047368421,827.621
Inverter_XW:10,2026-04-26 08:00:00,1050.082,1878.2720833333333,50494.14654166667,827.621
Inverter_XW:10,2026-04-26 09:00:00,1050.082,1878.499,50494.418000000005,827.621
Inverter_XW:10,2026-04-26 10:00:00,1050.082,1878.499,50494.453,827.621
Inverter_XW:10,2026-04-26 11:00:00,1050.082,1878.499,50494.48,827.621
Inverter_XW:10,2026-04-26 12:00:00,1050.082,1878.645181818182,50494.667727272725,827.621
Inverter_XW:10,2026-04-26 13:00:00,1050.082,1879.1473571428571,50495.207,827.621
Inverter_XW:10,2026-04-26 14:00:00,1050.082,1879.318,50495.413,827.621
Inverter_XW:10,2026-04-26 15:00:00,1050.082,1879.318,50495.449,827.621
Inverter_XW:10,2026-04-26 16:00:00,1050.082,1879.318,50495.484,827.621
Inverter_XW:10,2026-04-26 17:00:00,1050.082,1879.318,50495.508,827.621
Inverter_XW:10,2026-04-26 18:00:00,1050.082,1879.318,50495.535,827.621
Inverter_XW:10,2026-04-26 19:00:00,1050.082,1879.318,50495.568,827.621
Inverter_XW:10,2026-04-26 20:00:00,1050.082,1879.318,50495.595,827.621
Inverter_XW:10,2026-04-26 21:00:00,1050.082,1879.318,50495.6235,827.621
Inverter_XW:10,2026-04-26 22:00:00,1050.082,1879.318,50495.652,827.621
Inverter_XW:10,2026-04-26 23:00:00,1050.082,1879.318,50495.688,827.621
Inverter_XW:10,2026-04-27 00:00:00,1050.082,1879.318,50495.716499999995,827.621
Inverter_XW:10,2026-04-27 01:00:00,1050.082,1879.318,50495.743,827.621
Inverter_XW:10,2026-04-27 02:00:00,1050.082,1879.318,50495.7665,827.621
Inverter_XW:10,2026-04-27 03:00:00,1050.082,1879.318,50495.7975,827.621
Inverter_XW:10,2026-04-27 04:00:00,1050.082,1879.318,50495.831999999995,827.621
Inverter_XW:10,2026-04-27 05:00:00,1050.082,1879.318,50495.86,827.621
Inverter_XW:10,2026-04-27 06:00:00,1050.082,1879.318,50495.883,827.621
Inverter_XW:10,2026-04-27 07:00:00,1050.082,1879.318,50496.93,827.621
Inverter_XW:10,2026-04-27 08:00:00,1050.082,1879.318,50499.164,827.621
Inverter_XW:10,2026-04-27 09:00:00,1050.082,1879.318,50501.793,827.621
Inverter_XW:10,2026-04-27 10:00:00,1050.082,1879.318,50504.914,827.621
Inverter_XW:10,2026-04-27 11:00:00,1050.082,1879.318,50509.18,827.621
Inverter_XW:10,2026-04-27 13:00:00,1050.082,1879.318,50512.836,827.621
Inverter_XW:10,2026-04-27 15:00:00,1050.1984444444445,1879.5247777777777,50520.060000000005,827.621
Inverter_XW:10,2026-04-27 16:00:00,1050.213,1879.7163529411764,50521.51170588235,827.621
Inverter_XW:10,2026-04-27 17:00:00,1050.213,1879.736,50525.18266666667,827.621
Inverter_XW:10,2026-04-27 18:00:00,1050.222,1879.7863999999997,50528.131299999994,827.6209999999999
Inverter_XW:10,2026-04-27 19:00:00,1050.223,1879.7920000000001,50529.01766666666,827.621
Inverter_XW:10,2026-04-27 20:00:00,1050.223,1879.792,50529.287,827.621
Inverter_XW:10,2026-04-27 21:00:00,1050.223,1879.792,50529.34,827.621
Inverter_XW:10,2026-04-27 22:00:00,1050.223,1879.792,50529.373,827.621
Inverter_XW:10,2026-04-27 23:00:00,1050.223,1879.792,50529.411,827.621
Inverter_XW:10,2026-04-28 00:00:00,1050.223,1879.792,50529.444,827.621
Inverter_XW:10,2026-04-28 01:00:00,1050.223,1879.792,50529.471,827.621
Inverter_XW:10,2026-04-28 02:00:00,1050.223,1879.792,50529.498,827.621
Inverter_XW:10,2026-04-28 03:00:00,1050.223,1879.7920000000001,50529.52766666667,827.621
Inverter_XW:10,2026-04-28 04:00:00,1050.223,1879.7920000000001,50529.562,827.621
Inverter_XW:10,2026-04-28 05:00:00,1050.223,1879.792,50529.59,827.621
Inverter_XW:10,2026-04-28 06:00:00,1050.223,1879.7920000000001,50529.73733333333,827.621
Inverter_XW:10,2026-04-28 07:00:00,1050.223,1879.792,50531.6095,827.621
Inverter_XW:10,2026-04-28 08:00:00,1050.223,1879.792,50534.3825,827.621
Inverter_XW:10,2026-04-28 09:00:00,1050.223,1879.792,50537.5225,827.621
Inverter_XW:10,2026-04-28 10:00:00,1050.223,1879.792,50540.195,827.621
Inverter_XW:10,2026-04-28 11:00:00,1050.223,1879.792,50542.3,827.621
Inverter_XW:10,2026-04-28 12:00:00,1050.223,1879.792,50545.8825,827.621
Inverter_XW:10,2026-04-28 13:00:00,1050.223,1879.792,50549.7,827.621
Inverter_XW:10,2026-04-28 14:00:00,1050.223,1879.792,50553.156,827.621
Inverter_XW:10,2026-04-28 15:00:00,1050.228,1879.9163157894734,50555.115263157895,827.621
Inverter_XW:10,2026-04-28 16:00:00,1050.228,1879.945,50557.59666666667,827.621
Inverter_XW:10,2026-04-28 17:00:00,1050.228,1879.945,50560.670750000005,827.621
Inverter_XW:10,2026-04-28 18:00:00,1050.228,1879.945,50563.33625,827.621
Inverter_XW:10,2026-04-28 19:00:00,1050.228,1879.945,50564.532,827.621
Inverter_XW:10,2026-04-28 20:00:00,1050.228,1879.945,50564.565,827.621
Inverter_XW:10,2026-04-28 21:00:00,1050.228,1879.945,50564.59933333334,827.621
Inverter_XW:10,2026-04-28 22:00:00,1050.228,1879.945,50564.625,827.621
Inverter_XW:10,2026-04-28 23:00:00,1050.228,1879.945,50564.648,827.621
Inverter_XW:10,2026-04-29 00:00:00,1050.228,1879.945,50564.679000000004,827.621
Inverter_XW:10,2026-04-29 01:00:00,1050.228,1879.945,50564.711500000005,827.621
Inverter_XW:10,2026-04-29 02:00:00,1050.228,1879.945,50564.74,827.621
Inverter_XW:10,2026-04-29 03:00:00,1050.228,1879.945,50564.758,827.621
Inverter_XW:10,2026-04-29 04:00:00,1050.228,1879.945,50564.79,827.621
Inverter_XW:10,2026-04-29 05:00:00,1050.228,1879.945,50564.816,827.621
Inverter_XW:10,2026-04-29 06:00:00,1050.228,1880.0844736842107,50565.033684210524,827.621
Inverter_XW:10,2026-04-29 07:00:00,1050.228,1880.121,50566.4455,827.621
Inverter_XW:10,2026-04-29 08:00:00,1050.228,1880.121,50569.173500000004,827.621
Inverter_XW:10,2026-04-29 09:00:00,1050.228,1880.121,50572.02525,827.621
Inverter_XW:10,2026-04-29 10:00:00,1050.228,1880.121,50575.046,827.621
Inverter_XW:10,2026-04-29 11:00:00,1050.228,1880.121,50577.84133333334,827.621
Inverter_XW:10,2026-04-29 12:00:00,1050.228,1880.121,50580.68899999999,827.621
Inverter_XW:10,2026-04-29 13:00:00,1050.228,1880.121,50583.79666666667,827.621
Inverter_XW:10,2026-04-29 14:00:00,1050.228,1880.121,50586.559,827.621
Inverter_XW:10,2026-04-29 15:00:00,1050.228,1880.121,50589.087499999994,827.621
Inverter_XW:10,2026-04-29 16:00:00,1050.228,1880.121,50592.0135,827.621
Inverter_XW:10,2026-04-29 17:00:00,1050.228,1880.121,50595.240000000005,827.621
Inverter_XW:10,2026-04-29 18:00:00,1050.228,1880.121,50597.71,827.621
Inverter_XW:10,2026-04-29 19:00:00,1050.228,1880.121,50599.227,827.621
Inverter_XW:10,2026-04-29 20:00:00,1050.228,1880.121,50599.2615,827.621
Inverter_XW:10,2026-04-29 22:00:00,1050.228,1880.121,50599.31,827.621
Inverter_XW:10,2026-04-29 23:00:00,1050.228,1880.121,50599.36,827.621
Inverter_XW:10,2026-04-30 00:00:00,1050.228,1880.2755294117649,50599.543647058825,827.621
Inverter_XW:10,2026-04-30 01:00:00,1050.228,1880.35,50599.640125,827.621
Inverter_XW:10,2026-04-30 02:00:00,1050.228,1880.3499999999997,50599.676,827.621
Inverter_XW:10,2026-04-30 03:00:00,1050.228,1880.3499999999997,50599.70733333333,827.621
Inverter_XW:10,2026-04-30 04:00:00,1050.228,1880.3499999999997,50599.73566666667,827.621
Inverter_XW:10,2026-04-30 05:00:00,1050.228,1880.3499999999997,50599.76566666667,827.621
Inverter_XW:10,2026-04-30 06:00:00,1050.228,1880.3499999999997,50599.90266666666,827.621
Inverter_XW:10,2026-04-30 07:00:00,1050.237,1880.409,50601.3392,827.621
Inverter_XW:10,2026-04-30 08:00:00,1050.237,1880.409,50603.6875,827.621
Inverter_XW:10,2026-04-30 09:00:00,1050.24,1880.4502222222222,50605.963777777775,827.621
Inverter_XW:10,2026-04-30 10:00:00,1050.24,1880.4530000000002,50609.265666666666,827.621
Inverter_XW:10,2026-04-30 11:00:00,1050.24,1880.4530000000002,50612.22,827.621
Inverter_XW:10,2026-04-30 12:00:00,1050.24,1880.4530000000002,50615.35766666667,827.621
Inverter_XW:10,2026-04-30 13:00:00,1050.24,1880.4530000000002,50618.45133333333,827.621
Inverter_XW:10,2026-04-30 14:00:00,1050.24,1880.453,50620.924,827.621
Inverter_XW:10,2026-04-30 15:00:00,1050.24,1880.4530000000002,50623.33466666667,827.621
Inverter_XW:10,2026-04-30 16:00:00,1050.24,1880.4530000000002,50626.492,827.621
Inverter_XW:10,2026-04-30 17:00:00,1050.24,1880.453,50629.0895,827.621
Inverter_XW:10,2026-04-30 18:00:00,1050.24,1880.4530000000002,50631.655999999995,827.621
Inverter_XW:10,2026-04-30 19:00:00,1050.24,1880.453,50633.003,827.621
Inverter_XW:10,2026-04-30 20:00:00,1050.24,1880.453,50633.027,827.621
Inverter_XW:10,2026-04-30 21:00:00,1050.24,1880.453,50633.0565,827.621
Inverter_XW:10,2026-04-30 22:00:00,1050.24,1880.453,50633.086,827.621
Inverter_XW:10,2026-04-30 23:00:00,1050.24,1880.453,50633.105,827.621
Inverter_XW:10,2026-05-01 00:00:00,1050.24,1880.453,50633.133,827.621
Inverter_XW:10,2026-05-01 01:00:00,1050.24,1880.453,50633.16,827.621
Inverter_XW:10,2026-05-01 02:00:00,1050.24,1880.453,50633.19,827.621
Inverter_XW:10,2026-05-01 03:00:00,1050.24,1880.453,50633.23,827.621
Inverter_XW:10,2026-05-01 04:00:00,1050.24,1880.453,50633.273,827.621
Inverter_XW:10,2026-05-01 06:00:00,1050.24,1880.453,50633.33,827.621
Inverter_XW:10,2026-05-01 08:00:00,1050.24,1880.453,50633.387,827.621
Inverter_XW:10,2026-05-01 10:00:00,1050.24,1880.453,50633.45,827.621
Inverter_XW:10,2026-05-01 13:00:00,1050.24,1880.453,50633.523,827.621
Inverter_XW:10,2026-05-01 16:00:00,1050.24,1880.453,50633.62,827.621
Inverter_XW:10,2026-05-01 20:00:00,1050.24,1880.453,50633.73,827.621
Inverter_XW:10,2026-05-02 01:00:00,1050.24,1880.453,50633.887,827.621
Inverter_XW:10,2026-05-02 06:00:00,1050.24,1880.453,50634.152,827.621
Inverter_XW:10,2026-05-02 14:00:00,1050.24,1880.453,50647.113,827.621
Inverter_XW:10,2026-05-02 23:00:00,1050.24,1880.453,50649.883,827.621
Inverter_XW:10,2026-05-03 10:00:00,1050.24,1880.453,50650.21,827.621
Inverter_XW:10,2026-05-03 22:00:00,1050.24,1880.453,50650.562,827.621
Inverter_XW:10,2026-05-04 12:00:00,1050.24,1880.453,50665.8,827.621
Inverter_XW:10,2026-05-05 01:00:00,1050.24,1880.453,50684.523,827.621
Inverter_XW:10,2026-05-05 14:00:00,1050.24,1880.453,50706.484,827.621
Inverter_XW:10,2026-05-05 23:00:00,1050.24,1880.453,50719.465,827.621
Inverter_XW:10,2026-05-06 04:00:00,1050.24,1880.453,50719.62,827.621
Inverter_XW:10,2026-05-06 06:00:00,1050.24,1880.453,50719.688,827.621
Inverter_XW:10,2026-05-06 08:00:00,1050.24,1880.453,50723.363,827.621
Inverter_XW:10,2026-05-06 09:00:00,1050.24,1880.453,50726.56,827.621
Inverter_XW:10,2026-05-06 10:00:00,1050.24,1880.453,50729.8,827.621
Inverter_XW:10,2026-05-06 11:00:00,1050.24,1880.453,50732.453,827.621
Inverter_XW:10,2026-05-06 12:00:00,1050.24,1880.453,50735.492,827.621
Inverter_XW:10,2026-05-06 13:00:00,1050.24,1880.453,50738.133,827.621
Inverter_XW:10,2026-05-06 14:00:00,1050.24,1880.453,50741.293,827.621
Inverter_XW:10,2026-05-06 15:00:00,1050.24,1880.453,50743.91,827.621
Inverter_XW:10,2026-05-06 16:00:00,1050.24,1880.453,50746.65,827.621
Inverter_XW:10,2026-05-06 17:00:00,1050.24,1880.453,50749.82,827.621
Inverter_XW:10,2026-05-06 18:00:00,1050.24,1880.453,50753.355,827.621
Inverter_XW:10,2026-05-06 19:00:00,1050.24,1880.453,50753.96,827.621
Inverter_XW:10,2026-05-06 21:00:00,1050.24,1880.453,50753.992,827.621
Inverter_XW:10,2026-05-06 22:00:00,1050.24,1880.453,50754.03,827.621
Inverter_XW:10,2026-05-06 23:00:00,1050.24,1880.453,50754.062,827.621
Inverter_XW:10,2026-05-07 01:00:00,1050.24,1880.453,50754.098,827.621
Inverter_XW:10,2026-05-07 02:00:00,1050.24,1880.453,50754.133,827.621
Inverter_XW:10,2026-05-07 03:00:00,1050.24,1880.453,50754.168,827.621
Inverter_XW:10,2026-05-07 05:00:00,1050.24,1880.453,50754.207,827.621
Inverter_XW:10,2026-05-07 06:00:00,1050.24,1880.453,50754.234,827.621
Inverter_XW:10,2026-05-07 07:00:00,1050.24,1880.453,50756.074,827.621
Inverter_XW:10,2026-05-07 08:00:00,1050.24,1880.453,50759.11,827.621
Inverter_XW:10,2026-05-07 10:00:00,1050.24,1880.453,50763.38,827.621
Inverter_XW:10,2026-05-07 11:00:00,1050.24,1880.453,50767.23,827.621
Inverter_XW:10,2026-05-07 12:00:00,1050.24,1880.453,50771.062,827.621
Inverter_XW:10,2026-05-07 14:00:00,1050.24,1880.453,50774.76,827.621
Inverter_XW:10,2026-05-07 15:00:00,1050.24,1880.453,50779.68,827.621
Inverter_XW:10,2026-05-07 17:00:00,1050.24,1880.453,50784.047,827.621
Inverter_XW:10,2026-05-07 19:00:00,1050.24,1880.453,50788.08,827.621
Inverter_XW:10,2026-05-07 20:00:00,1050.24,1880.453,50788.13,827.621
Inverter_XW:10,2026-05-07 22:00:00,1050.24,1880.453,50788.18,827.621
Inverter_XW:10,2026-05-08 00:00:00,1050.24,1880.453,50788.227,827.621
Inverter_XW:10,2026-05-08 02:00:00,1050.24,1880.453,50788.28,827.621
Inverter_XW:10,2026-05-08 03:00:00,1050.24,1880.453,50788.324,827.621
Inverter_XW:10,2026-05-08 05:00:00,1050.24,1880.453,50788.38,827.621
Inverter_XW:10,2026-05-08 06:00:00,1050.24,1880.453,50789.64,827.621
Inverter_XW:10,2026-05-08 08:00:00,1050.24,1880.453,50794.73,827.621
Inverter_XW:10,2026-05-08 09:00:00,1050.24,1880.453,50797.97,827.621
Inverter_XW:10,2026-05-08 11:00:00,1050.24,1880.453,50802.945,827.621
Inverter_XW:10,2026-05-08 12:00:00,1050.24,1880.453,50805.59,827.621
Inverter_XW:10,2026-05-08 13:00:00,1050.24,1880.453,50809.574,827.621
Inverter_XW:10,2026-05-08 14:00:00,1050.24,1880.453,50812.35,827.621
Inverter_XW:10,2026-05-08 15:00:00,1050.24,1880.453,50815.55,827.621
Inverter_XW:10,2026-05-08 17:00:00,1050.24,1880.453,50818.684,827.621
Inverter_XW:10,2026-05-08 18:00:00,1050.24,1880.453,50821.15,827.621
Inverter_XW:10,2026-05-08 19:00:00,1050.24,1880.453,50822.47,827.621
Inverter_XW:10,2026-05-08 20:00:00,1050.24,1880.453,50822.5135,827.621
Inverter_XW:10,2026-05-08 22:00:00,1050.24,1880.453,50822.555,827.621
Inverter_XW:10,2026-05-08 23:00:00,1050.24,1880.453,50822.586,827.621
Inverter_XW:10,2026-05-09 00:00:00,1050.24,1880.453,50822.6265,827.621
Inverter_XW:10,2026-05-09 02:00:00,1050.24,1880.453,50822.676,827.621
Inverter_XW:10,2026-05-09 03:00:00,1050.24,1880.453,50822.7,827.621
Inverter_XW:10,2026-05-09 04:00:00,1050.24,1880.453,50822.73,827.621
Inverter_XW:10,2026-05-09 05:00:00,1050.24,1880.453,50822.76,827.621
Inverter_XW:10,2026-05-09 06:00:00,1050.24,1880.453,50822.793,827.621
Inverter_XW:10,2026-05-09 07:00:00,1050.24,1880.453,50823.52,827.621
Inverter_XW:10,2026-05-09 08:00:00,1050.24,1880.453,50825.39,827.621
Inverter_XW:10,2026-05-09 09:00:00,1050.24,1880.453,50827.516,827.621
Inverter_XW:10,2026-05-09 10:00:00,1050.24,1880.453,50830.023,827.621
Inverter_XW:10,2026-05-09 11:00:00,1050.24,1880.453,50832.402,827.621
Inverter_XW:10,2026-05-09 12:00:00,1050.24,1880.453,50835.2025,827.621
Inverter_XW:10,2026-05-09 13:00:00,1050.24,1880.453,50837.63,827.621
Inverter_XW:10,2026-05-09 14:00:00,1050.24,1880.453,50839.535,827.621
Inverter_XW:10,2026-05-09 15:00:00,1050.24,1880.453,50839.949,827.621
Inverter_XW:10,2026-05-09 16:00:00,1050.24,1880.453,50839.984,827.621
Inverter_XW:10,2026-05-09 17:00:00,1050.24,1880.453,50840.0135,827.621
Inverter_XW:10,2026-05-09 18:00:00,1050.24,1880.453,50840.043,827.621
Inverter_XW:10,2026-05-09 19:00:00,1050.24,1880.453,50840.074,827.621
Inverter_XW:10,2026-05-09 20:00:00,1050.24,1880.453,50840.11,827.621
Inverter_XW:10,2026-05-09 21:00:00,1050.24,1880.453,50840.133,827.621
Inverter_XW:10,2026-05-09 22:00:00,1050.24,1880.453,50840.156,827.621
Inverter_XW:10,2026-05-09 23:00:00,1050.24,1880.453,50840.188,827.621
Inverter_XW:10,2026-05-10 00:00:00,1050.24,1880.453,50840.223,827.621
Inverter_XW:10,2026-05-10 01:00:00,1050.24,1880.453,50840.27,827.621
Inverter_XW:10,2026-05-10 03:00:00,1050.24,1880.453,50840.32,827.621
Inverter_XW:10,2026-05-10 06:00:00,1050.24,1880.963263157895,50840.95084210526,827.621
Inverter_XW:10,2026-05-10 07:00:00,1050.24,1882.576947368421,50842.67526315789,827.621
Inverter_XW:10,2026-05-10 08:00:00,1050.24,1883.182,50843.33866666667,827.621
Inverter_XW:10,2026-05-10 09:00:00,1050.24,1883.182,50843.367,827.621
Inverter_XW:10,2026-05-10 10:00:00,1050.24,1883.182,50843.39,827.621
Inverter_XW:10,2026-05-10 11:00:00,1050.24,1883.182,50843.418,827.621
Inverter_XW:10,2026-05-10 12:00:00,1050.24,1883.182,50843.445,827.621
Inverter_XW:10,2026-05-10 13:00:00,1050.24,1883.182,50843.48,827.621
Inverter_XW:10,2026-05-10 14:00:00,1050.24,1883.182,50843.523,827.621
Inverter_XW:10,2026-05-10 16:00:00,1050.24,1883.182,50843.58,827.621
Inverter_XW:10,2026-05-10 18:00:00,1050.24,1883.182,50843.633,827.621
Inverter_XW:10,2026-05-10 21:00:00,1050.24,1883.182,50843.707,827.621
Inverter_XW:10,2026-05-10 23:00:00,1050.24,1883.182,50843.79,827.621
Inverter_XW:10,2026-05-11 03:00:00,1050.24,1883.182,50843.883,827.621
Inverter_XW:10,2026-05-11 06:00:00,1050.24,1883.182,50843.984,827.621
Inverter_XW:10,2026-05-11 11:00:00,1050.24,1883.182,50855.863,827.621
Inverter_XW:10,2026-05-11 16:00:00,1050.24,1883.182,50869.418,827.621
Inverter_XW:10,2026-05-11 21:00:00,1050.24,1883.182,50877.11,827.621
Inverter_XW:10,2026-05-12 01:00:00,1050.24,1883.182,50877.227,827.621
Inverter_XW:10,2026-05-12 07:00:00,1050.24,1883.182,50878.613,827.621
Inverter_XW:10,2026-05-12 12:00:00,1050.24,1883.182,50893.06,827.621
Inverter_XW:10,2026-05-12 18:00:00,1050.24,1883.182,50910.55,827.621
Inverter_XW:10,2026-05-12 23:00:00,1050.24,1883.182,50911.14,827.621
Inverter_XW:10,2026-05-13 05:00:00,1050.24,1883.182,50911.316,827.621
Inverter_XW:10,2026-05-13 11:00:00,1050.24,1883.182,50925.055,827.621
Inverter_XW:10,2026-05-13 16:00:00,1050.24,1883.182,50938.785,827.621
Inverter_XW:10,2026-05-13 18:00:00,1050.24,1883.182,50946.18,827.621
Inverter_XW:10,2026-05-13 20:00:00,1050.24,1883.182,50950.75,827.621
Inverter_XW:10,2026-05-13 22:00:00,1050.2426666666668,1883.2236666666668,50955.85,827.621
Inverter_XW:10,2026-05-13 23:00:00,1050.244,1884.1825277777778,50958.87477777778,827.621
Inverter_XW:10,2026-05-14 00:00:00,1050.244,1884.708,50961.96425,827.621
Inverter_XW:10,2026-05-14 01:00:00,1050.244,1884.708,50964.695,827.621
Inverter_XW:10,2026-05-14 02:00:00,1050.244,1884.708,50966.562,827.621
Inverter_XW:10,2026-05-14 03:00:00,1050.244,1884.708,50968.785,827.621
Inverter_XW:10,2026-05-14 04:00:00,1050.244,1884.708,50971.76,827.621
Inverter_XW:10,2026-05-14 05:00:00,1050.244,1884.708,50974.324,827.621
Inverter_XW:10,2026-05-14 06:00:00,1050.244,1884.708,50977.758,827.621
Inverter_XW:10,2026-05-14 08:00:00,1050.244,1884.708,50981.637,827.621
Inverter_XW:10,2026-05-14 10:00:00,1050.244,1884.708,50987.664,827.621
Inverter_XW:10,2026-05-14 12:00:00,1050.244,1884.708,50994.14,827.621
Inverter_XW:10,2026-05-14 14:00:00,1050.244,1884.708,51001.348,827.621
Inverter_XW:10,2026-05-14 18:00:00,1050.244,1884.708,51010.586,827.621
Inverter_XW:10,2026-05-14 21:00:00,1050.244,1884.708,51020.13,827.621
Inverter_XW:10,2026-05-15 01:00:00,1050.2468000000001,1884.909,51030.61666666667,827.621
Inverter_XW:10,2026-05-15 02:00:00,1050.247,1885.4368076923079,51032.486038461546,827.621
Inverter_XW:10,2026-05-15 03:00:00,1050.247,1885.563,51035.20766666666,827.621
Inverter_XW:10,2026-05-15 04:00:00,1050.247,1885.563,51037.90233333333,827.621
Inverter_XW:10,2026-05-15 05:00:00,1050.247,1885.563,51040.47433333334,827.621
Inverter_XW:10,2026-05-15 06:00:00,1050.247,1885.563,51043.16266666667,827.621
Inverter_XW:10,2026-05-15 07:00:00,1050.2516428571428,1885.6304285714286,51046.10821428571,827.621
Inverter_XW:10,2026-05-15 08:00:00,1050.252,1885.648,51047.8094,827.6209999999999
Inverter_XW:10,2026-05-15 09:00:00,1050.252,1885.648,51050.799,827.621
Inverter_XW:10,2026-05-15 10:00:00,1050.252,1885.648,51053.438500000004,827.621
Inverter_XW:10,2026-05-15 11:00:00,1050.252,1885.648,51056.52733333333,827.621
Inverter_XW:10,2026-05-15 12:00:00,1050.252,1885.648,51059.42,827.621
Inverter_XW:10,2026-05-15 13:00:00,1050.252,1885.648,51062.19566666667,827.621
Inverter_XW:10,2026-05-15 14:00:00,1050.252,1885.648,51065.416000000005,827.621
Inverter_XW:10,2026-05-15 15:00:00,1050.252,1885.648,51068.325,827.621
Inverter_XW:10,2026-05-15 16:00:00,1050.252,1885.648,51070.746499999994,827.621
Inverter_XW:10,2026-05-15 17:00:00,1050.252,1885.648,51073.252,827.621
Inverter_XW:10,2026-05-15 18:00:00,1050.252,1885.648,51075.771,827.621
Inverter_XW:10,2026-05-15 19:00:00,1050.252,1885.648,51078.758,827.621
Inverter_XW:10,2026-05-15 20:00:00,1050.252,1885.648,51081.184,827.621
Inverter_XW:10,2026-05-15 21:00:00,1050.252,1885.648,51083.027,827.621
Inverter_XW:10,2026-05-15 22:00:00,1050.252,1885.648,51083.05,827.621
Inverter_XW:10,2026-05-15 23:00:00,1050.252,1885.648,51083.074,827.621
Inverter_XW:10,2026-05-16 00:00:00,1050.252,1885.648,51083.1,827.621
Inverter_XW:10,2026-05-16 01:00:00,1050.252,1885.648,51083.133,827.621
Inverter_XW:10,2026-05-16 02:00:00,1050.252,1885.648,51083.168,827.621
Inverter_XW:10,2026-05-16 03:00:00,1050.252,1885.648,51083.207,827.621
Inverter_XW:10,2026-05-16 05:00:00,1050.252,1885.648,51083.25,827.621
Inverter_XW:10,2026-05-16 07:00:00,1050.252,1885.648,51083.688,827.621
Inverter_XW:10,2026-05-16 09:00:00,1050.252,1885.648,51088.242,827.621
Inverter_XW:10,2026-05-16 12:00:00,1050.252,1885.648,51094.41,827.621
Inverter_XW:10,2026-05-16 14:00:00,1050.252,1885.648,51099.434,827.621
Inverter_XW:10,2026-05-16 17:00:00,1050.252,1885.648,51099.95,827.621
Inverter_XW:10,2026-05-16 20:00:00,1050.252,1885.648,51100.03,827.621
Inverter_XW:10,2026-05-17 00:00:00,1050.252,1885.648,51100.133,827.621
Inverter_XW:10,2026-05-17 04:00:00,1050.252,1885.648,51100.234,827.621
Inverter_XW:10,2026-05-17 09:00:00,1050.252,1885.648,51100.355,827.621
Inverter_XW:10,2026-05-17 15:00:00,1050.252,1885.648,51100.51,827.621
Inverter_XW:10,2026-05-18 00:00:00,1050.252,1885.648,51100.742,827.621
Inverter_XW:10,2026-05-18 09:00:00,1050.252,1885.648,51100.984,827.621
Inverter_XW:10,2026-05-18 22:00:00,1050.252,1885.648,51101.332,827.621
Inverter_XW:10,2026-05-19 08:00:00,1050.255,1886.185107142857,51106.91182142857,827.621
Inverter_XW:10,2026-05-19 09:00:00,1050.255,1886.6731499999999,51109.16775,827.6209999999999
Inverter_XW:10,2026-05-19 10:00:00,1050.255,1886.675,51112.27625,827.621
Inverter_XW:10,2026-05-19 11:00:00,1050.255,1886.675,51114.9875,827.621
Inverter_XW:10,2026-05-19 12:00:00,1050.255,1886.675,51117.627,827.621
Inverter_XW:10,2026-05-19 13:00:00,1050.255,1886.675,51120.717000000004,827.621
Inverter_XW:10,2026-05-19 14:00:00,1050.255,1886.675,51123.87,827.621
Inverter_XW:10,2026-05-19 15:00:00,1050.255,1886.675,51125.758,827.621
Inverter_XW:10,2026-05-19 16:00:00,1050.255,1886.675,51128.547,827.621
Inverter_XW:10,2026-05-19 17:00:00,1050.255,1886.675,51131.39,827.621
Inverter_XW:10,2026-05-19 18:00:00,1050.255,1886.675,51134.637,827.621
Inverter_XW:10,2026-05-19 19:00:00,1050.255,1886.675,51137.945,827.621
Inverter_XW:10,2026-05-19 21:00:00,1050.255,1886.675,51141.766,827.621
Inverter_XW:10,2026-05-19 22:00:00,1050.255,1886.675,51146.105,827.621
Inverter_XW:10,2026-05-20 00:00:00,1050.255,1886.675,51151.68,827.621
Inverter_XW:10,2026-05-20 02:00:00,1050.255,1886.675,51156.496,827.621
Inverter_XW:10,2026-05-20 04:00:00,1050.255,1886.675,51161.74,827.621
Inverter_XW:10,2026-05-20 07:00:00,1050.255,1886.675,51167.688,827.621
Inverter_XW:10,2026-05-20 09:00:00,1050.255,1886.675,51175.445,827.621
Inverter_XW:10,2026-05-20 12:00:00,1050.255,1886.675,51182.332,827.621
Inverter_XW:10,2026-05-20 15:00:00,1050.255,1886.675,51191.4,827.621
Inverter_XW:10,2026-05-20 18:00:00,1050.255,1886.675,51199.656,827.621
Inverter_XW:10,2026-05-20 22:00:00,1050.255,1886.675,51208.242,827.621
Inverter_XW:10,2026-05-21 01:00:00,1050.255,1886.675,51217.535,827.621
Inverter_XW:10,2026-05-21 06:00:00,1050.255,1886.675,51228.965,827.621
Inverter_XW:10,2026-05-21 08:00:00,1050.258,1886.7153333333333,51236.369999999995,827.621
Inverter_XW:10,2026-05-21 09:00:00,1050.258,1887.2096,51238.12148571429,827.621
Inverter_XW:10,2026-05-21 10:00:00,1050.258,1887.445,51241.125,827.621
Inverter_XW:10,2026-05-21 11:00:00,1050.258,1887.445,51244.062,827.621
Inverter_XW:10,2026-05-21 12:00:00,1050.258,1887.445,51246.676,827.621
Inverter_XW:10,2026-05-21 13:00:00,1050.258,1887.445,51250.293,827.621
Inverter_XW:10,2026-05-21 15:00:00,1050.258,1887.445,51254.027,827.621
Inverter_XW:10,2026-05-21 16:00:00,1050.258,1887.445,51257.527,827.621
Inverter_XW:10,2026-05-21 17:00:00,1050.258,1887.445,51260.047,827.621
Inverter_XW:10,2026-05-21 18:00:00,1050.258,1887.445,51262.88,827.621
Inverter_XW:10,2026-05-21 19:00:00,1050.26175,1887.4929375,51266.276625,827.621
Inverter_XW:10,2026-05-21 20:00:00,1050.262,1887.503,51268.619,827.621
Inverter_XW:10,2026-05-21 21:00:00,1050.262,1887.503,51271.3695,827.621
Inverter_XW:10,2026-05-21 22:00:00,1050.262,1887.503,51274.404,827.621
Inverter_XW:10,2026-05-21 23:00:00,1050.262,1887.503,51276.785,827.621
Inverter_XW:10,2026-05-22 00:00:00,1050.262,1887.503,51279.361999999994,827.621
Inverter_XW:10,2026-05-22 01:00:00,1050.262,1887.503,51282.276,827.621
Inverter_XW:10,2026-05-22 02:00:00,1050.262,1887.503,51284.8655,827.621
Inverter_XW:10,2026-05-22 03:00:00,1050.262,1887.503,51287.076499999996,827.621
Inverter_XW:10,2026-05-22 04:00:00,1050.262,1887.503,51289.2825,827.621
Inverter_XW:10,2026-05-22 05:00:00,1050.262,1887.503,51291.744000000006,827.621
Inverter_XW:10,2026-05-22 06:00:00,1050.262,1887.503,51294.3865,827.621
Inverter_XW:10,2026-05-22 07:00:00,1050.262,1887.503,51296.94500000001,827.621
Inverter_XW:10,2026-05-22 08:00:00,1050.262,1887.503,51299.59,827.621
Inverter_XW:10,2026-05-22 09:00:00,1050.262,1887.503,51302.706999999995,827.621
Inverter_XW:10,2026-05-22 10:00:00,1050.262,1887.503,51305.17,827.621
Inverter_XW:10,2026-05-22 11:00:00,1050.262,1887.503,51308.020000000004,827.621
Inverter_XW:10,2026-05-22 12:00:00,1050.262,1887.503,51311.695,827.621
Inverter_XW:10,2026-05-22 13:00:00,1050.262,1887.503,51313.93,827.621
Inverter_XW:10,2026-05-22 14:00:00,1050.262,1887.503,51316.76,827.621
Inverter_XW:10,2026-05-22 15:00:00,1050.262,1887.503,51320.08,827.621
Inverter_XW:10,2026-05-22 17:00:00,1050.262,1887.503,51323.84,827.621
Inverter_XW:10,2026-05-22 18:00:00,1050.262,1887.503,51327.297,827.621
Inverter_XW:10,2026-05-22 20:00:00,1050.266,1887.692347826087,51331.874217391305,827.621
Inverter_XW:10,2026-05-22 21:00:00,1050.266,1887.758,51334.378666666664,827.621
Inverter_XW:10,2026-05-22 22:00:00,1050.266,1887.758,51336.258,827.621
Inverter_XW:10,2026-05-22 23:00:00,1050.266,1887.758,51338.541333333334,827.621
Inverter_XW:10,2026-05-23 00:00:00,1050.266,1887.758,51340.67,827.621
Inverter_XW:10,2026-05-23 01:00:00,1050.266,1887.758,51341.168000000005,827.621
Inverter_XW:10,2026-05-23 02:00:00,1050.266,1887.758,51341.200000000004,827.621
Inverter_XW:10,2026-05-23 03:00:00,1050.266,1887.758,51341.233,827.621
Inverter_XW:10,2026-05-23 04:00:00,1050.266,1887.758,51341.26,827.621
Inverter_XW:10,2026-05-23 05:00:00,1050.266,1887.758,51341.285,827.621
Inverter_XW:10,2026-05-23 06:00:00,1050.266,1887.758,51341.3485,827.621
Inverter_XW:10,2026-05-23 07:00:00,1050.266,1887.758,51342.5995,827.621
Inverter_XW:10,2026-05-23 08:00:00,1050.266,1887.758,51345.009999999995,827.621
Inverter_XW:10,2026-05-23 09:00:00,1050.266,1887.758,51347.709,827.621
Inverter_XW:10,2026-05-23 10:00:00,1050.266,1887.758,51349.99,827.621
Inverter_XW:10,2026-05-23 11:00:00,1050.266,1887.758,51352.74,827.621
Inverter_XW:10,2026-05-23 12:00:00,1050.266,1887.758,51354.633,827.621
Inverter_XW:10,2026-05-23 13:00:00,1050.266,1887.758,51355.836,827.621
Inverter_XW:10,2026-05-23 14:00:00,1050.266,1887.758,51357.08,827.621
Inverter_XW:10,2026-05-23 16:00:00,1050.266,1887.758,51357.24,827.621
Inverter_XW:10,2026-05-23 17:00:00,1050.266,1887.758,51357.285,827.621
Inverter_XW:10,2026-05-23 19:00:00,1050.266,1887.758,51357.336,827.621
Inverter_XW:10,2026-05-23 21:00:00,1050.266,1887.758,51357.402,827.621
Inverter_XW:10,2026-05-23 23:00:00,1050.266,1887.758,51357.46,827.621
Inverter_XW:10,2026-05-24 02:00:00,1050.266,1887.758,51357.54,827.621
Inverter_XW:10,2026-05-24 05:00:00,1050.266,1887.758,51357.617,827.621
Inverter_XW:10,2026-05-24 08:00:00,1050.266,1887.758,51357.77,827.621
Inverter_XW:10,2026-05-24 12:00:00,1050.266,1887.758,51358.547,827.621
Inverter_XW:10,2026-05-24 17:00:00,1050.266,1887.758,51359.89,827.621
Inverter_XW:10,2026-05-24 22:00:00,1050.266,1887.758,51360.05,827.621
Inverter_XW:10,2026-05-25 07:00:00,1050.266,1887.758,51363.21,827.621
Inverter_XW:10,2026-05-25 18:00:00,1050.266,1887.758,51391.4,827.621
Inverter_XW:10,2026-05-26 07:00:00,1050.266,1887.758,51421.273,827.621
Inverter_XW:10,2026-05-26 18:00:00,1050.266,1887.758,51450.56,827.621
Inverter_XW:10,2026-05-27 06:00:00,1050.266,1887.758,51479.145,827.621
Inverter_XW:10,2026-05-27 19:00:00,1050.266,1887.758,51510.16,827.621
Inverter_XW:10,2026-05-28 05:00:00,1050.266,1887.758,51510.492,827.621
Inverter_XW:10,2026-05-28 13:00:00,1050.268,1888.2379411764705,51528.81817647059,827.621
Inverter_XW:10,2026-05-28 14:00:00,1050.268,1889.1640833333333,51531.178625,827.621
Inverter_XW:10,2026-05-28 15:00:00,1050.268,1889.313,51534.49,827.621
Inverter_XW:10,2026-05-28 16:00:00,1050.268,1889.313,51536.75,827.621
Inverter_XW:10,2026-05-28 17:00:00,1050.268,1889.313,51539.082,827.621
Inverter_XW:10,2026-05-28 18:00:00,1050.268,1889.313,51541.637,827.621
Inverter_XW:10,2026-05-28 19:00:00,1050.268,1889.313,51543.062,827.621
Inverter_XW:10,2026-05-28 20:00:00,1050.268,1889.313,51543.1,827.621
Inverter_XW:10,2026-05-28 22:00:00,1050.268,1889.313,51543.15,827.621
Inverter_XW:10,2026-05-29 00:00:00,1050.268,1889.313,51543.21,827.621
Inverter_XW:10,2026-05-29 01:00:00,1050.268,1889.313,51543.266,827.621
Inverter_XW:10,2026-05-29 03:00:00,1050.268,1889.313,51543.332,827.621
Inverter_XW:10,2026-05-29 06:00:00,1050.268,1889.313,51543.72,827.621
Inverter_XW:10,2026-05-29 08:00:00,1050.268,1889.313,51550.676,827.621
Inverter_XW:10,2026-05-29 11:00:00,1050.268,1889.313,51558.31,827.621
Inverter_XW:10,2026-05-29 14:00:00,1050.268,1889.313,51566.895,827.621
Inverter_XW:10,2026-05-29 17:00:00,1050.272,1889.8005833333332,51574.91111111111,827.621
Inverter_XW:10,2026-05-29 18:00:00,1050.272,1890.0999999999997,51576.92933333333,827.621
Inverter_XW:10,2026-05-29 19:00:00,1050.272,1890.1,51580.081,827.621
Inverter_XW:10,2026-05-29 21:00:00,1050.272,1890.1,51581.375,827.621
Inverter_XW:10,2026-05-29 22:00:00,1050.272,1890.1,51581.41,827.621
Inverter_XW:10,2026-05-29 23:00:00,1050.272,1890.1,51581.44,827.621
Inverter_XW:10,2026-05-30 00:00:00,1050.272,1890.1,51581.481,827.621
Inverter_XW:10,2026-05-30 01:00:00,1050.272,1890.1,51581.51,827.621
Inverter_XW:10,2026-05-30 02:00:00,1050.272,1890.1,51581.5425,827.621
Inverter_XW:10,2026-05-30 03:00:00,1050.272,1890.1,51581.573000000004,827.621
Inverter_XW:10,2026-05-30 04:00:00,1050.272,1890.1,51581.604,827.621
Inverter_XW:10,2026-05-30 05:00:00,1050.272,1890.1,51581.6265,827.621
Inverter_XW:10,2026-05-30 06:00:00,1050.272,1890.0999999999997,51581.671,827.621
Inverter_XW:10,2026-05-30 07:00:00,1050.272,1890.1,51582.293000000005,827.621
Inverter_XW:10,2026-05-30 08:00:00,1050.272,1890.0999999999997,51583.72333333333,827.621
Inverter_XW:10,2026-05-30 09:00:00,1050.272,1890.1,51586.545,827.621
Inverter_XW:10,2026-05-30 10:00:00,1050.272,1890.1,51588.971,827.621
Inverter_XW:10,2026-05-30 11:00:00,1050.272,1890.1,51591.14,827.621
Inverter_XW:10,2026-05-30 12:00:00,1050.272,1890.1,51593.187999999995,827.621
Inverter_XW:10,2026-05-30 13:00:00,1050.272,1890.1,51595.562,827.621
Inverter_XW:10,2026-05-30 14:00:00,1050.272,1890.1,51597.367,827.621
Inverter_XW:10,2026-05-30 15:00:00,1050.272,1890.1,51597.402,827.621
Inverter_XW:10,2026-05-30 16:00:00,1050.272,1890.1,51597.44,827.621
Inverter_XW:10,2026-05-30 17:00:00,1050.272,1890.1,51597.492,827.621
Inverter_XW:10,2026-05-30 19:00:00,1050.272,1890.1,51597.555,827.621
Inverter_XW:10,2026-05-30 20:00:00,1050.272,1890.1,51597.61,827.621
Inverter_XW:10,2026-05-30 22:00:00,1050.272,1890.1,51597.688,827.621
Inverter_XW:10,2026-05-31 00:00:00,1050.272,1890.1,51597.766,827.621
Inverter_XW:10,2026-05-31 02:00:00,1050.272,1890.1,51597.855,827.621
Inverter_XW:10,2026-05-31 04:00:00,1050.272,1890.1,51597.945,827.621
Inverter_XW:10,2026-05-31 07:00:00,1050.272,1890.1,51598.04,827.621
Inverter_XW:10,2026-05-31 10:00:00,1050.272,1890.1,51598.15,827.621
Inverter_XW:10,2026-05-31 13:00:00,1050.272,1890.1,51598.305,827.621
Inverter_XW:10,2026-05-31 17:00:00,1050.272,1890.1,51598.45,827.621
Inverter_XW:10,2026-05-31 22:00:00,1050.272,1890.1,51598.656,827.621
Inverter_XW:10,2026-06-01 04:00:00,1050.272,1890.1,51598.902,827.621
Inverter_XW:10,2026-06-01 13:00:00,1050.272,1890.1,51617.33,827.621
Inverter_XW:10,2026-06-01 23:00:00,1050.272,1890.1,51629.97,827.621
Inverter_XW:10,2026-06-02 11:00:00,1050.272,1890.1,51642.54,827.621
Inverter_XW:10,2026-06-02 23:00:00,1050.272,1890.1,51663.855,827.621
Inverter_XW:10,2026-06-03 12:00:00,1050.272,1890.1,51679.8,827.621
Inverter_XW:10,2026-06-03 22:00:00,1050.272,1890.1,51697.47,827.621
Inverter_XW:10,2026-06-04 08:00:00,1050.272,1890.1,51702.863,827.621
Inverter_XW:10,2026-06-04 15:00:00,1050.272,1890.1,51721.414,827.621
Inverter_XW:10,2026-06-04 19:00:00,1050.272,1890.1,51732.188,827.621
Inverter_XW:10,2026-06-04 21:00:00,1050.272,1890.1,51734.36,827.621
Inverter_XW:10,2026-06-04 23:00:00,1050.272,1890.1,51734.41,827.621
Inverter_XW:10,2026-06-05 00:00:00,1050.272,1890.1,51734.45,827.621
Inverter_XW:10,2026-06-05 01:00:00,1050.272,1890.1,51734.49,827.621
Inverter_XW:10,2026-06-05 02:00:00,1050.272,1890.1,51734.516,827.621
Inverter_XW:10,2026-06-05 03:00:00,1050.272,1890.1,51734.55,827.621
Inverter_XW:10,2026-06-05 04:00:00,1050.272,1890.1,51734.58,827.621
Inverter_XW:10,2026-06-05 05:00:00,1050.272,1890.1,51734.613,827.621
Inverter_XW:10,2026-06-05 06:00:00,1050.272,1890.1,51735.355,827.621
Inverter_XW:10,2026-06-05 07:00:00,1050.272,1890.1,51737.6,827.621
Inverter_XW:10,2026-06-05 08:00:00,1050.272,1890.1,51740.297,827.621
Inverter_XW:10,2026-06-05 09:00:00,1050.272,1890.1,51743.83,827.621
Inverter_XW:10,2026-06-05 10:00:00,1050.272,1890.1,51746.62,827.621
Inverter_XW:10,2026-06-05 11:00:00,1050.272,1890.1,51749.785,827.621
Inverter_XW:10,2026-06-05 13:00:00,1050.272,1890.1,51752.86,827.621
Inverter_XW:10,2026-06-05 14:00:00,1050.272,1890.1,51756.508,827.621
Inverter_XW:10,2026-06-05 15:00:00,1050.272,1890.1,51759.297,827.621
Inverter_XW:10,2026-06-05 17:00:00,1050.272,1890.1,51763.53,827.621
Inverter_XW:10,2026-06-05 18:00:00,1050.275,1891.0122285714285,51767.944657142856,827.621
Inverter_XW:10,2026-06-05 19:00:00,1050.275,1891.734,51768.870875,827.621
Inverter_XW:10,2026-06-05 20:00:00,1050.275,1891.734,51768.914000000004,827.621
Inverter_XW:10,2026-06-05 21:00:00,1050.275,1891.734,51768.957,827.621
Inverter_XW:12,2026-01-30 19:00:00,1033.655,2076.833,47034.465,833.168
Inverter_XW:12,2026-01-30 20:00:00,1033.655,2076.833,47037.42,833.168
Inverter_XW:12,2026-01-30 21:00:00,1033.655,2076.833,47038.723,833.168
Inverter_XW:12,2026-01-30 22:00:00,1033.655,2076.833,47038.746,833.168
Inverter_XW:12,2026-01-30 23:00:00,1033.655,2076.833,47038.77,833.168
Inverter_XW:12,2026-01-31 01:00:00,1033.655,2076.833,47038.797,833.168
Inverter_XW:12,2026-01-31 02:00:00,1033.655,2076.833,47038.82,833.168
Inverter_XW:12,2026-01-31 03:00:00,1033.655,2076.833,47038.844,833.168
Inverter_XW:12,2026-01-31 04:00:00,1033.655,2076.833,47038.867,833.168
Inverter_XW:12,2026-01-31 05:00:00,1033.655,2076.833,47038.89,833.168
Inverter_XW:12,2026-01-31 06:00:00,1033.655,2076.833,47038.914,833.168
Inverter_XW:12,2026-01-31 07:00:00,1033.655,2076.833,47039.17,833.168
Inverter_XW:12,2026-01-31 09:00:00,1033.655,2076.833,47042.207,833.168
Inverter_XW:12,2026-01-31 10:00:00,1033.655,2076.833,47044.934,833.168
Inverter_XW:12,2026-01-31 11:00:00,1033.655,2076.833,47048.016,833.168
Inverter_XW:12,2026-01-31 12:00:00,1033.655,2076.833,47049.992,833.168
Inverter_XW:12,2026-01-31 14:00:00,1033.655,2076.833,47051.477,833.168
Inverter_XW:12,2026-01-31 15:00:00,1033.655,2076.833,47053.016,833.168
Inverter_XW:12,2026-01-31 17:00:00,1033.655,2076.833,47054.773,833.168
Inverter_XW:12,2026-01-31 18:00:00,1033.655,2076.833,47056.45,833.168
Inverter_XW:12,2026-01-31 20:00:00,1033.655,2076.833,47057.02,833.168
Inverter_XW:12,2026-01-31 21:00:00,1033.655,2076.833,47057.05,833.168
Inverter_XW:12,2026-01-31 23:00:00,1033.655,2076.833,47057.086,833.168
Inverter_XW:12,2026-02-01 00:00:00,1033.655,2076.833,47057.117,833.168
Inverter_XW:12,2026-02-01 02:00:00,1033.655,2076.833,47057.152,833.168
Inverter_XW:12,2026-02-01 03:00:00,1033.655,2076.833,47057.184,833.168
Inverter_XW:12,2026-02-01 05:00:00,1033.655,2076.833,47057.215,833.168
Inverter_XW:12,2026-02-01 06:00:00,1033.655,2076.833,47057.246,833.168
Inverter_XW:12,2026-02-01 07:00:00,1033.655,2076.833,47057.27,833.168
Inverter_XW:12,2026-02-01 09:00:00,1033.655,2076.833,47057.297,833.168
Inverter_XW:12,2026-02-01 10:00:00,1033.655,2076.833,47057.316,833.168
Inverter_XW:12,2026-02-01 11:00:00,1033.655,2076.833,47057.34,833.168
Inverter_XW:12,2026-02-01 12:00:00,1033.655,2076.833,47057.363,833.168
Inverter_XW:12,2026-02-01 13:00:00,1033.655,2076.833,47057.383,833.168
Inverter_XW:12,2026-02-01 14:00:00,1033.655,2076.833,47057.406,833.168
Inverter_XW:12,2026-02-01 15:00:00,1033.655,2076.833,47057.426,833.168
Inverter_XW:12,2026-02-01 16:00:00,1033.655,2076.833,47057.455,833.168
Inverter_XW:12,2026-02-01 17:00:00,1033.655,2076.833,47057.484,833.168
Inverter_XW:12,2026-02-01 18:00:00,1033.655,2076.833,47057.5,833.168
Inverter_XW:12,2026-02-01 19:00:00,1033.655,2076.833,47057.52,833.168
Inverter_XW:12,2026-02-01 20:00:00,1033.655,2076.833,47057.54,833.168
Inverter_XW:12,2026-02-01 21:00:00,1033.655,2076.833,47057.5645,833.168
Inverter_XW:12,2026-02-01 22:00:00,1033.655,2076.833,47057.594,833.168
Inverter_XW:12,2026-02-01 23:00:00,1033.655,2076.833,47057.613,833.168
Inverter_XW:12,2026-02-02 00:00:00,1033.655,2076.833,47057.633,833.168
Inverter_XW:12,2026-02-02 01:00:00,1033.655,2076.833,47057.652,833.168
Inverter_XW:12,2026-02-02 02:00:00,1033.655,2076.833,47057.67,833.168
Inverter_XW:12,2026-02-02 03:00:00,1033.655,2076.833,47057.688,833.168
Inverter_XW:12,2026-02-02 04:00:00,1033.655,2076.833,47057.71,833.168
Inverter_XW:12,2026-02-02 05:00:00,1033.655,2076.833,47057.73,833.168
Inverter_XW:12,2026-02-02 06:00:00,1033.655,2076.833,47058.013,833.168
Inverter_XW:12,2026-02-02 07:00:00,1033.655,2076.833,47060.492,833.168
Inverter_XW:12,2026-02-02 08:00:00,1033.655,2076.833,47062.383,833.168
Inverter_XW:12,2026-02-02 09:00:00,1033.655,2076.833,47064.953,833.168
Inverter_XW:12,2026-02-02 10:00:00,1033.655,2076.833,47066.84,833.168
Inverter_XW:12,2026-02-02 11:00:00,1033.655,2076.833,47070.095,833.168
Inverter_XW:12,2026-02-02 12:00:00,1033.655,2076.833,47073.855,833.168
Inverter_XW:12,2026-02-02 13:00:00,1033.655,2076.833,47075.965,833.168
Inverter_XW:12,2026-02-02 14:00:00,1033.6578928571428,2077.496071428571,47080.08225,833.168
Inverter_XW:12,2026-02-02 15:00:00,1033.658,2079.1930714285713,47084.36638095238,833.1679999999999
Inverter_XW:12,2026-02-02 16:00:00,1033.658,2079.842,47087.54866666667,833.168
Inverter_XW:12,2026-02-02 17:00:00,1033.658,2079.842,47090.68,833.168
Inverter_XW:12,2026-02-02 18:00:00,1033.658,2079.842,47093.426,833.168
Inverter_XW:12,2026-02-02 19:00:00,1033.658,2079.842,47095.633,833.168
Inverter_XW:12,2026-02-02 20:00:00,1033.658,2079.842,47096.105,833.168
Inverter_XW:12,2026-02-02 21:00:00,1033.658,2079.842,47096.13,833.168
Inverter_XW:12,2026-02-02 22:00:00,1033.658,2079.842,47096.152,833.168
Inverter_XW:12,2026-02-02 23:00:00,1033.658,2079.842,47096.184,833.168
Inverter_XW:12,2026-02-03 01:00:00,1033.658,2079.842,47096.22,833.168
Inverter_XW:12,2026-02-03 03:00:00,1033.658,2079.842,47096.258,833.168
Inverter_XW:12,2026-02-03 05:00:00,1033.658,2079.842,47096.3,833.168
Inverter_XW:12,2026-02-03 07:00:00,1033.658,2079.842,47098.734,833.168
Inverter_XW:12,2026-02-03 10:00:00,1033.658,2079.842,47107.273,833.168
Inverter_XW:12,2026-02-03 13:00:00,1033.658,2079.842,47115.65,833.168
Inverter_XW:12,2026-02-03 17:00:00,1033.658,2079.842,47125.61,833.168
Inverter_XW:12,2026-02-03 20:00:00,1033.658,2079.842,47131.02,833.168
Inverter_XW:12,2026-02-04 00:00:00,1033.658,2079.842,47131.1,833.168
Inverter_XW:12,2026-02-04 04:00:00,1033.658,2079.842,47131.195,833.168
Inverter_XW:12,2026-02-04 09:00:00,1033.658,2079.842,47138.402,833.168
Inverter_XW:12,2026-02-04 14:00:00,1033.658,2079.842,47151.77,833.168
Inverter_XW:12,2026-02-04 18:00:00,1033.658,2079.842,47162.305,833.168
Inverter_XW:12,2026-02-04 19:00:00,1033.658,2079.842,47164.45,833.168
Inverter_XW:12,2026-02-04 20:00:00,1033.658,2079.842,47164.78,833.168
Inverter_XW:12,2026-02-05 01:00:00,1033.658,2079.842,47164.97,833.168
Inverter_XW:12,2026-02-05 07:00:00,1033.658,2079.842,47167.902,833.168
Inverter_XW:12,2026-02-05 13:00:00,1033.663,2080.7176944444445,47186.771555555555,833.168
Inverter_XW:12,2026-02-05 14:00:00,1033.663,2081.3,47189.297000000006,833.1679999999999
Inverter_XW:12,2026-02-05 15:00:00,1033.663,2081.3,47192.157666666666,833.168
Inverter_XW:12,2026-02-05 16:00:00,1033.663,2081.3,47194.949,833.168
Inverter_XW:12,2026-02-05 17:00:00,1033.663,2081.3,47198.127,833.168
Inverter_XW:12,2026-02-05 18:00:00,1033.663,2081.3,47201.402,833.168
Inverter_XW:12,2026-02-05 19:00:00,1033.663,2081.3,47203.03,833.168
Inverter_XW:12,2026-02-05 20:00:00,1033.663,2081.3,47203.367,833.168
Inverter_XW:12,2026-02-05 21:00:00,1033.663,2081.3,47203.395,833.168
Inverter_XW:12,2026-02-05 22:00:00,1033.663,2081.3,47203.418,833.168
Inverter_XW:12,2026-02-06 00:00:00,1033.663,2081.3,47203.445,833.168
Inverter_XW:12,2026-02-06 01:00:00,1033.663,2081.3,47203.48,833.168
Inverter_XW:12,2026-02-06 03:00:00,1033.663,2081.3,47203.52,833.168
Inverter_XW:12,2026-02-06 04:00:00,1033.663,2081.619666666667,47203.886722222225,833.168
Inverter_XW:12,2026-02-06 05:00:00,1033.663,2082.0491052631583,47204.34789473684,833.168
Inverter_XW:12,2026-02-06 06:00:00,1033.663,2082.106,47205.01,833.168
Inverter_XW:12,2026-02-06 07:00:00,1033.663,2082.106,47207.855,833.168
Inverter_XW:12,2026-02-06 12:00:00,1033.663,2082.106,47222.453,833.168
Inverter_XW:12,2026-02-06 14:00:00,1033.663,2082.106,47227.305,833.168
Inverter_XW:12,2026-02-06 15:00:00,1033.663,2082.106,47232.01,833.168
Inverter_XW:12,2026-02-06 17:00:00,1033.663,2082.106,47236.92,833.168
Inverter_XW:12,2026-02-06 18:00:00,1033.663,2082.106,47240.527,833.168
Inverter_XW:12,2026-02-06 20:00:00,1033.663,2082.106,47242.6545,833.168
Inverter_XW:12,2026-02-06 21:00:00,1033.663,2082.106,47242.68,833.168
Inverter_XW:12,2026-02-06 22:00:00,1033.663,2082.106,47242.7025,833.168
Inverter_XW:12,2026-02-06 23:00:00,1033.663,2082.106,47242.723,833.168
Inverter_XW:12,2026-02-07 00:00:00,1033.663,2082.106,47242.74,833.168
Inverter_XW:12,2026-02-07 01:00:00,1033.663,2082.106,47242.762,833.168
Inverter_XW:12,2026-02-07 02:00:00,1033.663,2082.106,47242.78366666666,833.168
Inverter_XW:12,2026-02-07 03:00:00,1033.663,2082.106,47242.8085,833.168
Inverter_XW:12,2026-02-07 04:00:00,1033.663,2082.106,47242.829999999994,833.168
Inverter_XW:12,2026-02-07 05:00:00,1033.663,2082.106,47242.851500000004,833.168
Inverter_XW:12,2026-02-07 06:00:00,1033.663,2082.106,47242.8735,833.168
Inverter_XW:12,2026-02-07 07:00:00,1033.663,2082.106,47242.89,833.168
Inverter_XW:12,2026-02-07 08:00:00,1033.663,2082.106,47244.67,833.168
Inverter_XW:12,2026-02-07 09:00:00,1033.663,2082.106,47246.844,833.168
Inverter_XW:12,2026-02-07 10:00:00,1033.663,2082.106,47248.812,833.168
Inverter_XW:12,2026-02-07 11:00:00,1033.663,2082.106,47251.277,833.168
Inverter_XW:12,2026-02-07 12:00:00,1033.663,2082.106,47253.227,833.168
Inverter_XW:12,2026-02-07 13:00:00,1033.663,2082.106,47253.28,833.168
Inverter_XW:12,2026-02-07 14:00:00,1033.663,2082.1440000000002,47253.45625,833.168
Inverter_XW:12,2026-02-07 15:00:00,1033.663,2082.32795,47253.681599999996,833.168
Inverter_XW:12,2026-02-07 16:00:00,1033.663,2082.347,47253.788199999995,833.168
Inverter_XW:12,2026-02-07 17:00:00,1033.663,2082.347,47253.8675,833.168
Inverter_XW:12,2026-02-07 18:00:00,1033.663,2082.347,47253.94725,833.168
Inverter_XW:12,2026-02-07 19:00:00,1033.663,2082.347,47254.02333333334,833.168
Inverter_XW:12,2026-02-07 20:00:00,1033.663,2082.347,47254.09366666666,833.168
Inverter_XW:12,2026-02-07 21:00:00,1033.663,2082.347,47254.172,833.168
Inverter_XW:12,2026-02-07 22:00:00,1033.663,2082.347,47254.2435,833.168
Inverter_XW:12,2026-02-07 23:00:00,1033.663,2082.347,47254.3165,833.168
Inverter_XW:12,2026-02-08 00:00:00,1033.663,2082.347,47254.388000000006,833.168
Inverter_XW:12,2026-02-08 01:00:00,1033.663,2082.347,47254.480500000005,833.168
Inverter_XW:12,2026-02-08 02:00:00,1033.663,2082.347,47254.56,833.168
Inverter_XW:12,2026-02-08 03:00:00,1033.663,2082.347,47254.63,833.168
Inverter_XW:12,2026-02-08 04:00:00,1033.663,2082.347,47254.703,833.168
Inverter_XW:12,2026-02-08 05:00:00,1033.663,2082.347,47254.805,833.168
Inverter_XW:12,2026-02-08 07:00:00,1033.663,2082.347,47254.93,833.168
Inverter_XW:12,2026-02-08 09:00:00,1033.663,2082.347,47255.082,833.168
Inverter_XW:12,2026-02-08 11:00:00,1033.663,2082.347,47255.254,833.168
Inverter_XW:12,2026-02-08 14:00:00,1033.663,2082.347,47255.457,833.168
Inverter_XW:12,2026-02-08 17:00:00,1033.663,2082.347,47255.664,833.168
Inverter_XW:12,2026-02-08 20:00:00,1033.663,2082.347,47255.94,833.168
Inverter_XW:12,2026-02-09 00:00:00,1033.663,2082.347,47256.242,833.168
Inverter_XW:12,2026-02-09 05:00:00,1033.663,2082.347,47256.62,833.168
Inverter_XW:12,2026-02-09 09:00:00,1033.666,2082.53375,47264.64725,833.168
Inverter_XW:12,2026-02-09 10:00:00,1033.666,2083.105035714286,47266.40871428571,833.168
Inverter_XW:12,2026-02-09 11:00:00,1033.666,2083.286,47269.883,833.168
Inverter_XW:12,2026-02-09 12:00:00,1033.666,2083.286,47273.004,833.168
Inverter_XW:12,2026-02-09 13:00:00,1033.666,2083.286,47274.715,833.168
Inverter_XW:12,2026-02-09 14:00:00,1033.666,2083.286,47278.496,833.168
Inverter_XW:12,2026-02-09 15:00:00,1033.666,2083.286,47281.52,833.168
Inverter_XW:12,2026-02-09 16:00:00,1033.666,2083.286,47284.355,833.168
Inverter_XW:12,2026-02-09 17:00:00,1033.666,2083.286,47286.844,833.168
Inverter_XW:12,2026-02-09 18:00:00,1033.666,2083.286,47289.7665,833.168
Inverter_XW:12,2026-02-09 19:00:00,1033.666,2083.286,47291.517,833.168
Inverter_XW:12,2026-02-09 20:00:00,1033.666,2083.286,47291.699,833.168
Inverter_XW:12,2026-02-09 21:00:00,1033.666,2083.286,47291.719,833.168
Inverter_XW:12,2026-02-09 22:00:00,1033.666,2083.286,47291.74133333333,833.168
Inverter_XW:12,2026-02-09 23:00:00,1033.666,2083.286,47291.762,833.168
Inverter_XW:12,2026-02-10 00:00:00,1033.666,2083.286,47291.782,833.168
Inverter_XW:12,2026-02-10 01:00:00,1033.666,2083.286,47291.805,833.168
Inverter_XW:12,2026-02-10 02:00:00,1033.666,2083.286,47291.825,833.168
Inverter_XW:12,2026-02-10 03:00:00,1033.666,2083.286,47291.845,833.168
Inverter_XW:12,2026-02-10 04:00:00,1033.666,2083.286,47291.8675,833.168
Inverter_XW:12,2026-02-10 05:00:00,1033.666,2083.286,47291.887,833.168
Inverter_XW:12,2026-02-10 06:00:00,1033.666,2083.286,47291.926,833.168
Inverter_XW:12,2026-02-10 07:00:00,1033.666,2083.286,47293.67,833.168
Inverter_XW:12,2026-02-10 08:00:00,1033.666,2083.286,47295.98,833.168
Inverter_XW:12,2026-02-10 09:00:00,1033.666,2083.286,47298.44,833.168
Inverter_XW:12,2026-02-10 10:00:00,1033.666,2083.286,47301.723,833.168
Inverter_XW:12,2026-02-10 12:00:00,1033.666,2083.286,47305.656,833.168
Inverter_XW:12,2026-02-10 13:00:00,1033.666,2083.286,47309.12,833.168
Inverter_XW:12,2026-02-10 15:00:00,1033.666,2083.286,47313.535,833.168
Inverter_XW:12,2026-02-10 16:00:00,1033.666,2083.286,47318.027,833.168
Inverter_XW:12,2026-02-10 18:00:00,1033.666,2083.286,47323.19,833.168
Inverter_XW:12,2026-02-10 20:00:00,1033.666,2083.286,47324.95,833.168
Inverter_XW:12,2026-02-10 22:00:00,1033.666,2083.286,47325.0,833.168
Inverter_XW:12,2026-02-11 00:00:00,1033.666,2083.286,47325.05,833.168
Inverter_XW:12,2026-02-11 03:00:00,1033.666,2083.286,47325.113,833.168
Inverter_XW:12,2026-02-11 05:00:00,1033.666,2083.286,47325.145,833.168
Inverter_XW:12,2026-02-11 07:00:00,1033.666,2083.286,47327.89,833.168
Inverter_XW:12,2026-02-11 12:00:00,1033.666,2083.286,47342.113,833.168
Inverter_XW:12,2026-02-11 19:00:00,1033.666,2083.286,47360.805,833.168
Inverter_XW:12,2026-02-12 03:00:00,1033.666,2083.286,47360.984,833.168
Inverter_XW:12,2026-02-12 12:00:00,1033.669,2083.8378333333335,47377.93158333333,833.168
Inverter_XW:12,2026-02-12 13:00:00,1033.669,2084.467866666667,47380.0288,833.168
Inverter_XW:12,2026-02-12 14:00:00,1033.669,2084.506,47383.1685,833.168
Inverter_XW:12,2026-02-12 15:00:00,1033.669,2084.506,47386.5865,833.168
Inverter_XW:12,2026-02-12 16:00:00,1033.669,2084.506,47389.098,833.168
Inverter_XW:12,2026-02-12 17:00:00,1033.669,2084.506,47391.728,833.168
Inverter_XW:12,2026-02-12 18:00:00,1033.669,2084.506,47394.545,833.168
Inverter_XW:12,2026-02-12 19:00:00,1033.669,2084.506,47396.518000000004,833.168
Inverter_XW:12,2026-02-12 20:00:00,1033.669,2084.506,47396.55333333334,833.168
Inverter_XW:12,2026-02-12 21:00:00,1033.669,2084.506,47396.575,833.168
Inverter_XW:12,2026-02-12 22:00:00,1033.669,2084.506,47396.59333333333,833.168
Inverter_XW:12,2026-02-12 23:00:00,1033.669,2084.506,47396.615000000005,833.168
Inverter_XW:12,2026-02-13 00:00:00,1033.669,2084.506,47396.63999999999,833.168
Inverter_XW:12,2026-02-13 01:00:00,1033.669,2084.506,47396.664000000004,833.168
Inverter_XW:12,2026-02-13 02:00:00,1033.669,2084.506,47396.684,833.168
Inverter_XW:12,2026-02-13 03:00:00,1033.669,2084.506,47396.701,833.168
Inverter_XW:12,2026-02-13 04:00:00,1033.669,2084.506,47396.723,833.168
Inverter_XW:12,2026-02-13 05:00:00,1033.669,2084.506,47396.748999999996,833.168
Inverter_XW:12,2026-02-13 06:00:00,1033.669,2084.506,47398.242,833.168
Inverter_XW:12,2026-02-13 07:00:00,1033.669,2084.506,47400.863,833.168
Inverter_XW:12,2026-02-13 08:00:00,1033.669,2084.506,47404.094,833.168
Inverter_XW:12,2026-02-13 10:00:00,1033.669,2084.506,47407.637,833.168
Inverter_XW:12,2026-02-13 11:00:00,1033.669,2084.506,47412.17,833.168
Inverter_XW:12,2026-02-13 13:00:00,1033.669,2084.506,47417.32,833.168
Inverter_XW:12,2026-02-13 15:00:00,1033.669,2084.506,47422.28,833.168
Inverter_XW:12,2026-02-13 16:00:00,1033.669,2084.506,47426.86,833.168
Inverter_XW:12,2026-02-13 18:00:00,1033.669,2084.506,47432.312,833.168
Inverter_XW:12,2026-02-13 21:00:00,1033.669,2084.506,47432.746,833.168
Inverter_XW:12,2026-02-13 23:00:00,1033.669,2084.506,47432.797,833.168
Inverter_XW:12,2026-02-14 01:00:00,1033.669,2084.506,47432.85,833.168
Inverter_XW:12,2026-02-14 04:00:00,1033.669,2084.506,47432.914,833.168
Inverter_XW:12,2026-02-14 08:00:00,1033.669,2084.506,47433.297,833.168
Inverter_XW:12,2026-02-14 09:00:00,1033.672,2084.737818181818,47436.94663636364,833.168
Inverter_XW:12,2026-02-14 10:00:00,1033.672,2085.26692,47438.38352,833.168
Inverter_XW:12,2026-02-14 11:00:00,1033.672,2085.402,47441.148499999996,833.168
Inverter_XW:12,2026-02-14 12:00:00,1033.672,2085.402,47442.81,833.168
Inverter_XW:12,2026-02-14 13:00:00,1033.672,2085.402,47443.93,833.168
Inverter_XW:12,2026-02-14 15:00:00,1033.677,2085.479,47445.522909090905,833.168
Inverter_XW:12,2026-02-14 16:00:00,1033.677,2085.479,47446.709,833.168
Inverter_XW:12,2026-02-14 17:00:00,1033.677,2085.479,47447.95,833.168
Inverter_XW:12,2026-02-14 18:00:00,1033.677,2085.479,47449.05,833.168
Inverter_XW:12,2026-02-14 20:00:00,1033.677,2085.479,47449.08,833.168
Inverter_XW:12,2026-02-14 21:00:00,1033.677,2085.479,47449.11,833.168
Inverter_XW:12,2026-02-14 22:00:00,1033.677,2085.479,47449.133,833.168
Inverter_XW:12,2026-02-14 23:00:00,1033.677,2085.479,47449.156,833.168
Inverter_XW:12,2026-02-15 00:00:00,1033.677,2085.479,47449.176,833.168
Inverter_XW:12,2026-02-15 01:00:00,1033.677,2085.479,47449.19,833.168
Inverter_XW:12,2026-02-15 02:00:00,1033.677,2085.479,47449.211500000005,833.168
Inverter_XW:12,2026-02-15 03:00:00,1033.677,2085.479,47449.2345,833.168
Inverter_XW:12,2026-02-15 04:00:00,1033.677,2085.479,47449.257,833.168
Inverter_XW:12,2026-02-15 05:00:00,1033.677,2085.545684210526,47449.34857894737,833.168
Inverter_XW:12,2026-02-15 06:00:00,1033.677,2085.555,47449.385,833.168
Inverter_XW:12,2026-02-15 07:00:00,1033.677,2085.555,47449.40666666667,833.168
Inverter_XW:12,2026-02-15 08:00:00,1033.677,2085.555,47449.422999999995,833.168
Inverter_XW:12,2026-02-15 09:00:00,1033.677,2085.555,47449.44133333333,833.168
Inverter_XW:12,2026-02-15 10:00:00,1033.677,2085.555,47449.469000000005,833.168
Inverter_XW:12,2026-02-15 11:00:00,1033.677,2085.555,47449.488,833.168
Inverter_XW:12,2026-02-15 12:00:00,1033.677,2085.555,47449.507,833.168
Inverter_XW:12,2026-02-15 13:00:00,1033.677,2085.555,47449.532,833.168
Inverter_XW:12,2026-02-15 14:00:00,1033.677,2085.555,47449.555,833.168
Inverter_XW:12,2026-02-15 15:00:00,1033.677,2085.555,47449.573000000004,833.168
Inverter_XW:12,2026-02-15 16:00:00,1033.677,2085.555,47449.604,833.168
Inverter_XW:12,2026-02-15 17:00:00,1033.677,2085.555,47449.63,833.168
Inverter_XW:12,2026-02-15 18:00:00,1033.677,2085.555,47449.645,833.168
Inverter_XW:12,2026-02-15 19:00:00,1033.677,2085.555,47449.664,833.168
Inverter_XW:12,2026-02-15 20:00:00,1033.677,2085.555,47449.688,833.168
Inverter_XW:12,2026-02-15 21:00:00,1033.677,2085.555,47449.715,833.168
Inverter_XW:12,2026-02-15 22:00:00,1033.677,2085.555,47449.742,833.168
Inverter_XW:12,2026-02-16 00:00:00,1033.677,2085.555,47449.773,833.168
Inverter_XW:12,2026-02-16 01:00:00,1033.677,2085.555,47449.81,833.168
Inverter_XW:12,2026-02-16 03:00:00,1033.677,2085.555,47449.848,833.168
Inverter_XW:12,2026-02-16 05:00:00,1033.677,2085.555,47449.89,833.168
Inverter_XW:12,2026-02-16 08:00:00,1033.677,2085.555,47453.285,833.168
Inverter_XW:12,2026-02-16 10:00:00,1033.677,2085.555,47459.777,833.168
Inverter_XW:12,2026-02-16 14:00:00,1033.677,2085.555,47469.62,833.168
Inverter_XW:12,2026-02-16 17:00:00,1033.677,2085.555,47480.223,833.168
Inverter_XW:12,2026-02-16 21:00:00,1033.677,2085.555,47486.945,833.168
Inverter_XW:12,2026-02-17 02:00:00,1033.677,2085.555,47490.824,833.168
Inverter_XW:12,2026-02-17 11:00:00,1033.677,2085.555,47502.746,833.168
Inverter_XW:12,2026-02-17 21:00:00,1033.677,2085.555,47523.566,833.168
Inverter_XW:12,2026-02-18 06:00:00,1033.677,2085.555,47523.77,833.168
Inverter_XW:12,2026-02-18 20:00:00,1033.677,2085.555,47558.9,833.168
Inverter_XW:12,2026-02-19 08:00:00,1033.677,2085.555,47563.027,833.168
Inverter_XW:12,2026-02-19 23:00:00,1033.677,2085.555,47593.74,833.168
Inverter_XW:12,2026-02-20 09:00:00,1033.677,2085.555,47604.367,833.168
Inverter_XW:12,2026-02-20 19:00:00,1033.677,2085.555,47631.67,833.168
Inverter_XW:12,2026-02-20 20:00:00,1033.677,2085.7428333333332,47633.79716666666,833.168
Inverter_XW:12,2026-02-20 21:00:00,1033.677,2086.8224705882353,47634.957411764706,833.168
Inverter_XW:12,2026-02-20 22:00:00,1033.677,2087.28,47635.46599999999,833.168
Inverter_XW:12,2026-02-20 23:00:00,1033.677,2087.28,47635.484,833.168
Inverter_XW:12,2026-02-21 00:00:00,1033.677,2087.28,47635.509999999995,833.168
Inverter_XW:12,2026-02-21 01:00:00,1033.677,2087.28,47635.54,833.168
Inverter_XW:12,2026-02-21 02:00:00,1033.677,2087.28,47635.562,833.168
Inverter_XW:12,2026-02-21 04:00:00,1033.677,2087.28,47635.594,833.168
Inverter_XW:12,2026-02-21 05:00:00,1033.677,2087.28,47635.625,833.168
Inverter_XW:12,2026-02-21 07:00:00,1033.677,2087.28,47635.934,833.168
Inverter_XW:12,2026-02-21 09:00:00,1033.677,2087.28,47641.1,833.168
Inverter_XW:12,2026-02-21 11:00:00,1033.677,2087.28,47646.977,833.168
Inverter_XW:12,2026-02-21 14:00:00,1033.677,2087.28,47647.047,833.168
Inverter_XW:12,2026-02-21 17:00:00,1033.677,2087.28,47647.11,833.168
Inverter_XW:12,2026-02-21 19:00:00,1033.677,2087.28,47647.17,833.168
Inverter_XW:12,2026-02-21 23:00:00,1033.677,2087.28,47647.242,833.168
Inverter_XW:12,2026-02-22 01:00:00,1033.677,2087.28,47647.305,833.168
Inverter_XW:12,2026-02-22 05:00:00,1033.677,2087.28,47647.39,833.168
Inverter_XW:12,2026-02-22 08:00:00,1033.677,2087.28,47647.46,833.168
Inverter_XW:12,2026-02-22 13:00:00,1033.677,2087.28,47647.555,833.168
Inverter_XW:12,2026-02-22 16:00:00,1033.677,2087.28,47647.637,833.168
Inverter_XW:12,2026-02-22 21:00:00,1033.677,2087.28,47647.727,833.168
Inverter_XW:12,2026-02-23 02:00:00,1033.677,2087.28,47647.836,833.168
Inverter_XW:12,2026-02-23 08:00:00,1033.677,2087.28,47653.277,833.168
Inverter_XW:12,2026-02-23 16:00:00,1033.677,2087.28,47675.184,833.168
Inverter_XW:12,2026-02-23 23:00:00,1033.677,2087.28,47684.16,833.168
Inverter_XW:12,2026-02-24 06:00:00,1033.677,2087.28,47684.57,833.168
Inverter_XW:12,2026-02-24 15:00:00,1033.677,2087.28,47708.777,833.168
Inverter_XW:12,2026-02-24 21:00:00,1033.677,2087.28,47719.266,833.168
Inverter_XW:12,2026-02-25 00:00:00,1033.677,2087.28,47719.344,833.168
Inverter_XW:12,2026-02-25 03:00:00,1033.677,2087.28,47719.418,833.168
Inverter_XW:12,2026-02-25 05:00:00,1033.677,2087.28,47719.453,833.168
Inverter_XW:12,2026-02-25 07:00:00,1033.677,2087.28,47720.51,833.168
Inverter_XW:12,2026-02-25 08:00:00,1033.677,2087.28,47723.887,833.168
Inverter_XW:12,2026-02-25 09:00:00,1033.677,2087.28,47726.492,833.168
Inverter_XW:12,2026-02-25 10:00:00,1033.677,2087.28,47728.934,833.168
Inverter_XW:12,2026-02-25 11:00:00,1033.677,2087.28,47731.926,833.168
Inverter_XW:12,2026-02-25 12:00:00,1033.677,2087.28,47735.18,833.168
Inverter_XW:12,2026-02-25 13:00:00,1033.677,2087.28,47738.26,833.168
Inverter_XW:12,2026-02-25 14:00:00,1033.677,2087.28,47741.62,833.168
Inverter_XW:12,2026-02-25 15:00:00,1033.677,2087.28,47744.875,833.168
Inverter_XW:12,2026-02-25 16:00:00,1033.677,2087.28,47748.363,833.168
Inverter_XW:12,2026-02-25 17:00:00,1033.677,2087.28,47751.055,833.168
Inverter_XW:12,2026-02-25 19:00:00,1033.677,2087.28,47754.793,833.168
Inverter_XW:12,2026-02-25 20:00:00,1033.677,2087.28,47754.812,833.168
Inverter_XW:12,2026-02-25 21:00:00,1033.677,2087.28,47754.844,833.168
Inverter_XW:12,2026-02-25 22:00:00,1033.677,2087.28,47754.87,833.168
Inverter_XW:12,2026-02-25 23:00:00,1033.677,2087.28,47754.9,833.168
Inverter_XW:12,2026-02-26 01:00:00,1033.677,2087.28,47754.926,833.168
Inverter_XW:12,2026-02-26 02:00:00,1033.677,2087.28,47754.953,833.168
Inverter_XW:12,2026-02-26 03:00:00,1033.677,2087.28,47754.977,833.168
Inverter_XW:12,2026-02-26 05:00:00,1033.677,2087.28,47755.008,833.168
Inverter_XW:12,2026-02-26 06:00:00,1033.677,2087.28,47755.03,833.168
Inverter_XW:12,2026-02-26 07:00:00,1033.677,2087.28,47757.03,833.168
Inverter_XW:12,2026-02-26 09:00:00,1033.677,2087.28,47760.664,833.168
Inverter_XW:12,2026-02-26 10:00:00,1033.677,2087.28,47764.16,833.168
Inverter_XW:12,2026-02-26 12:00:00,1033.677,2087.28,47768.53,833.168
Inverter_XW:12,2026-02-26 13:00:00,1033.677,2087.28,47772.7,833.168
Inverter_XW:12,2026-02-26 15:00:00,1033.677,2087.28,47776.906,833.168
Inverter_XW:12,2026-02-26 17:00:00,1033.677,2087.28,47781.945,833.168
Inverter_XW:12,2026-02-26 18:00:00,1033.677,2087.28,47786.51,833.168
Inverter_XW:12,2026-02-26 20:00:00,1033.677,2087.28,47786.785,833.168
Inverter_XW:12,2026-02-26 22:00:00,1033.677,2087.28,47786.83,833.168
Inverter_XW:12,2026-02-27 00:00:00,1033.677,2087.28,47786.863,833.168
Inverter_XW:12,2026-02-27 01:00:00,1033.677,2087.28,47786.902,833.168
Inverter_XW:12,2026-02-27 03:00:00,1033.677,2087.28,47786.938,833.168
Inverter_XW:12,2026-02-27 05:00:00,1033.677,2087.28,47786.975666666665,833.168
Inverter_XW:12,2026-02-27 06:00:00,1033.677,2087.28,47788.79,833.168
Inverter_XW:12,2026-02-27 08:00:00,1033.677,2087.28,47792.582,833.168
Inverter_XW:12,2026-02-27 09:00:00,1033.677,2087.28,47796.695,833.168
Inverter_XW:12,2026-02-27 10:00:00,1033.677,2087.28,47799.984,833.168
Inverter_XW:12,2026-02-27 12:00:00,1033.677,2087.28,47804.27,833.168
Inverter_XW:12,2026-02-27 13:00:00,1033.677,2087.28,47807.664,833.168
Inverter_XW:12,2026-02-27 14:00:00,1033.677,2087.28,47810.773,833.168
Inverter_XW:12,2026-02-27 15:00:00,1033.677,2087.28,47813.902,833.168
Inverter_XW:12,2026-02-27 16:00:00,1033.677,2087.28,47816.9,833.168
Inverter_XW:12,2026-02-27 17:00:00,1033.677,2087.28,47819.223,833.168
Inverter_XW:12,2026-02-27 18:00:00,1033.677,2087.28,47822.4,833.168
Inverter_XW:12,2026-02-27 19:00:00,1033.677,2087.28,47824.83,833.168
Inverter_XW:12,2026-02-27 20:00:00,1033.677,2087.28,47827.63,833.168
Inverter_XW:12,2026-02-27 21:00:00,1033.677,2087.28,47829.996,833.168
Inverter_XW:12,2026-02-27 22:00:00,1033.677,2087.28,47832.566,833.168
Inverter_XW:12,2026-02-27 23:00:00,1033.677,2087.28,47835.715,833.168
Inverter_XW:12,2026-02-28 00:00:00,1033.677,2087.28,47836.688,833.168
Inverter_XW:12,2026-02-28 01:00:00,1033.677,2087.28,47836.71,833.168
Inverter_XW:12,2026-02-28 02:00:00,1033.677,2087.28,47836.734,833.168
Inverter_XW:12,2026-02-28 03:00:00,1033.677,2087.28,47836.75,833.168
Inverter_XW:12,2026-02-28 04:00:00,1033.677,2087.28,47836.77,833.168
Inverter_XW:12,2026-02-28 05:00:00,1033.677,2087.28,47836.797,833.168
Inverter_XW:12,2026-02-28 06:00:00,1033.677,2087.28,47836.816,833.168
Inverter_XW:12,2026-02-28 07:00:00,1033.677,2087.28,47836.832,833.168
Inverter_XW:12,2026-02-28 08:00:00,1033.677,2087.28,47839.547,833.168
Inverter_XW:12,2026-02-28 09:00:00,1033.677,2087.28,47841.336,833.168
Inverter_XW:12,2026-02-28 10:00:00,1033.677,2087.28,47843.152,833.168
Inverter_XW:12,2026-02-28 11:00:00,1033.677,2087.28,47845.266,833.168
Inverter_XW:12,2026-02-28 12:00:00,1033.677,2087.28,47848.135,833.168
Inverter_XW:12,2026-02-28 13:00:00,1033.677,2087.28,47850.71,833.168
Inverter_XW:12,2026-02-28 14:00:00,1033.677,2087.28,47853.415,833.168
Inverter_XW:12,2026-02-28 15:00:00,1033.677,2087.28,47854.6,833.168
Inverter_XW:12,2026-02-28 16:00:00,1033.677,2087.28,47854.6235,833.168
Inverter_XW:12,2026-02-28 17:00:00,1033.677,2087.28,47854.65,833.168
Inverter_XW:12,2026-02-28 18:00:00,1033.677,2087.28,47854.664,833.168
Inverter_XW:12,2026-02-28 19:00:00,1033.677,2087.28,47854.69,833.168
Inverter_XW:12,2026-02-28 20:00:00,1033.677,2087.28,47854.72,833.168
Inverter_XW:12,2026-02-28 21:00:00,1033.677,2087.28,47854.74,833.168
Inverter_XW:12,2026-02-28 22:00:00,1033.677,2087.28,47854.76,833.168
Inverter_XW:12,2026-03-01 00:00:00,1033.677,2087.28,47854.797,833.168
Inverter_XW:12,2026-03-01 02:00:00,1033.677,2087.28,47854.836,833.168
Inverter_XW:12,2026-03-01 04:00:00,1033.677,2087.28,47854.883,833.168
Inverter_XW:12,2026-03-01 06:00:00,1033.677,2087.3043333333335,47854.96666666667,833.168
Inverter_XW:12,2026-03-01 07:00:00,1033.677,2088.707318181818,47856.47604545455,833.168
Inverter_XW:12,2026-03-01 08:00:00,1033.677,2090.1404166666666,47858.02125,833.168
Inverter_XW:12,2026-03-01 09:00:00,1033.677,2090.147,47858.053499999995,833.168
Inverter_XW:12,2026-03-01 10:00:00,1033.677,2090.147,47858.07,833.168
Inverter_XW:12,2026-03-01 11:00:00,1033.677,2090.147,47858.1035,833.168
Inverter_XW:12,2026-03-01 13:00:00,1033.677,2090.147,47858.14,833.168
Inverter_XW:12,2026-03-01 14:00:00,1033.677,2090.147,47858.176,833.168
Inverter_XW:12,2026-03-01 16:00:00,1033.677,2090.147,47858.21,833.168
Inverter_XW:12,2026-03-01 18:00:00,1033.677,2090.147,47858.254,833.168
Inverter_XW:12,2026-03-01 20:00:00,1033.677,2090.147,47858.3,833.168
Inverter_XW:12,2026-03-01 23:00:00,1033.677,2090.147,47858.363,833.168
Inverter_XW:12,2026-03-02 02:00:00,1033.677,2090.147,47858.426,833.168
Inverter_XW:12,2026-03-02 05:00:00,1033.677,2090.147,47858.5,833.168
Inverter_XW:12,2026-03-02 09:00:00,1033.677,2090.147,47866.2,833.168
Inverter_XW:12,2026-03-02 14:00:00,1033.677,2090.147,47879.9,833.168
Inverter_XW:12,2026-03-02 19:00:00,1033.677,2090.147,47890.645,833.168
Inverter_XW:12,2026-03-03 00:00:00,1033.677,2090.147,47891.36,833.168
Inverter_XW:12,2026-03-03 05:00:00,1033.677,2090.147,47891.55,833.168
Inverter_XW:12,2026-03-03 10:00:00,1033.677,2090.147,47901.58,833.168
Inverter_XW:12,2026-03-03 16:00:00,1033.677,2090.147,47919.234,833.168
Inverter_XW:12,2026-03-03 20:00:00,1033.677,2090.147,47926.77,833.168
Inverter_XW:12,2026-03-04 01:00:00,1033.677,2090.147,47926.945,833.168
Inverter_XW:12,2026-03-04 05:00:00,1033.677,2090.147,47927.14,833.168
Inverter_XW:12,2026-03-04 11:00:00,1033.677,2090.147,47939.383,833.168
Inverter_XW:12,2026-03-04 14:00:00,1033.677,2090.147,47950.027,833.168
Inverter_XW:12,2026-03-04 16:00:00,1033.677,2090.147,47955.758,833.168
Inverter_XW:12,2026-03-04 18:00:00,1033.677,2090.147,47959.98,833.168
Inverter_XW:12,2026-03-04 19:00:00,1033.677,2090.147,47961.9,833.168
Inverter_XW:12,2026-03-04 20:00:00,1033.677,2090.147,47961.934,833.168
Inverter_XW:12,2026-03-04 21:00:00,1033.677,2090.147,47961.965,833.168
Inverter_XW:12,2026-03-04 22:00:00,1033.677,2090.147,47962.0115,833.168
Inverter_XW:12,2026-03-04 23:00:00,1033.677,2090.147,47962.062,833.168
Inverter_XW:12,2026-03-05 00:00:00,1033.677,2090.147,47962.09,833.168
Inverter_XW:12,2026-03-05 01:00:00,1033.677,2090.147,47962.13,833.168
Inverter_XW:12,2026-03-05 02:00:00,1033.677,2090.147,47962.164,833.168
Inverter_XW:12,2026-03-05 03:00:00,1033.677,2090.147,47962.2,833.168
Inverter_XW:12,2026-03-05 04:00:00,1033.677,2090.147,47962.23,833.168
Inverter_XW:12,2026-03-05 05:00:00,1033.677,2090.147,47962.277,833.168
Inverter_XW:12,2026-03-05 06:00:00,1033.677,2090.147,47962.316,833.168
Inverter_XW:12,2026-03-05 07:00:00,1033.677,2090.147,47963.34,833.168
Inverter_XW:12,2026-03-05 08:00:00,1033.677,2090.147,47966.117,833.168
Inverter_XW:12,2026-03-05 09:00:00,1033.677,2090.147,47969.348,833.168
Inverter_XW:12,2026-03-05 10:00:00,1033.677,2090.147,47972.52,833.168
Inverter_XW:12,2026-03-05 12:00:00,1033.677,2090.147,47976.156,833.168
Inverter_XW:12,2026-03-05 13:00:00,1033.677,2090.147,47979.51,833.168
Inverter_XW:12,2026-03-05 14:00:00,1033.677,2090.147,47982.992,833.168
Inverter_XW:12,2026-03-05 15:00:00,1033.677,2090.147,47986.047,833.168
Inverter_XW:12,2026-03-05 16:00:00,1033.677,2090.147,47989.656,833.168
Inverter_XW:12,2026-03-05 17:00:00,1033.677,2090.147,47993.184,833.168
Inverter_XW:12,2026-03-05 18:00:00,1033.677,2090.147,47996.53,833.168
Inverter_XW:12,2026-03-05 20:00:00,1033.677,2090.147,47997.62,833.168
Inverter_XW:12,2026-03-05 21:00:00,1033.677,2090.147,47997.67,833.168
Inverter_XW:12,2026-03-05 22:00:00,1033.677,2090.147,47997.723,833.168
Inverter_XW:12,2026-03-06 00:00:00,1033.677,2090.147,47997.777,833.168
Inverter_XW:12,2026-03-06 01:00:00,1033.677,2090.147,47997.824,833.168
Inverter_XW:12,2026-03-06 03:00:00,1033.677,2090.147,47997.89,833.168
Inverter_XW:12,2026-03-06 04:00:00,1033.677,2090.147,47997.95,833.168
Inverter_XW:12,2026-03-06 06:00:00,1033.677,2090.147,47998.008,833.168
Inverter_XW:12,2026-03-06 07:00:00,1033.677,2090.147,48001.72,833.168
Inverter_XW:12,2026-03-06 09:00:00,1033.677,2090.147,48005.9,833.168
Inverter_XW:12,2026-03-06 10:00:00,1033.677,2090.147,48010.984,833.168
Inverter_XW:12,2026-03-06 12:00:00,1033.677,2090.147,48015.83,833.168
Inverter_XW:12,2026-03-06 13:00:00,1033.677,2090.147,48019.56,833.168
Inverter_XW:12,2026-03-06 14:00:00,1033.677,2090.147,48023.36,833.168
Inverter_XW:12,2026-03-06 16:00:00,1033.677,2090.147,48026.785,833.168
Inverter_XW:12,2026-03-06 17:00:00,1033.677,2090.147,48030.348,833.168
Inverter_XW:12,2026-03-06 18:00:00,1033.677,2090.147,48033.27,833.168
Inverter_XW:12,2026-03-06 19:00:00,1033.677,2090.147,48033.594,833.168
Inverter_XW:12,2026-03-06 20:00:00,1033.677,2090.147,48033.99,833.168
Inverter_XW:12,2026-03-06 21:00:00,1033.677,2090.147,48034.08,833.168
Inverter_XW:12,2026-03-06 22:00:00,1033.677,2090.147,48034.12,833.168
Inverter_XW:12,2026-03-06 23:00:00,1033.677,2090.147,48034.164,833.168
Inverter_XW:12,2026-03-07 00:00:00,1033.677,2090.147,48034.232,833.168
Inverter_XW:12,2026-03-07 01:00:00,1033.677,2090.147,48034.293,833.168
Inverter_XW:12,2026-03-07 02:00:00,1033.677,2090.147,48034.336,833.168
Inverter_XW:12,2026-03-07 03:00:00,1033.677,2090.147,48034.375,833.168
Inverter_XW:12,2026-03-07 04:00:00,1033.677,2090.147,48034.418,833.168
Inverter_XW:12,2026-03-07 05:00:00,1033.677,2090.147,48034.476500000004,833.168
Inverter_XW:12,2026-03-07 06:00:00,1033.677,2090.147,48034.54,833.168
Inverter_XW:12,2026-03-07 07:00:00,1033.677,2090.147,48034.67,833.168
Inverter_XW:12,2026-03-07 08:00:00,1033.677,2090.147,48035.527,833.168
Inverter_XW:12,2026-03-07 09:00:00,1033.677,2090.147,48037.49,833.168
Inverter_XW:12,2026-03-07 10:00:00,1033.677,2090.147,48039.57,833.168
Inverter_XW:12,2026-03-07 11:00:00,1033.677,2090.147,48042.649999999994,833.168
Inverter_XW:12,2026-03-07 12:00:00,1033.677,2090.147,48045.645,833.168
Inverter_XW:12,2026-03-07 13:00:00,1033.677,2090.147,48047.46,833.168
Inverter_XW:12,2026-03-07 14:00:00,1033.677,2090.147,48049.336,833.168
Inverter_XW:12,2026-03-07 15:00:00,1033.677,2090.147,48050.105500000005,833.168
Inverter_XW:12,2026-03-07 16:00:00,1033.677,2090.147,48050.16,833.168
Inverter_XW:12,2026-03-07 17:00:00,1033.677,2090.147,48050.2,833.168
Inverter_XW:12,2026-03-07 18:00:00,1033.677,2090.147,48050.24800000001,833.168
Inverter_XW:12,2026-03-07 19:00:00,1033.677,2090.147,48050.3,833.168
Inverter_XW:12,2026-03-07 20:00:00,1033.677,2090.147,48050.3495,833.168
Inverter_XW:12,2026-03-07 21:00:00,1033.677,2090.147,48050.41,833.168
Inverter_XW:12,2026-03-07 22:00:00,1033.677,2090.147,48050.46,833.168
Inverter_XW:12,2026-03-07 23:00:00,1033.677,2090.147,48050.5,833.168
Inverter_XW:12,2026-03-08 00:00:00,1033.677,2090.147,48050.553,833.168
Inverter_XW:12,2026-03-08 01:00:00,1033.677,2090.147,48050.637,833.168
Inverter_XW:12,2026-03-08 02:00:00,1033.677,2090.72985,48051.3004,833.168
Inverter_XW:12,2026-03-08 03:00:00,1033.677,2092.362483870968,48053.07425806452,833.168
Inverter_XW:12,2026-03-08 04:00:00,1033.677,2092.83,48053.623,833.168
Inverter_XW:12,2026-03-08 05:00:00,1033.677,2092.83,48053.677500000005,833.168
Inverter_XW:12,2026-03-08 06:00:00,1033.677,2092.83,48053.74,833.168
Inverter_XW:12,2026-03-08 07:00:00,1033.677,2092.83,48053.785,833.168
Inverter_XW:12,2026-03-08 08:00:00,1033.677,2092.83,48053.836,833.168
Inverter_XW:12,2026-03-08 10:00:00,1033.677,2092.83,48053.92,833.168
Inverter_XW:12,2026-03-08 11:00:00,1033.677,2092.83,48053.996,833.168
Inverter_XW:12,2026-03-08 13:00:00,1033.677,2092.83,48054.1,833.168
Inverter_XW:12,2026-03-08 15:00:00,1033.677,2092.83,48054.21,833.168
Inverter_XW:12,2026-03-08 18:00:00,1033.677,2092.83,48054.348,833.168
Inverter_XW:12,2026-03-08 21:00:00,1033.677,2092.83,48054.477,833.168
Inverter_XW:12,2026-03-09 00:00:00,1033.677,2092.83,48054.633,833.168
Inverter_XW:12,2026-03-09 03:00:00,1033.677,2092.83,48054.824,833.168
Inverter_XW:12,2026-03-09 07:00:00,1033.677,2092.83,48056.867,833.168
Inverter_XW:12,2026-03-09 12:00:00,1033.677,2092.83,48069.45,833.168
Inverter_XW:12,2026-03-09 17:00:00,1033.677,2092.83,48082.664,833.168
Inverter_XW:12,2026-03-09 22:00:00,1033.677,2092.83,48088.277,833.168
Inverter_XW:12,2026-03-10 03:00:00,1033.677,2092.83,48088.527,833.168
Inverter_XW:12,2026-03-10 07:00:00,1033.677,2092.83,48090.363,833.168
Inverter_XW:12,2026-03-10 12:00:00,1033.677,2092.83,48103.21,833.168
Inverter_XW:12,2026-03-10 18:00:00,1033.677,2092.83,48119.93,833.168
Inverter_XW:12,2026-03-10 23:00:00,1033.677,2092.83,48121.797,833.168
Inverter_XW:12,2026-03-11 03:00:00,1033.677,2092.83,48121.97,833.168
Inverter_XW:12,2026-03-11 08:00:00,1033.677,2092.83,48125.156,833.168
Inverter_XW:12,2026-03-11 10:00:00,1033.677,2092.83,48131.88,833.168
Inverter_XW:12,2026-03-11 12:00:00,1033.677,2092.83,48136.867,833.168
Inverter_XW:12,2026-03-11 13:00:00,1033.677,2092.83,48140.418,833.168
Inverter_XW:12,2026-03-11 14:00:00,1033.677,2092.83,48143.773,833.168
Inverter_XW:12,2026-03-11 15:00:00,1033.677,2092.83,48146.395,833.168
Inverter_XW:12,2026-03-11 16:00:00,1033.677,2092.83,48149.07,833.168
Inverter_XW:12,2026-03-11 17:00:00,1033.677,2092.83,48151.277,833.168
Inverter_XW:12,2026-03-11 18:00:00,1033.677,2092.83,48154.965,833.168
Inverter_XW:12,2026-03-11 19:00:00,1033.677,2092.83,48156.61,833.168
Inverter_XW:12,2026-03-11 20:00:00,1033.677,2092.83,48156.72,833.168
Inverter_XW:12,2026-03-11 21:00:00,1033.677,2092.83,48156.82,833.168
Inverter_XW:12,2026-03-11 22:00:00,1033.677,2092.83,48156.945,833.168
Inverter_XW:12,2026-03-11 23:00:00,1033.677,2092.83,48157.086,833.168
Inverter_XW:12,2026-03-12 00:00:00,1033.677,2093.903358974359,48158.31751282051,833.168
Inverter_XW:12,2026-03-12 01:00:00,1033.677,2094.614,48159.18125,833.168
Inverter_XW:12,2026-03-12 02:00:00,1033.677,2094.614,48159.327999999994,833.168
Inverter_XW:12,2026-03-12 03:00:00,1033.677,2094.614,48159.47,833.168
Inverter_XW:12,2026-03-12 04:00:00,1033.677,2094.614,48159.586,833.168
Inverter_XW:12,2026-03-12 05:00:00,1033.677,2094.614,48159.69,833.168
Inverter_XW:12,2026-03-12 06:00:00,1033.677,2094.614,48159.91,833.168
Inverter_XW:12,2026-03-12 08:00:00,1033.677,2094.614,48163.727,833.168
Inverter_XW:12,2026-03-12 10:00:00,1033.677,2094.614,48167.773,833.168
Inverter_XW:12,2026-03-12 12:00:00,1033.677,2094.614,48173.59,833.168
Inverter_XW:12,2026-03-12 14:00:00,1033.677,2094.614,48180.65,833.168
Inverter_XW:12,2026-03-12 17:00:00,1033.677,2094.614,48189.594,833.168
Inverter_XW:12,2026-03-12 20:00:00,1033.677,2094.614,48193.74,833.168
Inverter_XW:12,2026-03-13 00:00:00,1033.677,2094.614,48193.97,833.168
Inverter_XW:12,2026-03-13 03:00:00,1033.677,2094.614,48194.223,833.168
Inverter_XW:12,2026-03-13 08:00:00,1033.677,2094.614,48200.09066666666,833.168
Inverter_XW:12,2026-03-13 13:00:00,1033.677,2094.614,48214.62,833.168
Inverter_XW:12,2026-03-13 18:00:00,1033.677,2094.614,48229.043,833.168
Inverter_XW:12,2026-03-13 23:00:00,1033.677,2094.614,48243.344,833.168
Inverter_XW:12,2026-03-14 04:00:00,1033.677,2094.614,48245.234,833.168
Inverter_XW:12,2026-03-14 09:00:00,1033.677,2094.614,48249.61,833.168
Inverter_XW:12,2026-03-14 15:00:00,1033.677,2094.614,48258.15,833.168
Inverter_XW:12,2026-03-14 20:00:00,1033.677,2094.614,48258.36,833.168
Inverter_XW:12,2026-03-15 03:00:00,1033.677,2094.614,48258.62,833.168
Inverter_XW:12,2026-03-15 08:00:00,1033.677,2094.614,48258.824,833.168
Inverter_XW:12,2026-03-15 13:00:00,1033.677,2094.614,48259.023,833.168
Inverter_XW:12,2026-03-15 15:00:00,1033.677,2094.614,48259.13,833.168
Inverter_XW:12,2026-03-15 17:00:00,1033.677,2094.614,48259.195,833.168
Inverter_XW:12,2026-03-15 18:00:00,1033.677,2094.614,48259.24,833.168
Inverter_XW:12,2026-03-15 19:00:00,1033.677,2094.614,48259.277,833.168
Inverter_XW:12,2026-03-15 20:00:00,1033.677,2094.614,48259.31,833.168
Inverter_XW:12,2026-03-15 21:00:00,1033.677,2094.614,48259.34,833.168
Inverter_XW:12,2026-03-15 22:00:00,1033.677,2094.614,48259.3865,833.168
Inverter_XW:12,2026-03-15 23:00:00,1033.677,2094.614,48259.438,833.168
Inverter_XW:12,2026-03-16 00:00:00,1033.677,2094.614,48259.473,833.168
Inverter_XW:12,2026-03-16 01:00:00,1033.677,2094.614,48259.508,833.168
Inverter_XW:12,2026-03-16 02:00:00,1033.677,2094.614,48259.54,833.168
Inverter_XW:12,2026-03-16 03:00:00,1033.677,2094.614,48259.57,833.168
Inverter_XW:12,2026-03-16 04:00:00,1033.677,2094.614,48259.617,833.168
Inverter_XW:12,2026-03-16 05:00:00,1033.677,2094.614,48259.656,833.168
Inverter_XW:12,2026-03-16 06:00:00,1033.677,2094.614,48259.7,833.168
Inverter_XW:12,2026-03-16 07:00:00,1033.677,2094.614,48260.832,833.168
Inverter_XW:12,2026-03-16 08:00:00,1033.677,2094.614,48264.184,833.168
Inverter_XW:12,2026-03-16 09:00:00,1033.677,2094.614,48266.9,833.168
Inverter_XW:12,2026-03-16 10:00:00,1033.677,2094.614,48270.207,833.168
Inverter_XW:12,2026-03-16 12:00:00,1033.677,2094.614,48273.496,833.168
Inverter_XW:12,2026-03-16 13:00:00,1033.677,2094.614,48277.1,833.168
Inverter_XW:12,2026-03-16 14:00:00,1033.677,2094.614,48280.28,833.168
Inverter_XW:12,2026-03-16 15:00:00,1033.677,2094.614,48283.746,833.168
Inverter_XW:12,2026-03-16 16:00:00,1033.677,2094.614,48286.848,833.168
Inverter_XW:12,2026-03-16 18:00:00,1033.677,2094.614,48290.453,833.168
Inverter_XW:12,2026-03-16 19:00:00,1033.677,2094.614,48292.996,833.168
Inverter_XW:12,2026-03-16 20:00:00,1033.677,2094.614,48293.062,833.168
Inverter_XW:12,2026-03-16 21:00:00,1033.677,2094.614,48293.094,833.168
Inverter_XW:12,2026-03-16 23:00:00,1033.677,2094.614,48293.125,833.168
Inverter_XW:12,2026-03-17 00:00:00,1033.677,2094.614,48293.156,833.168
Inverter_XW:12,2026-03-17 02:00:00,1033.677,2094.614,48293.19,833.168
Inverter_XW:12,2026-03-17 03:00:00,1033.677,2094.614,48293.227,833.168
Inverter_XW:12,2026-03-17 05:00:00,1033.677,2094.614,48293.26,833.168
Inverter_XW:12,2026-03-17 06:00:00,1033.677,2094.614,48293.652,833.168
Inverter_XW:12,2026-03-17 08:00:00,1033.677,2094.614,48298.094,833.168
Inverter_XW:12,2026-03-17 10:00:00,1033.677,2094.614,48302.074,833.168
Inverter_XW:12,2026-03-17 11:00:00,1033.677,2094.614,48306.37,833.168
Inverter_XW:12,2026-03-17 13:00:00,1033.677,2094.614,48310.4,833.168
Inverter_XW:12,2026-03-17 14:00:00,1033.677,2094.614,48314.676,833.168
Inverter_XW:12,2026-03-17 16:00:00,1033.677,2094.614,48318.562,833.168
Inverter_XW:12,2026-03-17 17:00:00,1033.682,2095.7411666666667,48323.941190476195,833.1679999999999
Inverter_XW:12,2026-03-17 18:00:00,1033.682,2097.19305,48327.64225,833.168
Inverter_XW:12,2026-03-17 19:00:00,1033.682,2097.258,48329.763999999996,833.168
Inverter_XW:12,2026-03-17 20:00:00,1033.682,2097.258,48329.788499999995,833.168
Inverter_XW:12,2026-03-17 21:00:00,1033.682,2097.258,48329.816,833.168
Inverter_XW:12,2026-03-17 22:00:00,1033.682,2097.258,48329.836,833.168
Inverter_XW:12,2026-03-17 23:00:00,1033.682,2097.258,48329.867,833.168
Inverter_XW:12,2026-03-18 01:00:00,1033.682,2097.258,48329.89,833.168
Inverter_XW:12,2026-03-18 02:00:00,1033.682,2097.258,48329.92,833.168
Inverter_XW:12,2026-03-18 04:00:00,1033.682,2097.258,48329.96,833.168
Inverter_XW:12,2026-03-18 05:00:00,1033.682,2097.258,48329.996,833.168
Inverter_XW:12,2026-03-18 08:00:00,1033.682,2097.258,48333.508,833.168
Inverter_XW:12,2026-03-18 10:00:00,1033.682,2097.258,48340.453,833.168
Inverter_XW:12,2026-03-18 14:00:00,1033.682,2097.258,48349.664,833.168
Inverter_XW:12,2026-03-18 17:00:00,1033.682,2097.258,48358.85,833.168
Inverter_XW:12,2026-03-18 20:00:00,1033.682,2097.258,48368.195,833.168
Inverter_XW:12,2026-03-18 21:00:00,1033.682,2097.9594166666666,48368.957027777775,833.168
Inverter_XW:12,2026-03-18 22:00:00,1033.682,2098.396,48369.43675,833.168
Inverter_XW:12,2026-03-18 23:00:00,1033.682,2098.396,48369.46,833.168
Inverter_XW:12,2026-03-19 00:00:00,1033.682,2098.396,48369.48,833.168
Inverter_XW:12,2026-03-19 01:00:00,1033.682,2098.396,48369.504,833.168
Inverter_XW:12,2026-03-19 02:00:00,1033.682,2098.396,48369.523,833.168
Inverter_XW:12,2026-03-19 03:00:00,1033.682,2098.396,48369.5515,833.168
Inverter_XW:12,2026-03-19 04:00:00,1033.682,2098.396,48369.58,833.168
Inverter_XW:12,2026-03-19 05:00:00,1033.682,2098.396,48369.604,833.168
Inverter_XW:12,2026-03-19 06:00:00,1033.682,2098.396,48369.64,833.168
Inverter_XW:12,2026-03-19 07:00:00,1033.682,2098.396,48371.148,833.168
Inverter_XW:12,2026-03-19 08:00:00,1033.682,2098.396,48373.905,833.168
Inverter_XW:12,2026-03-19 09:00:00,1033.682,2098.396,48376.686,833.168
Inverter_XW:12,2026-03-19 10:00:00,1033.682,2098.396,48379.761666666665,833.168
Inverter_XW:12,2026-03-19 11:00:00,1033.682,2098.396,48383.17,833.168
Inverter_XW:12,2026-03-19 12:00:00,1033.682,2098.396,48386.138,833.168
Inverter_XW:12,2026-03-19 13:00:00,1033.682,2098.396,48388.543,833.168
Inverter_XW:12,2026-03-19 14:00:00,1033.682,2098.396,48390.9925,833.168
Inverter_XW:12,2026-03-19 15:00:00,1033.682,2098.396,48394.15,833.168
Inverter_XW:12,2026-03-19 16:00:00,1033.682,2098.396,48396.45,833.168
Inverter_XW:12,2026-03-19 17:00:00,1033.682,2098.396,48398.953,833.168
Inverter_XW:12,2026-03-19 18:00:00,1033.682,2098.396,48401.492,833.168
Inverter_XW:12,2026-03-19 19:00:00,1033.682,2098.396,48404.08,833.168
Inverter_XW:12,2026-03-19 20:00:00,1033.682,2098.396,48404.59,833.168
Inverter_XW:12,2026-03-19 21:00:00,1033.682,2098.396,48405.137,833.168
Inverter_XW:12,2026-03-19 23:00:00,1033.682,2098.396,48405.74,833.168
Inverter_XW:12,2026-03-20 00:00:00,1033.682,2098.396,48406.05,833.168
Inverter_XW:12,2026-03-20 03:00:00,1033.682,2098.396,48406.098,833.168
Inverter_XW:12,2026-03-20 04:00:00,1033.682,2098.396,48406.14,833.168
Inverter_XW:12,2026-03-20 07:00:00,1033.682,2098.396,48409.45,833.168
Inverter_XW:12,2026-03-20 10:00:00,1033.682,2098.396,48416.594,833.168
Inverter_XW:12,2026-03-20 13:00:00,1033.682,2098.396,48426.742,833.168
Inverter_XW:12,2026-03-20 16:00:00,1033.682,2098.396,48436.06,833.168
Inverter_XW:12,2026-03-20 20:00:00,1033.682,2098.396,48441.08,833.168
Inverter_XW:12,2026-03-21 00:00:00,1033.682,2098.396,48441.17,833.168
Inverter_XW:12,2026-03-21 06:00:00,1033.682,2098.396,48441.29,833.168
Inverter_XW:12,2026-03-21 13:00:00,1033.682,2098.396,48455.598,833.168
Inverter_XW:12,2026-03-21 15:00:00,1033.686,2098.9091304347826,48460.24591304348,833.168
Inverter_XW:12,2026-03-21 16:00:00,1033.686,2099.520375,48460.9033125,833.168
Inverter_XW:12,2026-03-21 17:00:00,1033.686,2099.567,48460.9785,833.168
Inverter_XW:12,2026-03-21 18:00:00,1033.686,2099.567,48461.004,833.168
Inverter_XW:12,2026-03-21 19:00:00,1033.686,2099.567,48461.023,833.168
Inverter_XW:12,2026-03-21 20:00:00,1033.686,2099.567,48461.047,833.168
Inverter_XW:12,2026-03-21 21:00:00,1033.686,2099.567,48461.066,833.168
Inverter_XW:12,2026-03-21 22:00:00,1033.686,2099.567,48461.092000000004,833.168
Inverter_XW:12,2026-03-21 23:00:00,1033.686,2099.567,48461.113,833.168
Inverter_XW:12,2026-03-22 00:00:00,1033.686,2099.567,48461.131,833.168
Inverter_XW:12,2026-03-22 01:00:00,1033.686,2099.567,48461.1505,833.168
Inverter_XW:12,2026-03-22 02:00:00,1033.686,2099.567,48461.174666666666,833.168
Inverter_XW:12,2026-03-22 03:00:00,1033.686,2099.567,48461.196500000005,833.168
Inverter_XW:12,2026-03-22 04:00:00,1033.686,2099.567,48461.219000000005,833.168
Inverter_XW:12,2026-03-22 05:00:00,1033.686,2099.567,48461.238,833.168
Inverter_XW:12,2026-03-22 06:00:00,1033.686,2099.567,48461.26233333334,833.168
Inverter_XW:12,2026-03-22 07:00:00,1033.686,2099.567,48461.2865,833.168
Inverter_XW:12,2026-03-22 08:00:00,1033.686,2099.567,48461.3105,833.168
Inverter_XW:12,2026-03-22 09:00:00,1033.686,2099.567,48461.33,833.168
Inverter_XW:12,2026-03-22 10:00:00,1033.686,2099.567,48461.344,833.168
Inverter_XW:12,2026-03-22 11:00:00,1033.686,2099.567,48461.36,833.168
Inverter_XW:12,2026-03-22 12:00:00,1033.686,2099.567,48461.39,833.168
Inverter_XW:12,2026-03-22 13:00:00,1033.686,2099.567,48461.418,833.168
Inverter_XW:12,2026-03-22 15:00:00,1033.686,2099.567,48461.45,833.168
Inverter_XW:12,2026-03-22 16:00:00,1033.686,2099.567,48461.477,833.168
Inverter_XW:12,2026-03-22 18:00:00,1033.686,2099.567,48461.51,833.168
Inverter_XW:12,2026-03-22 19:00:00,1033.686,2099.567,48461.55,833.168
Inverter_XW:12,2026-03-22 21:00:00,1033.686,2099.567,48461.594,833.168
Inverter_XW:12,2026-03-22 22:00:00,1033.686,2099.8030666666664,48461.869,833.168
Inverter_XW:12,2026-03-22 23:00:00,1033.686,2100.004,48462.08981818182,833.168
Inverter_XW:12,2026-03-23 00:00:00,1033.686,2100.004,48462.11433333333,833.168
Inverter_XW:12,2026-03-23 01:00:00,1033.686,2100.004,48462.1365,833.168
Inverter_XW:12,2026-03-23 02:00:00,1033.686,2100.004,48462.157999999996,833.168
Inverter_XW:12,2026-03-23 03:00:00,1033.686,2100.004,48462.18333333333,833.168
Inverter_XW:12,2026-03-23 04:00:00,1033.686,2100.004,48462.20733333333,833.168
Inverter_XW:12,2026-03-23 05:00:00,1033.686,2100.004,48462.226500000004,833.168
Inverter_XW:12,2026-03-23 06:00:00,1033.686,2100.004,48462.244666666666,833.168
Inverter_XW:12,2026-03-23 07:00:00,1033.686,2100.004,48462.267666666674,833.168
Inverter_XW:12,2026-03-23 08:00:00,1033.686,2100.004,48462.289000000004,833.168
Inverter_XW:12,2026-03-23 09:00:00,1033.686,2100.004,48462.3085,833.168
Inverter_XW:12,2026-03-23 10:00:00,1033.686,2100.004,48462.328,833.168
Inverter_XW:12,2026-03-23 11:00:00,1033.686,2100.004,48462.354,833.168
Inverter_XW:12,2026-03-23 12:00:00,1033.686,2100.004,48462.37,833.168
Inverter_XW:12,2026-03-23 13:00:00,1033.686,2100.004,48462.398,833.168
Inverter_XW:12,2026-03-23 14:00:00,1033.686,2100.004,48462.42,833.168
Inverter_XW:12,2026-03-23 15:00:00,1033.686,2100.004,48462.44,833.168
Inverter_XW:12,2026-03-23 16:00:00,1033.686,2100.004,48462.465,833.168
Inverter_XW:12,2026-03-23 17:00:00,1033.686,2100.004,48462.49,833.168
Inverter_XW:12,2026-03-23 18:00:00,1033.686,2100.004,48462.516,833.168
Inverter_XW:12,2026-03-23 20:00:00,1033.686,2100.004,48462.547,833.168
Inverter_XW:12,2026-03-23 21:00:00,1033.686,2100.004,48462.582,833.168
Inverter_XW:12,2026-03-23 23:00:00,1033.686,2100.004,48462.625,833.168
Inverter_XW:12,2026-03-24 01:00:00,1033.686,2100.004,48462.67,833.168
Inverter_XW:12,2026-03-24 02:00:00,1033.686,2100.13625,48462.833,833.168
Inverter_XW:12,2026-03-24 03:00:00,1033.686,2100.4512105263157,48463.173,833.168
Inverter_XW:12,2026-03-24 04:00:00,1033.686,2100.502,48463.25,833.168
Inverter_XW:12,2026-03-24 05:00:00,1033.686,2100.502,48463.27466666667,833.168
Inverter_XW:12,2026-03-24 06:00:00,1033.686,2100.502,48463.293,833.168
Inverter_XW:12,2026-03-24 07:00:00,1033.686,2100.502,48464.869333333336,833.168
Inverter_XW:12,2026-03-24 08:00:00,1033.686,2100.502,48467.365000000005,833.168
Inverter_XW:12,2026-03-24 09:00:00,1033.686,2100.502,48469.66333333333,833.168
Inverter_XW:12,2026-03-24 10:00:00,1033.686,2100.502,48472.57433333333,833.168
Inverter_XW:12,2026-03-24 11:00:00,1033.686,2100.502,48475.128,833.168
Inverter_XW:12,2026-03-24 12:00:00,1033.686,2100.502,48477.77733333333,833.168
Inverter_XW:12,2026-03-24 13:00:00,1033.686,2100.502,48480.705,833.168
Inverter_XW:12,2026-03-24 14:00:00,1033.686,2100.502,48483.895,833.168
Inverter_XW:12,2026-03-24 15:00:00,1033.686,2100.502,48487.379,833.168
Inverter_XW:12,2026-03-24 16:00:00,1033.686,2100.502,48489.613,833.168
Inverter_XW:12,2026-03-24 17:00:00,1033.686,2100.502,48492.4645,833.168
Inverter_XW:12,2026-03-24 18:00:00,1033.686,2100.502,48495.54,833.168
Inverter_XW:12,2026-03-24 19:00:00,1033.686,2100.502,48496.805,833.168
Inverter_XW:12,2026-03-24 20:00:00,1033.686,2100.502,48496.82,833.168
Inverter_XW:12,2026-03-24 21:00:00,1033.686,2100.502,48496.84,833.168
Inverter_XW:12,2026-03-24 22:00:00,1033.686,2100.502,48496.867,833.168
Inverter_XW:12,2026-03-24 23:00:00,1033.686,2100.502,48496.89,833.168
Inverter_XW:12,2026-03-25 00:00:00,1033.686,2100.502,48496.92,833.168
Inverter_XW:12,2026-03-25 01:00:00,1033.686,2100.502,48496.95,833.168
Inverter_XW:12,2026-03-25 03:00:00,1033.686,2100.502,48496.984,833.168
Inverter_XW:12,2026-03-25 04:00:00,1033.686,2100.502,48497.02,833.168
Inverter_XW:12,2026-03-25 06:00:00,1033.686,2100.502,48497.055,833.168
Inverter_XW:12,2026-03-25 08:00:00,1033.686,2100.502,48501.402,833.168
Inverter_XW:12,2026-03-25 11:00:00,1033.686,2100.502,48509.41,833.168
Inverter_XW:12,2026-03-25 14:00:00,1033.686,2100.502,48518.32,833.168
Inverter_XW:12,2026-03-25 18:00:00,1033.686,2100.502,48529.547,833.168
Inverter_XW:12,2026-03-25 22:00:00,1033.686,2100.502,48530.6,833.168
Inverter_XW:12,2026-03-26 03:00:00,1033.686,2100.502,48530.883,833.168
Inverter_XW:12,2026-03-26 10:00:00,1033.686,2100.502,48539.707,833.168
Inverter_XW:12,2026-03-26 19:00:00,1033.686,2100.502,48565.613,833.168
Inverter_XW:12,2026-03-27 03:00:00,1033.686,2100.502,48565.805,833.168
Inverter_XW:12,2026-03-27 13:00:00,1033.69,2100.954333333333,48588.301166666664,833.168
Inverter_XW:12,2026-03-27 14:00:00,1033.69,2101.738625,48590.616875,833.168
Inverter_XW:12,2026-03-27 15:00:00,1033.69,2101.845,48593.8602,833.168
Inverter_XW:12,2026-03-27 16:00:00,1033.69,2101.845,48596.64866666667,833.168
Inverter_XW:12,2026-03-27 17:00:00,1033.69,2101.845,48599.223999999995,833.168
Inverter_XW:12,2026-03-27 18:00:00,1033.69,2101.845,48601.97,833.168
Inverter_XW:12,2026-03-27 19:00:00,1033.69,2101.845,48604.42866666667,833.168
Inverter_XW:12,2026-03-27 20:00:00,1033.69,2101.845,48604.74,833.168
Inverter_XW:12,2026-03-27 21:00:00,1033.69,2101.845,48604.76,833.168
Inverter_XW:12,2026-03-27 22:00:00,1033.69,2101.845,48604.777,833.168
Inverter_XW:12,2026-03-27 23:00:00,1033.69,2101.845,48604.8015,833.168
Inverter_XW:12,2026-03-28 00:00:00,1033.69,2101.845,48604.824,833.168
Inverter_XW:12,2026-03-28 01:00:00,1033.69,2101.845,48604.844,833.168
Inverter_XW:12,2026-03-28 02:00:00,1033.69,2101.845,48604.863,833.168
Inverter_XW:12,2026-03-28 03:00:00,1033.69,2101.845,48604.883,833.168
Inverter_XW:12,2026-03-28 04:00:00,1033.69,2101.845,48604.906,833.168
Inverter_XW:12,2026-03-28 05:00:00,1033.69,2101.845,48604.934,833.168
Inverter_XW:12,2026-03-28 07:00:00,1033.69,2101.845,48604.965,833.168
Inverter_XW:12,2026-03-28 09:00:00,1033.69,2101.845,48607.277,833.168
Inverter_XW:12,2026-03-28 10:00:00,1033.69,2101.845,48611.473,833.168
Inverter_XW:12,2026-03-28 13:00:00,1033.69,2101.845,48618.03,833.168
Inverter_XW:12,2026-03-28 14:00:00,1033.69,2101.845,48622.57,833.168
Inverter_XW:12,2026-03-28 17:00:00,1033.69,2101.845,48622.617,833.168
Inverter_XW:12,2026-03-28 18:00:00,1033.69,2102.263814814815,48623.08833333333,833.168
Inverter_XW:12,2026-03-28 19:00:00,1033.69,2102.486,48623.336,833.168
Inverter_XW:12,2026-03-28 20:00:00,1033.69,2102.5424545454543,48623.42618181818,833.168
Inverter_XW:12,2026-03-28 21:00:00,1033.69,2102.6526315789474,48623.556473684206,833.168
Inverter_XW:12,2026-03-28 22:00:00,1033.69,2102.689,48623.61166666667,833.168
Inverter_XW:12,2026-03-28 23:00:00,1033.69,2102.689,48623.637,833.168
Inverter_XW:12,2026-03-29 00:00:00,1033.69,2102.689,48623.664,833.168
Inverter_XW:12,2026-03-29 02:00:00,1033.69,2102.689,48623.695,833.168
Inverter_XW:12,2026-03-29 04:00:00,1033.69,2102.689,48623.73,833.168
Inverter_XW:12,2026-03-29 05:00:00,1033.69,2102.689,48623.766,833.168
Inverter_XW:12,2026-03-29 07:00:00,1033.69,2102.689,48623.8,833.168
Inverter_XW:12,2026-03-29 09:00:00,1033.69,2102.689,48623.832,833.168
Inverter_XW:12,2026-03-29 10:00:00,1033.69,2102.689,48623.86,833.168
Inverter_XW:12,2026-03-29 11:00:00,1033.69,2102.689,48623.88,833.168
Inverter_XW:12,2026-03-29 12:00:00,1033.69,2102.689,48623.9,833.168
Inverter_XW:12,2026-04-06 19:00:00,1033.7,2105.562,48742.098,833.168
Inverter_XW:12,2026-04-06 23:00:00,1033.7,2105.562,48742.254,833.168
Inverter_XW:12,2026-04-07 03:00:00,1033.7,2105.562,48742.34,833.168
Inverter_XW:12,2026-04-07 08:00:00,1033.7,2105.562,48747.195,833.168
Inverter_XW:12,2026-04-07 15:00:00,1033.7,2105.562,48767.137,833.168
Inverter_XW:12,2026-04-07 23:00:00,1033.7,2105.562,48776.043,833.168
Inverter_XW:12,2026-04-08 09:00:00,1033.7,2105.562,48781.945,833.168
Inverter_XW:12,2026-04-08 21:00:00,1033.7,2105.562,48810.66,833.168
Inverter_XW:12,2026-04-09 06:00:00,1033.7,2105.562,48811.11,833.168
Inverter_XW:12,2026-04-09 08:00:00,1033.704,2105.779625,48816.453125,833.168
Inverter_XW:12,2026-04-09 09:00:00,1033.704,2106.746638888889,48818.89205555556,833.168
Inverter_XW:12,2026-04-09 10:00:00,1033.704,2107.036,48821.729999999996,833.168
Inverter_XW:12,2026-04-09 11:00:00,1033.704,2107.036,48824.576,833.168
Inverter_XW:12,2026-04-09 12:00:00,1033.704,2107.036,48826.918000000005,833.168
Inverter_XW:12,2026-04-09 13:00:00,1033.704,2107.036,48829.549,833.168
Inverter_XW:12,2026-04-09 14:00:00,1033.704,2107.036,48832.6385,833.168
Inverter_XW:12,2026-04-09 15:00:00,1033.704,2107.036,48835.88,833.168
Inverter_XW:12,2026-04-09 16:00:00,1033.704,2107.036,48838.086,833.168
Inverter_XW:12,2026-04-09 17:00:00,1033.704,2107.036,48841.465,833.168
Inverter_XW:12,2026-04-09 18:00:00,1033.704,2107.036,48844.38,833.168
Inverter_XW:12,2026-04-09 19:00:00,1033.704,2107.036,48845.445,833.168
Inverter_XW:12,2026-04-09 20:00:00,1033.704,2107.036,48845.473,833.168
Inverter_XW:12,2026-04-09 22:00:00,1033.704,2107.036,48845.5,833.168
Inverter_XW:12,2026-04-09 23:00:00,1033.704,2107.036,48845.535,833.168
Inverter_XW:12,2026-04-10 01:00:00,1033.704,2107.036,48845.574,833.168
Inverter_XW:12,2026-04-10 03:00:00,1033.704,2107.036,48845.613,833.168
Inverter_XW:12,2026-04-10 05:00:00,1033.704,2107.036,48845.656,833.168
Inverter_XW:12,2026-04-10 07:00:00,1033.704,2107.036,48850.664,833.168
Inverter_XW:12,2026-04-10 09:00:00,1033.704,2107.036,48857.117,833.168
Inverter_XW:12,2026-04-10 10:00:00,1033.704,2107.036,48860.4865,833.168
Inverter_XW:12,2026-04-10 12:00:00,1033.704,2107.036,48864.684,833.168
Inverter_XW:12,2026-04-10 15:00:00,1033.704,2107.036,48872.78,833.168
Inverter_XW:12,2026-04-10 17:00:00,1033.704,2107.036,48880.223,833.168
Inverter_XW:12,2026-04-10 20:00:00,1033.704,2107.036,48884.9,833.168
Inverter_XW:12,2026-04-11 00:00:00,1033.704,2107.036,48884.97,833.168
Inverter_XW:12,2026-04-11 04:00:00,1033.704,2107.036,48885.06,833.168
Inverter_XW:12,2026-04-11 09:00:00,1033.704,2107.036,48888.656,833.168
Inverter_XW:12,2026-04-11 11:00:00,1033.708,2107.773277777778,48894.40597222222,833.168
Inverter_XW:12,2026-04-11 12:00:00,1033.708,2108.191,48896.75775,833.168
Inverter_XW:12,2026-04-11 13:00:00,1033.708,2108.191,48899.58,833.168
Inverter_XW:12,2026-04-11 14:00:00,1033.708,2108.191,48901.688,833.168
Inverter_XW:12,2026-04-11 15:00:00,1033.708,2108.191,48903.973,833.168
Inverter_XW:12,2026-04-11 16:00:00,1033.708,2108.191,48903.996,833.168
Inverter_XW:12,2026-04-11 17:00:00,1033.708,2108.191,48904.016,833.168
Inverter_XW:12,2026-04-11 18:00:00,1033.708,2108.191,48904.035,833.168
Inverter_XW:12,2026-04-11 19:00:00,1033.708,2108.191,48904.058000000005,833.168
Inverter_XW:12,2026-04-11 20:00:00,1033.708,2108.191,48904.074,833.168
Inverter_XW:12,2026-04-11 21:00:00,1033.708,2108.191,48904.094,833.168
Inverter_XW:12,2026-04-11 22:00:00,1033.708,2108.191,48904.117333333335,833.168
Inverter_XW:12,2026-04-11 23:00:00,1033.708,2108.191,48904.138999999996,833.168
Inverter_XW:12,2026-04-12 00:00:00,1033.708,2108.191,48904.16,833.168
Inverter_XW:12,2026-04-12 01:00:00,1033.708,2108.191,48904.18,833.168
Inverter_XW:12,2026-04-12 02:00:00,1033.708,2108.191,48904.195,833.168
Inverter_XW:12,2026-04-12 03:00:00,1033.708,2108.191,48904.22,833.168
Inverter_XW:12,2026-04-12 04:00:00,1033.708,2108.191,48904.24,833.168
Inverter_XW:12,2026-04-12 05:00:00,1033.708,2108.191,48904.255000000005,833.168
Inverter_XW:12,2026-04-12 06:00:00,1033.708,2108.191,48904.2815,833.168
Inverter_XW:12,2026-04-12 07:00:00,1033.708,2108.191,48904.305,833.168
Inverter_XW:12,2026-04-12 08:00:00,1033.708,2108.191,48904.32,833.168
Inverter_XW:12,2026-04-12 09:00:00,1033.708,2108.191,48904.34,833.168
Inverter_XW:12,2026-04-12 10:00:00,1033.708,2108.191,48904.36,833.168
Inverter_XW:12,2026-04-12 11:00:00,1033.708,2108.191,48904.387,833.168
Inverter_XW:12,2026-04-12 12:00:00,1033.708,2108.191,48904.406,833.168
Inverter_XW:12,2026-04-12 14:00:00,1033.708,2108.191,48904.44,833.168
Inverter_XW:12,2026-04-12 15:00:00,1033.708,2108.191,48904.473,833.168
Inverter_XW:12,2026-04-12 17:00:00,1033.708,2108.191,48904.516,833.168
Inverter_XW:12,2026-04-12 19:00:00,1033.708,2108.191,48904.555,833.168
Inverter_XW:12,2026-04-12 22:00:00,1033.708,2108.191,48904.598,833.168
Inverter_XW:12,2026-04-13 00:00:00,1033.708,2108.191,48904.645,833.168
Inverter_XW:12,2026-04-13 03:00:00,1033.708,2108.191,48904.703,833.168
Inverter_XW:12,2026-04-13 05:00:00,1033.708,2108.191,48904.758,833.168
Inverter_XW:12,2026-04-13 09:00:00,1033.708,2108.191,48911.79,833.168
Inverter_XW:12,2026-04-13 14:00:00,1033.708,2108.191,48924.312,833.168
Inverter_XW:12,2026-04-13 18:00:00,1033.708,2108.191,48937.48,833.168
Inverter_XW:12,2026-04-14 00:00:00,1033.708,2108.191,48938.402,833.168
Inverter_XW:12,2026-04-14 07:00:00,1033.708,2108.191,48939.746,833.168
Inverter_XW:12,2026-04-14 17:00:00,1033.708,2108.191,48968.457,833.168
Inverter_XW:12,2026-04-15 04:00:00,1033.708,2108.191,48972.047,833.168
Inverter_XW:12,2026-04-15 15:00:00,1033.708,2108.191,48997.492,833.168
Inverter_XW:12,2026-04-16 03:00:00,1033.708,2108.191,49007.973,833.168
Inverter_XW:12,2026-04-16 12:00:00,1033.712,2108.908923076923,49023.99069230769,833.1679999999999
Inverter_XW:12,2026-04-16 13:00:00,1033.712,2109.7482105263157,49026.566263157896,833.168
Inverter_XW:12,2026-04-16 14:00:00,1033.712,2109.767,49030.33433333333,833.168
Inverter_XW:12,2026-04-16 15:00:00,1033.712,2109.767,49033.746,833.168
Inverter_XW:12,2026-04-16 16:00:00,1033.712,2109.767,49035.84,833.168
Inverter_XW:12,2026-04-16 17:00:00,1033.712,2109.767,49038.49,833.168
Inverter_XW:12,2026-04-16 18:00:00,1033.712,2109.767,49041.383,833.168
Inverter_XW:12,2026-04-16 19:00:00,1033.712,2109.767,49042.836,833.168
Inverter_XW:12,2026-04-16 20:00:00,1033.712,2109.767,49042.965,833.168
Inverter_XW:12,2026-04-16 22:00:00,1033.712,2109.767,49043.117,833.168
Inverter_XW:12,2026-04-16 23:00:00,1033.712,2109.767,49043.242,833.168
Inverter_XW:12,2026-04-17 01:00:00,1033.712,2109.767,49043.426,833.168
Inverter_XW:12,2026-04-17 03:00:00,1033.712,2109.767,49043.594,833.168
Inverter_XW:12,2026-04-17 04:00:00,1033.712,2109.767,49044.168,833.168
Inverter_XW:12,2026-04-17 07:00:00,1033.712,2109.767,49050.727,833.168
Inverter_XW:12,2026-04-17 09:00:00,1033.712,2109.767,49057.535,833.168
Inverter_XW:12,2026-04-17 12:00:00,1033.712,2109.767,49064.785,833.168
Inverter_XW:12,2026-04-17 15:00:00,1033.712,2109.767,49073.742,833.168
Inverter_XW:12,2026-04-17 18:00:00,1033.712,2109.767,49081.395,833.168
Inverter_XW:12,2026-04-17 21:00:00,1033.712,2109.767,49085.34,833.168
Inverter_XW:12,2026-04-18 00:00:00,1033.712,2109.767,49085.414,833.168
Inverter_XW:12,2026-04-18 04:00:00,1033.712,2109.767,49085.492,833.168
Inverter_XW:12,2026-04-18 08:00:00,1033.712,2109.767,49087.953,833.168
Inverter_XW:12,2026-04-18 15:00:00,1033.712,2109.767,49103.66,833.168
Inverter_XW:12,2026-04-18 21:00:00,1033.712,2109.767,49103.805,833.168
Inverter_XW:12,2026-04-19 05:00:00,1033.712,2109.767,49103.973,833.168
Inverter_XW:12,2026-04-19 14:00:00,1033.712,2109.767,49104.15,833.168
Inverter_XW:12,2026-04-20 00:00:00,1033.712,2109.767,49104.36,833.168
Inverter_XW:12,2026-04-20 08:00:00,1033.712,2109.767,49109.027,833.168
Inverter_XW:12,2026-04-20 18:00:00,1033.712,2109.767,49134.832,833.168
Inverter_XW:12,2026-04-20 20:00:00,1033.712,2109.767,49137.6325,833.168
Inverter_XW:12,2026-04-21 04:00:00,1033.712,2109.767,49137.95,833.168
Inverter_XW:12,2026-04-21 09:00:00,1033.712,2109.767,49143.82,833.168
Inverter_XW:12,2026-04-21 11:00:00,1033.712,2109.767,49150.43,833.168
Inverter_XW:12,2026-04-21 13:00:00,1033.712,2109.767,49155.38,833.168
Inverter_XW:12,2026-04-21 14:00:00,1033.712,2109.767,49158.29,833.168
Inverter_XW:12,2026-04-21 15:00:00,1033.712,2109.767,49161.7,833.168
Inverter_XW:12,2026-04-21 16:00:00,1033.712,2109.767,49164.57,833.168
Inverter_XW:12,2026-04-21 17:00:00,1033.712,2109.767,49167.297,833.168
Inverter_XW:12,2026-04-21 18:00:00,1033.712,2109.767,49169.977,833.168
Inverter_XW:12,2026-04-21 19:00:00,1033.712,2109.767,49171.746,833.168
Inverter_XW:12,2026-04-21 20:00:00,1033.712,2109.767,49171.785,833.168
Inverter_XW:12,2026-04-21 21:00:00,1033.712,2109.767,49171.837,833.168
Inverter_XW:12,2026-04-21 22:00:00,1033.712,2109.767,49171.86,833.168
Inverter_XW:12,2026-04-21 23:00:00,1033.712,2109.767,49171.902,833.168
Inverter_XW:12,2026-04-22 00:00:00,1033.712,2109.767,49171.953,833.168
Inverter_XW:12,2026-04-22 01:00:00,1033.712,2109.767,49171.996,833.168
Inverter_XW:12,2026-04-22 02:00:00,1033.712,2109.767,49172.047,833.168
Inverter_XW:12,2026-04-22 04:00:00,1033.712,2109.767,49172.098,833.168
Inverter_XW:12,2026-04-22 05:00:00,1033.712,2109.767,49172.14,833.168
Inverter_XW:12,2026-04-22 06:00:00,1033.712,2109.767,49172.19,833.168
Inverter_XW:12,2026-04-22 07:00:00,1033.712,2109.767,49174.914,833.168
Inverter_XW:12,2026-04-22 09:00:00,1033.712,2109.767,49178.758,833.168
Inverter_XW:12,2026-04-22 10:00:00,1033.712,2109.767,49182.43,833.168
Inverter_XW:12,2026-04-22 12:00:00,1033.712,2109.767,49186.566,833.168
Inverter_XW:12,2026-04-22 13:00:00,1033.712,2109.767,49189.83,833.168
Inverter_XW:12,2026-04-22 14:00:00,1033.712,2109.767,49194.4,833.168
Inverter_XW:12,2026-04-22 16:00:00,1033.712,2109.767,49198.39,833.168
Inverter_XW:12,2026-04-22 17:00:00,1033.712,2109.767,49202.496,833.168
Inverter_XW:12,2026-04-22 18:00:00,1033.712,2109.767,49206.36,833.168
Inverter_XW:12,2026-04-22 20:00:00,1033.712,2109.767,49206.453,833.168
Inverter_XW:12,2026-04-22 22:00:00,1033.712,2109.767,49206.516,833.168
Inverter_XW:12,2026-04-22 23:00:00,1033.712,2109.767,49206.586,833.168
Inverter_XW:12,2026-04-23 01:00:00,1033.712,2109.767,49206.652,833.168
Inverter_XW:12,2026-04-23 03:00:00,1033.712,2109.767,49206.723,833.168
Inverter_XW:12,2026-04-23 05:00:00,1033.712,2109.767,49206.793,833.168
Inverter_XW:12,2026-04-23 07:00:00,1033.712,2109.767,49207.996,833.168
Inverter_XW:12,2026-04-23 08:00:00,1033.712,2109.767,49211.11,833.168
Inverter_XW:12,2026-04-23 10:00:00,1033.712,2109.767,49217.027,833.168
Inverter_XW:12,2026-04-23 12:00:00,1033.712,2109.767,49220.184,833.168
Inverter_XW:12,2026-04-23 14:00:00,1033.712,2109.767,49226.21,833.168
Inverter_XW:12,2026-04-23 15:00:00,1033.712,2109.767,49229.285,833.168
Inverter_XW:12,2026-04-23 16:00:00,1033.712,2109.767,49233.63,833.168
Inverter_XW:12,2026-04-23 18:00:00,1033.712,2109.767,49238.0125,833.168
Inverter_XW:12,2026-04-23 20:00:00,1033.712,2109.767,49239.426,833.168
Inverter_XW:12,2026-04-23 21:00:00,1033.712,2109.767,49239.465,833.168
Inverter_XW:12,2026-04-23 22:00:00,1033.712,2109.767,49239.496,833.168
Inverter_XW:12,2026-04-23 23:00:00,1033.712,2109.767,49239.56,833.168
Inverter_XW:12,2026-04-24 00:00:00,1033.712,2109.767,49239.594,833.168
Inverter_XW:12,2026-04-24 01:00:00,1033.712,2109.767,49239.625,833.168
Inverter_XW:12,2026-04-24 02:00:00,1033.712,2109.767,49239.676,833.168
Inverter_XW:12,2026-04-24 03:00:00,1033.712,2109.767,49239.72,833.168
Inverter_XW:12,2026-04-24 04:00:00,1033.712,2109.767,49239.75,833.168
Inverter_XW:12,2026-04-24 05:00:00,1033.712,2109.767,49239.785,833.168
Inverter_XW:12,2026-04-24 06:00:00,1033.712,2109.767,49243.086,833.168
Inverter_XW:12,2026-04-24 07:00:00,1033.712,2109.767,49245.19,833.168
Inverter_XW:12,2026-04-24 08:00:00,1033.712,2109.767,49247.367,833.168
Inverter_XW:12,2026-04-24 09:00:00,1033.712,2109.767,49251.27,833.168
Inverter_XW:12,2026-04-24 10:00:00,1033.712,2109.767,49254.117,833.168
Inverter_XW:12,2026-04-24 11:00:00,1033.712,2109.767,49256.594,833.168
Inverter_XW:12,2026-04-24 13:00:00,1033.712,2109.767,49262.0375,833.168
Inverter_XW:12,2026-04-24 14:00:00,1033.712,2109.767,49265.664,833.168
Inverter_XW:12,2026-04-24 15:00:00,1033.712,2109.767,49269.535,833.168
Inverter_XW:12,2026-04-24 16:00:00,1033.712,2109.767,49271.746,833.168
Inverter_XW:12,2026-04-24 17:00:00,1033.712,2109.767,49274.176,833.168
Inverter_XW:12,2026-04-24 18:00:00,1033.712,2109.767,49276.914,833.168
Inverter_XW:12,2026-04-24 19:00:00,1033.712,2109.767,49277.0835,833.168
Inverter_XW:12,2026-04-24 20:00:00,1033.712,2109.767,49277.195,833.168
Inverter_XW:12,2026-04-24 21:00:00,1033.712,2109.767,49277.26,833.168
Inverter_XW:12,2026-04-24 22:00:00,1033.712,2109.767,49277.3585,833.168
Inverter_XW:12,2026-04-24 23:00:00,1033.712,2109.767,49277.445,833.168
Inverter_XW:12,2026-04-25 00:00:00,1033.712,2109.767,49277.541,833.168
Inverter_XW:12,2026-04-25 01:00:00,1033.712,2109.767,49277.637,833.168
Inverter_XW:12,2026-04-25 02:00:00,1033.712,2109.767,49277.703,833.168
Inverter_XW:12,2026-04-25 03:00:00,1033.712,2109.767,49277.8185,833.168
Inverter_XW:12,2026-04-25 04:00:00,1033.712,2109.767,49277.95,833.168
Inverter_XW:12,2026-04-25 06:00:00,1033.712,2109.767,49278.055,833.168
Inverter_XW:12,2026-04-25 07:00:00,1033.712,2109.767,49278.902,833.168
Inverter_XW:12,2026-04-25 09:00:00,1033.712,2109.767,49283.637,833.168
Inverter_XW:12,2026-04-25 11:00:00,1033.712,2109.767,49288.57,833.168
Inverter_XW:12,2026-04-25 14:00:00,1033.712,2109.767,49294.91,833.168
Inverter_XW:12,2026-04-25 17:00:00,1033.712,2109.767,49295.01,833.168
Inverter_XW:12,2026-04-25 19:00:00,1033.712,2109.767,49295.1,833.168
Inverter_XW:12,2026-04-25 20:00:00,1033.712,2109.767,49295.145,833.168
Inverter_XW:12,2026-04-25 22:00:00,1033.712,2109.767,49295.207,833.168
Inverter_XW:12,2026-04-25 23:00:00,1033.712,2109.767,49295.246,833.168
Inverter_XW:12,2026-04-26 00:00:00,1033.712,2109.767,49295.29,833.168
Inverter_XW:12,2026-04-26 01:00:00,1033.712,2109.767,49295.32,833.168
Inverter_XW:12,2026-04-26 02:00:00,1033.712,2109.767,49295.3675,833.168
Inverter_XW:12,2026-04-26 03:00:00,1033.712,2109.767,49295.413,833.168
Inverter_XW:12,2026-04-26 04:00:00,1033.712,2109.767,49295.4455,833.168
Inverter_XW:12,2026-04-26 05:00:00,1033.712,2109.767,49295.488249999995,833.168
Inverter_XW:12,2026-04-26 06:00:00,1033.712,2109.767,49295.53125,833.168
Inverter_XW:12,2026-04-26 07:00:00,1033.712,2110.866111111111,49296.74438888889,833.168
Inverter_XW:12,2026-04-26 08:00:00,1033.712,2112.6576800000003,49298.68732,833.168
Inverter_XW:12,2026-04-26 09:00:00,1033.712,2112.949,49299.045333333335,833.168
Inverter_XW:12,2026-04-26 10:00:00,1033.712,2112.949,49299.098,833.168
Inverter_XW:12,2026-04-26 11:00:00,1033.712,2112.949,49299.137,833.168
Inverter_XW:12,2026-04-26 12:00:00,1033.712,2113.1567272727275,49299.40454545454,833.168
Inverter_XW:12,2026-04-26 13:00:00,1033.712,2113.9294642857144,49300.240678571434,833.168
Inverter_XW:12,2026-04-26 14:00:00,1033.712,2114.193,49300.558000000005,833.168
Inverter_XW:12,2026-04-26 15:00:00,1033.712,2114.193,49300.598,833.168
Inverter_XW:12,2026-04-26 16:00:00,1033.712,2114.193,49300.6405,833.168
Inverter_XW:12,2026-04-26 17:00:00,1033.712,2114.193,49300.684,833.168
Inverter_XW:12,2026-04-26 18:00:00,1033.712,2114.193,49300.7185,833.168
Inverter_XW:12,2026-04-26 19:00:00,1033.712,2114.193,49300.759999999995,833.168
Inverter_XW:12,2026-04-26 20:00:00,1033.712,2114.193,49300.795,833.168
Inverter_XW:12,2026-04-26 21:00:00,1033.712,2114.193,49300.83466666667,833.168
Inverter_XW:12,2026-04-26 22:00:00,1033.712,2114.193,49300.875,833.168
Inverter_XW:12,2026-04-26 23:00:00,1033.712,2114.193,49300.9025,833.168
Inverter_XW:12,2026-04-27 00:00:00,1033.712,2114.193,49300.939000000006,833.168
Inverter_XW:12,2026-04-27 01:00:00,1033.712,2114.193,49300.981499999994,833.168
Inverter_XW:12,2026-04-27 02:00:00,1033.712,2114.193,49301.0135,833.168
Inverter_XW:12,2026-04-27 03:00:00,1033.712,2114.193,49301.051,833.168
Inverter_XW:12,2026-04-27 04:00:00,1033.712,2114.193,49301.0935,833.168
Inverter_XW:12,2026-04-27 05:00:00,1033.712,2114.193,49301.1275,833.168
Inverter_XW:12,2026-04-27 06:00:00,1033.712,2114.193,49301.156,833.168
Inverter_XW:12,2026-04-27 07:00:00,1033.712,2114.193,49303.015,833.168
Inverter_XW:12,2026-04-27 08:00:00,1033.712,2114.193,49306.28,833.168
Inverter_XW:12,2026-04-27 10:00:00,1033.712,2114.193,49309.98,833.168
Inverter_XW:12,2026-04-27 11:00:00,1033.712,2114.193,49313.953,833.168
Inverter_XW:12,2026-04-27 13:00:00,1033.712,2114.193,49318.92,833.168
Inverter_XW:12,2026-04-27 14:00:00,1033.712,2114.193,49323.844,833.168
Inverter_XW:12,2026-04-27 15:00:00,1033.838,2114.492333333333,49326.61111111111,833.168
Inverter_XW:12,2026-04-27 16:00:00,1033.838,2114.739625,49327.91675,833.168
Inverter_XW:12,2026-04-27 17:00:00,1033.838,2114.763,49331.467,833.168
Inverter_XW:12,2026-04-27 18:00:00,1033.848,2114.8393636363635,49335.03736363636,833.168
Inverter_XW:12,2026-04-27 19:00:00,1033.849,2114.847,49336.304000000004,833.168
Inverter_XW:12,2026-04-27 20:00:00,1033.849,2114.847,49336.9295,833.168
Inverter_XW:12,2026-04-27 21:00:00,1033.849,2114.847,49337.02,833.168
Inverter_XW:12,2026-04-27 22:00:00,1033.849,2114.847,49337.04,833.168
Inverter_XW:12,2026-04-27 23:00:00,1033.849,2114.847,49337.06,833.168
Inverter_XW:12,2026-04-28 00:00:00,1033.849,2114.847,49337.08,833.168
Inverter_XW:12,2026-04-28 01:00:00,1033.849,2114.847,49337.104,833.168
Inverter_XW:12,2026-04-28 02:00:00,1033.849,2114.847,49337.129,833.168
Inverter_XW:12,2026-04-28 03:00:00,1033.849,2114.847,49337.149333333335,833.168
Inverter_XW:12,2026-04-28 04:00:00,1033.849,2114.847,49337.176,833.168
Inverter_XW:12,2026-04-28 05:00:00,1033.849,2114.847,49337.195,833.168
Inverter_XW:12,2026-04-28 06:00:00,1033.849,2114.847,49337.28666666666,833.168
Inverter_XW:12,2026-04-28 07:00:00,1033.849,2114.847,49338.9635,833.168
Inverter_XW:12,2026-04-28 08:00:00,1033.849,2114.847,49341.270000000004,833.168
Inverter_XW:12,2026-04-28 09:00:00,1033.849,2114.847,49344.041,833.168
Inverter_XW:12,2026-04-28 10:00:00,1033.849,2114.847,49346.34,833.168
Inverter_XW:12,2026-04-28 11:00:00,1033.849,2114.847,49349.3165,833.168
Inverter_XW:12,2026-04-28 12:00:00,1033.849,2114.847,49352.934,833.168
Inverter_XW:12,2026-04-28 13:00:00,1033.849,2114.847,49355.81,833.168
Inverter_XW:12,2026-04-28 14:00:00,1033.849,2114.847,49358.895,833.168
Inverter_XW:12,2026-04-28 15:00:00,1033.853,2115.0417,49361.35625,833.168
Inverter_XW:12,2026-04-28 16:00:00,1033.853,2115.087,49363.9355,833.168
Inverter_XW:12,2026-04-28 17:00:00,1033.853,2115.087,49367.0565,833.168
Inverter_XW:12,2026-04-28 18:00:00,1033.853,2115.087,49369.929000000004,833.168
Inverter_XW:12,2026-04-28 19:00:00,1033.853,2115.087,49371.431333333334,833.168
Inverter_XW:12,2026-04-28 20:00:00,1033.853,2115.087,49371.45575,833.168
Inverter_XW:12,2026-04-28 21:00:00,1033.853,2115.087,49371.4805,833.168
Inverter_XW:12,2026-04-28 22:00:00,1033.853,2115.087,49371.5,833.168
Inverter_XW:12,2026-04-28 23:00:00,1033.853,2115.087,49371.5215,833.168
Inverter_XW:12,2026-04-29 00:00:00,1033.853,2115.087,49371.545,833.168
Inverter_XW:12,2026-04-29 01:00:00,1033.853,2115.087,49371.568,833.168
Inverter_XW:12,2026-04-29 02:00:00,1033.853,2115.087,49371.59,833.168
Inverter_XW:12,2026-04-29 03:00:00,1033.853,2115.087,49371.6125,833.168
Inverter_XW:12,2026-04-29 05:00:00,1033.853,2115.087,49371.645,833.168
Inverter_XW:12,2026-04-29 06:00:00,1033.853,2115.2898333333337,49371.9075,833.168
Inverter_XW:12,2026-04-29 07:00:00,1033.853,2115.351,49373.18528571429,833.168
Inverter_XW:12,2026-04-29 08:00:00,1033.853,2115.351,49375.879499999995,833.168
Inverter_XW:12,2026-04-29 09:00:00,1033.853,2115.351,49378.779500000004,833.168
Inverter_XW:12,2026-04-29 10:00:00,1033.853,2115.351,49381.41033333333,833.168
Inverter_XW:12,2026-04-29 11:00:00,1033.853,2115.351,49383.77566666666,833.168
Inverter_XW:12,2026-04-29 12:00:00,1033.853,2115.351,49386.30033333334,833.168
Inverter_XW:12,2026-04-29 13:00:00,1033.853,2115.351,49388.95333333333,833.168
Inverter_XW:12,2026-04-29 14:00:00,1033.853,2115.351,49391.36,833.168
Inverter_XW:12,2026-04-29 15:00:00,1033.853,2115.351,49393.937,833.168
Inverter_XW:12,2026-04-29 16:00:00,1033.853,2115.351,49397.0115,833.168
Inverter_XW:12,2026-04-29 17:00:00,1033.853,2115.351,49400.115,833.168
Inverter_XW:12,2026-04-29 18:00:00,1033.853,2115.351,49402.855,833.168
Inverter_XW:12,2026-04-29 19:00:00,1033.853,2115.351,49404.6235,833.168
Inverter_XW:12,2026-04-29 20:00:00,1033.853,2115.351,49404.676,833.168
Inverter_XW:12,2026-04-29 22:00:00,1033.853,2115.351,49404.727,833.168
Inverter_XW:12,2026-04-29 23:00:00,1033.853,2115.351,49404.797,833.168
Inverter_XW:12,2026-04-30 00:00:00,1033.853,2115.581058823529,49405.0755882353,833.168
Inverter_XW:12,2026-04-30 01:00:00,1033.853,2115.697,49405.21575,833.168
Inverter_XW:12,2026-04-30 02:00:00,1033.853,2115.697,49405.25975,833.168
Inverter_XW:12,2026-04-30 03:00:00,1033.853,2115.697,49405.30766666667,833.168
Inverter_XW:12,2026-04-30 04:00:00,1033.853,2115.697,49405.343666666675,833.168
Inverter_XW:12,2026-04-30 05:00:00,1033.853,2115.697,49405.382666666665,833.168
Inverter_XW:12,2026-04-30 06:00:00,1033.853,2115.697,49405.492,833.168
Inverter_XW:12,2026-04-30 07:00:00,1033.862,2115.785,49407.087733333334,833.168
Inverter_XW:12,2026-04-30 08:00:00,1033.8626,2115.7882,49409.7532,833.168
Inverter_XW:12,2026-04-30 09:00:00,1033.865,2115.8534705882357,49411.63876470589,833.168
Inverter_XW:12,2026-04-30 10:00:00,1033.865,2115.856,49414.71866666666,833.168
Inverter_XW:12,2026-04-30 11:00:00,1033.865,2115.856,49417.50833333333,833.168
Inverter_XW:12,2026-04-30 12:00:00,1033.865,2115.856,49420.63733333334,833.168
Inverter_XW:12,2026-04-30 13:00:00,1033.865,2115.856,49423.291,833.168
Inverter_XW:12,2026-04-30 14:00:00,1033.865,2115.856,49425.78,833.168
Inverter_XW:12,2026-04-30 15:00:00,1033.865,2115.856,49428.878666666664,833.168
Inverter_XW:12,2026-04-30 16:00:00,1033.865,2115.856,49432.11466666666,833.168
Inverter_XW:12,2026-04-30 17:00:00,1033.865,2115.856,49434.906,833.168
Inverter_XW:12,2026-04-30 18:00:00,1033.865,2115.856,49437.399999999994,833.168
Inverter_XW:12,2026-04-30 19:00:00,1033.865,2115.856,49439.416,833.168
Inverter_XW:12,2026-04-30 20:00:00,1033.865,2115.856,49439.460999999996,833.168
Inverter_XW:12,2026-04-30 21:00:00,1033.865,2115.856,49439.486000000004,833.168
Inverter_XW:12,2026-04-30 22:00:00,1033.865,2115.856,49439.508,833.168
Inverter_XW:12,2026-04-30 23:00:00,1033.865,2115.856,49439.523,833.168
Inverter_XW:12,2026-05-01 00:00:00,1033.865,2115.856,49439.55,833.168
Inverter_XW:12,2026-05-01 01:00:00,1033.865,2115.856,49439.582,833.168
Inverter_XW:12,2026-05-01 03:00:00,1033.865,2115.856,49439.605,833.168
Inverter_XW:12,2026-05-01 04:00:00,1033.865,2115.856,49439.64,833.168
Inverter_XW:12,2026-05-01 06:00:00,1033.865,2115.856,49439.668,833.168
Inverter_XW:12,2026-05-01 08:00:00,1033.865,2115.856,49439.715,833.168
Inverter_XW:12,2026-05-01 10:00:00,1033.865,2115.856,49439.76,833.168
Inverter_XW:12,2026-05-01 13:00:00,1033.865,2115.856,49439.824,833.168
Inverter_XW:12,2026-05-01 16:00:00,1033.865,2115.856,49439.887,833.168
Inverter_XW:12,2026-05-01 20:00:00,1033.865,2115.856,49439.965,833.168
Inverter_XW:12,2026-05-02 00:00:00,1033.865,2115.856,49440.047,833.168
Inverter_XW:12,2026-05-02 05:00:00,1033.865,2115.856,49440.15,833.168
Inverter_XW:12,2026-05-02 06:00:00,1033.865,2115.856,49440.16,833.168
Inverter_XW:12,2026-05-02 12:00:00,1033.865,2115.856,49450.3,833.168
Inverter_XW:12,2026-05-02 21:00:00,1033.865,2115.856,49457.234,833.168
Inverter_XW:12,2026-05-03 06:00:00,1033.865,2115.856,49457.43,833.168
Inverter_XW:12,2026-05-03 21:00:00,1033.865,2115.856,49457.746,833.168
Inverter_XW:12,2026-05-04 06:00:00,1033.865,2115.856,49458.195,833.168
Inverter_XW:12,2026-05-04 22:00:00,1033.865,2115.856,49489.11,833.168
Inverter_XW:12,2026-05-05 11:00:00,1033.865,2115.856,49500.055,833.168
Inverter_XW:12,2026-05-05 22:00:00,1033.865,2115.856,49522.34,833.168
Inverter_XW:12,2026-05-06 03:00:00,1033.865,2115.856,49522.73,833.168
Inverter_XW:12,2026-05-06 06:00:00,1033.865,2115.856,49522.938,833.168
Inverter_XW:12,2026-05-06 07:00:00,1033.865,2115.856,49525.02,833.168
Inverter_XW:12,2026-05-06 09:00:00,1033.865,2115.856,49528.457,833.168
Inverter_XW:12,2026-05-06 10:00:00,1033.865,2115.856,49531.06,833.168
Inverter_XW:12,2026-05-06 11:00:00,1033.865,2115.856,49533.992,833.168
Inverter_XW:12,2026-05-06 12:00:00,1033.865,2115.856,49536.64,833.168
Inverter_XW:12,2026-05-06 13:00:00,1033.865,2115.856,49539.48,833.168
Inverter_XW:12,2026-05-06 14:00:00,1033.865,2115.856,49541.92,833.168
Inverter_XW:12,2026-05-06 15:00:00,1033.865,2115.856,49544.273,833.168
Inverter_XW:12,2026-05-06 16:00:00,1033.865,2115.856,49546.844,833.168
Inverter_XW:12,2026-05-06 17:00:00,1033.865,2115.856,49549.69,833.168
Inverter_XW:12,2026-05-06 18:00:00,1033.865,2115.856,49552.996,833.168
Inverter_XW:12,2026-05-06 19:00:00,1033.865,2115.856,49554.086,833.168
Inverter_XW:12,2026-05-06 20:00:00,1033.865,2115.856,49554.113,833.168
Inverter_XW:12,2026-05-06 22:00:00,1033.865,2115.856,49554.14,833.168
Inverter_XW:12,2026-05-06 23:00:00,1033.865,2115.856,49554.164,833.168
Inverter_XW:12,2026-05-07 00:00:00,1033.865,2115.856,49554.19,833.168
Inverter_XW:12,2026-05-07 01:00:00,1033.865,2115.856,49554.215,833.168
Inverter_XW:12,2026-05-07 03:00:00,1033.865,2115.856,49554.24,833.168
Inverter_XW:12,2026-05-07 04:00:00,1033.865,2115.856,49554.26,833.168
Inverter_XW:12,2026-05-07 05:00:00,1033.865,2115.856,49554.285,833.168
Inverter_XW:12,2026-05-07 07:00:00,1033.865,2115.856,49554.94,833.168
Inverter_XW:12,2026-05-07 08:00:00,1033.865,2115.856,49558.453,833.168
Inverter_XW:12,2026-05-07 09:00:00,1033.865,2115.856,49561.473,833.168
Inverter_XW:12,2026-05-07 11:00:00,1033.865,2115.856,49565.105,833.168
Inverter_XW:12,2026-05-07 12:00:00,1033.865,2115.856,49568.465,833.168
Inverter_XW:12,2026-05-07 13:00:00,1033.865,2115.856,49572.055,833.168
Inverter_XW:12,2026-05-07 15:00:00,1033.865,2115.856,49575.7,833.168
Inverter_XW:12,2026-05-07 17:00:00,1033.865,2115.856,49580.2,833.168
Inverter_XW:12,2026-05-07 18:00:00,1033.865,2115.856,49584.484,833.168
Inverter_XW:12,2026-05-07 20:00:00,1033.865,2115.856,49585.297,833.168
Inverter_XW:12,2026-05-07 21:00:00,1033.865,2115.856,49585.324,833.168
Inverter_XW:12,2026-05-07 23:00:00,1033.865,2115.856,49585.367,833.168
Inverter_XW:12,2026-05-08 01:00:00,1033.865,2115.856,49585.4,833.168
Inverter_XW:12,2026-05-08 03:00:00,1033.865,2115.856,49585.438,833.168
Inverter_XW:12,2026-05-08 04:00:00,1033.865,2115.856,49585.473,833.168
Inverter_XW:12,2026-05-08 06:00:00,1033.865,2115.856,49586.03,833.168
Inverter_XW:12,2026-05-08 08:00:00,1033.865,2115.856,49589.984,833.168
Inverter_XW:12,2026-05-08 09:00:00,1033.865,2115.856,49593.324,833.168
Inverter_XW:12,2026-05-08 10:00:00,1033.865,2115.856,49597.465,833.168
Inverter_XW:12,2026-05-08 12:00:00,1033.865,2115.856,49600.777,833.168
Inverter_XW:12,2026-05-08 13:00:00,1033.865,2115.856,49604.027,833.168
Inverter_XW:12,2026-05-08 14:00:00,1033.865,2115.856,49607.848,833.168
Inverter_XW:12,2026-05-08 15:00:00,1033.865,2115.856,49610.46,833.168
Inverter_XW:12,2026-05-08 16:00:00,1033.865,2115.856,49614.363,833.168
Inverter_XW:12,2026-05-08 17:00:00,1033.865,2115.856,49616.902,833.168
Inverter_XW:12,2026-05-08 18:00:00,1033.865,2115.856,49619.484,833.168
Inverter_XW:12,2026-05-08 19:00:00,1033.865,2115.856,49619.523,833.168
Inverter_XW:12,2026-05-08 20:00:00,1033.865,2115.856,49619.56,833.168
Inverter_XW:12,2026-05-08 21:00:00,1033.865,2115.856,49619.594,833.168
Inverter_XW:12,2026-05-08 22:00:00,1033.865,2115.856,49619.64,833.168
Inverter_XW:12,2026-05-08 23:00:00,1033.865,2115.856,49619.676,833.168
Inverter_XW:12,2026-05-09 00:00:00,1033.865,2115.856,49619.715,833.168
Inverter_XW:12,2026-05-09 01:00:00,1033.865,2115.856,49619.758,833.168
Inverter_XW:12,2026-05-09 02:00:00,1033.865,2115.856,49619.8,833.168
Inverter_XW:12,2026-05-09 03:00:00,1033.865,2115.856,49619.832,833.168
Inverter_XW:12,2026-05-09 04:00:00,1033.865,2115.856,49619.867,833.168
Inverter_XW:12,2026-05-09 05:00:00,1033.865,2115.856,49619.91,833.168
Inverter_XW:12,2026-05-09 06:00:00,1033.865,2115.856,49620.06,833.168
Inverter_XW:12,2026-05-09 07:00:00,1033.865,2115.856,49621.273,833.168
Inverter_XW:12,2026-05-09 08:00:00,1033.865,2115.856,49623.805,833.168
Inverter_XW:12,2026-05-09 09:00:00,1033.865,2115.856,49626.074,833.168
Inverter_XW:12,2026-05-09 10:00:00,1033.865,2115.856,49628.12,833.168
Inverter_XW:12,2026-05-09 11:00:00,1033.865,2115.856,49630.71,833.168
Inverter_XW:12,2026-05-09 12:00:00,1033.865,2115.856,49632.477,833.168
Inverter_XW:12,2026-05-09 13:00:00,1033.865,2115.856,49634.055,833.168
Inverter_XW:12,2026-05-09 14:00:00,1033.865,2115.856,49637.11,833.168
Inverter_XW:12,2026-05-09 15:00:00,1033.865,2115.856,49637.77,833.168
Inverter_XW:12,2026-05-09 16:00:00,1033.865,2115.856,49637.817500000005,833.168
Inverter_XW:12,2026-05-09 17:00:00,1033.865,2115.856,49637.855,833.168
Inverter_XW:12,2026-05-09 18:00:00,1033.865,2115.856,49637.886,833.168
Inverter_XW:12,2026-05-09 19:00:00,1033.865,2115.856,49637.93,833.168
Inverter_XW:12,2026-05-09 20:00:00,1033.865,2115.856,49637.953,833.168
Inverter_XW:12,2026-05-09 21:00:00,1033.865,2115.856,49637.997,833.168
Inverter_XW:12,2026-05-09 22:00:00,1033.865,2115.856,49638.043,833.168
Inverter_XW:12,2026-05-09 23:00:00,1033.865,2115.856,49638.082,833.168
Inverter_XW:12,2026-05-10 00:00:00,1033.865,2115.856,49638.12,833.168
Inverter_XW:12,2026-05-10 02:00:00,1033.865,2115.856,49638.184,833.168
Inverter_XW:12,2026-05-10 04:00:00,1033.865,2115.856,49638.28,833.168
Inverter_XW:12,2026-05-10 06:00:00,1033.865,2116.3862777777777,49638.921777777774,833.168
Inverter_XW:12,2026-05-10 07:00:00,1033.865,2118.033342105263,49640.70594736842,833.168
Inverter_XW:12,2026-05-10 08:00:00,1033.865,2118.749,49641.509,833.168
Inverter_XW:12,2026-05-10 09:00:00,1033.865,2118.749,49641.547,833.168
Inverter_XW:12,2026-05-10 10:00:00,1033.865,2118.749,49641.58,833.168
Inverter_XW:12,2026-05-10 11:00:00,1033.865,2118.749,49641.613,833.168
Inverter_XW:12,2026-05-10 12:00:00,1033.865,2118.749,49641.652,833.168
Inverter_XW:12,2026-05-10 13:00:00,1033.865,2118.749,49641.695,833.168
Inverter_XW:12,2026-05-10 14:00:00,1033.865,2118.749,49641.758,833.168
Inverter_XW:12,2026-05-10 16:00:00,1033.865,2118.749,49641.82,833.168
Inverter_XW:12,2026-05-10 18:00:00,1033.865,2118.749,49641.902,833.168
Inverter_XW:12,2026-05-10 21:00:00,1033.865,2118.749,49641.992,833.168
Inverter_XW:12,2026-05-11 00:00:00,1033.865,2118.749,49642.105,833.168
Inverter_XW:12,2026-05-11 02:00:00,1033.865,2118.749,49642.215,833.168
Inverter_XW:12,2026-05-11 06:00:00,1033.865,2118.749,49642.36,833.168
Inverter_XW:12,2026-05-11 10:00:00,1033.865,2118.749,49652.547,833.168
Inverter_XW:12,2026-05-11 16:00:00,1033.865,2118.749,49668.4,833.168
Inverter_XW:12,2026-05-11 20:00:00,1033.865,2118.749,49675.723,833.168
Inverter_XW:12,2026-05-12 02:00:00,1033.865,2118.749,49675.953,833.168
Inverter_XW:12,2026-05-12 06:00:00,1033.865,2118.749,49676.133,833.168
Inverter_XW:12,2026-05-12 12:00:00,1033.865,2118.749,49691.758,833.168
Inverter_XW:12,2026-05-12 17:00:00,1033.865,2118.749,49706.176,833.168
Inverter_XW:12,2026-05-12 23:00:00,1033.865,2118.749,49709.23,833.168
Inverter_XW:12,2026-05-13 04:00:00,1033.865,2118.749,49709.43,833.168
Inverter_XW:12,2026-05-13 10:00:00,1033.865,2118.749,49719.87,833.168
Inverter_XW:12,2026-05-13 15:00:00,1033.865,2118.749,49733.28,833.168
Inverter_XW:12,2026-05-13 18:00:00,1033.865,2118.749,49740.66,833.168
Inverter_XW:12,2026-05-13 20:00:00,1033.865,2118.749,49745.348,833.168
Inverter_XW:12,2026-05-13 21:00:00,1033.865,2118.749,49749.36,833.168
Inverter_XW:12,2026-05-13 22:00:00,1033.8676666666668,2118.7843333333335,49752.44266666667,833.168
Inverter_XW:12,2026-05-13 23:00:00,1033.869,2119.8494864864865,49754.918351351356,833.168
Inverter_XW:12,2026-05-14 00:00:00,1033.869,2120.448,49758.2905,833.168
Inverter_XW:12,2026-05-14 01:00:00,1033.869,2120.448,49761.23,833.168
Inverter_XW:12,2026-05-14 02:00:00,1033.869,2120.448,49763.07,833.168
Inverter_XW:12,2026-05-14 03:00:00,1033.869,2120.448,49765.58,833.168
Inverter_XW:12,2026-05-14 04:00:00,1033.869,2120.448,49768.273,833.168
Inverter_XW:12,2026-05-14 05:00:00,1033.869,2120.448,49771.07,833.168
Inverter_XW:12,2026-05-14 06:00:00,1033.869,2120.448,49774.473,833.168
Inverter_XW:12,2026-05-14 08:00:00,1033.869,2120.448,49779.234,833.168
Inverter_XW:12,2026-05-14 09:00:00,1033.869,2120.448,49784.62,833.168
Inverter_XW:12,2026-05-14 12:00:00,1033.869,2120.448,49791.605,833.168
Inverter_XW:12,2026-05-14 14:00:00,1033.869,2120.448,49799.22,833.168
Inverter_XW:12,2026-05-14 17:00:00,1033.869,2120.448,49807.832,833.168
Inverter_XW:12,2026-05-14 21:00:00,1033.869,2120.448,49817.617,833.168
Inverter_XW:12,2026-05-15 00:00:00,1033.869,2120.448,49827.75,833.168
Inverter_XW:12,2026-05-15 01:00:00,1033.873,2120.7883076923076,49830.871692307686,833.1679999999999
Inverter_XW:12,2026-05-15 02:00:00,1033.873,2121.5484615384617,49833.012807692314,833.1679999999999
Inverter_XW:12,2026-05-15 03:00:00,1033.873,2121.742,49836.355,833.168
Inverter_XW:12,2026-05-15 04:00:00,1033.873,2121.742,49839.324,833.168
Inverter_XW:12,2026-05-15 05:00:00,1033.873,2121.742,49842.20766666666,833.168
Inverter_XW:12,2026-05-15 06:00:00,1033.873,2121.742,49844.683999999994,833.168
Inverter_XW:12,2026-05-15 07:00:00,1033.8764666666666,2121.8433333333332,49848.09933333333,833.168
Inverter_XW:12,2026-05-15 08:00:00,1033.877,2121.881,49850.0654,833.168
Inverter_XW:12,2026-05-15 09:00:00,1033.877,2121.881,49853.0925,833.168
Inverter_XW:12,2026-05-15 10:00:00,1033.877,2121.881,49855.8285,833.168
Inverter_XW:12,2026-05-15 11:00:00,1033.877,2121.881,49858.797,833.168
Inverter_XW:12,2026-05-15 12:00:00,1033.877,2121.881,49861.6405,833.168
Inverter_XW:12,2026-05-15 13:00:00,1033.877,2121.881,49864.28,833.168
Inverter_XW:12,2026-05-15 14:00:00,1033.877,2121.881,49867.47333333333,833.168
Inverter_XW:12,2026-05-15 15:00:00,1033.877,2121.881,49870.33,833.168
Inverter_XW:12,2026-05-15 16:00:00,1033.877,2121.881,49872.7515,833.168
Inverter_XW:12,2026-05-15 17:00:00,1033.877,2121.881,49875.36,833.168
Inverter_XW:12,2026-05-15 18:00:00,1033.877,2121.881,49878.243,833.168
Inverter_XW:12,2026-05-15 19:00:00,1033.877,2121.881,49881.247,833.168
Inverter_XW:12,2026-05-15 20:00:00,1033.877,2121.881,49884.082,833.168
Inverter_XW:12,2026-05-15 21:00:00,1033.877,2121.881,49885.72,833.168
Inverter_XW:12,2026-05-15 22:00:00,1033.877,2121.881,49885.754,833.168
Inverter_XW:12,2026-05-15 23:00:00,1033.877,2121.881,49885.805,833.168
Inverter_XW:12,2026-05-16 01:00:00,1033.877,2121.881,49885.863,833.168
Inverter_XW:12,2026-05-16 02:00:00,1033.877,2121.881,49885.92,833.168
Inverter_XW:12,2026-05-16 03:00:00,1033.877,2121.881,49885.977,833.168
Inverter_XW:12,2026-05-16 05:00:00,1033.877,2121.881,49886.043,833.168
Inverter_XW:12,2026-05-16 07:00:00,1033.877,2121.881,49886.33,833.168
Inverter_XW:12,2026-05-16 09:00:00,1033.877,2121.881,49890.594,833.168
Inverter_XW:12,2026-05-16 12:00:00,1033.877,2121.881,49896.6,833.168
Inverter_XW:12,2026-05-16 14:00:00,1033.877,2121.881,49902.92,833.168
Inverter_XW:12,2026-05-16 17:00:00,1033.877,2121.881,49903.316,833.168
Inverter_XW:12,2026-05-16 20:00:00,1033.877,2121.881,49903.438,833.168
Inverter_XW:12,2026-05-16 23:00:00,1033.877,2121.881,49903.562,833.168
Inverter_XW:12,2026-05-17 04:00:00,1033.877,2121.881,49903.723,833.168
Inverter_XW:12,2026-05-17 08:00:00,1033.877,2121.881,49903.895,833.168
Inverter_XW:12,2026-05-17 14:00:00,1033.877,2121.881,49904.156,833.168
Inverter_XW:12,2026-05-17 22:00:00,1033.877,2121.881,49904.44,833.168
Inverter_XW:12,2026-05-18 08:00:00,1033.877,2121.881,49904.855,833.168
Inverter_XW:12,2026-05-18 20:00:00,1033.877,2121.881,49905.33,833.168
Inverter_XW:12,2026-05-19 07:00:00,1033.877,2121.881,49907.51,833.168
Inverter_XW:12,2026-05-19 08:00:00,1033.881,2122.6672413793103,49911.14,833.168
Inverter_XW:12,2026-05-19 09:00:00,1033.881,2123.3930526315785,49913.54968421053,833.168
Inverter_XW:12,2026-05-19 10:00:00,1033.881,2123.394,49916.60175,833.168
Inverter_XW:12,2026-05-19 11:00:00,1033.881,2123.394,49919.3145,833.168
Inverter_XW:12,2026-05-19 12:00:00,1033.881,2123.394,49921.6065,833.168
Inverter_XW:12,2026-05-19 13:00:00,1033.881,2123.394,49924.539,833.168
Inverter_XW:12,2026-05-19 14:00:00,1033.881,2123.394,49927.07,833.168
Inverter_XW:12,2026-05-19 15:00:00,1033.881,2123.394,49929.344,833.168
Inverter_XW:12,2026-05-19 16:00:00,1033.881,2123.394,49931.56,833.168
Inverter_XW:12,2026-05-19 17:00:00,1033.881,2123.394,49934.15,833.168
Inverter_XW:12,2026-05-19 18:00:00,1033.881,2123.394,49937.223,833.168
Inverter_XW:12,2026-05-19 19:00:00,1033.881,2123.394,49939.965,833.168
Inverter_XW:12,2026-05-19 21:00:00,1033.881,2123.394,49944.02,833.168
Inverter_XW:12,2026-05-19 22:00:00,1033.881,2123.394,49948.56,833.168
Inverter_XW:12,2026-05-20 00:00:00,1033.881,2123.394,49954.473,833.168
Inverter_XW:12,2026-05-20 02:00:00,1033.881,2123.394,49960.555,833.168
Inverter_XW:12,2026-05-20 04:00:00,1033.881,2123.394,49966.223,833.168
Inverter_XW:12,2026-05-20 07:00:00,1033.881,2123.394,49972.438,833.168
Inverter_XW:12,2026-05-20 09:00:00,1033.881,2123.394,49978.85,833.168
Inverter_XW:12,2026-05-20 12:00:00,1033.881,2123.394,49987.176,833.168
Inverter_XW:12,2026-05-20 15:00:00,1033.881,2123.394,49995.0,833.168
Inverter_XW:12,2026-05-20 18:00:00,1033.881,2123.394,50005.16,833.168
Inverter_XW:12,2026-05-20 21:00:00,1033.881,2123.394,50013.66,833.168
Inverter_XW:12,2026-05-21 01:00:00,1033.881,2123.394,50024.9,833.168
Inverter_XW:12,2026-05-21 05:00:00,1033.881,2123.394,50035.777,833.168
Inverter_XW:12,2026-05-21 08:00:00,1033.885,2123.4446666666668,50045.43433333334,833.168
Inverter_XW:12,2026-05-21 09:00:00,1033.885,2124.2147999999997,50047.4762,833.168
Inverter_XW:12,2026-05-21 10:00:00,1033.885,2124.584,50051.081999999995,833.168
Inverter_XW:12,2026-05-21 11:00:00,1033.885,2124.584,50054.29,833.168
Inverter_XW:12,2026-05-21 12:00:00,1033.885,2124.584,50057.348,833.168
Inverter_XW:12,2026-05-21 14:00:00,1033.885,2124.584,50061.176,833.168
Inverter_XW:12,2026-05-21 15:00:00,1033.885,2124.584,50064.914,833.168
Inverter_XW:12,2026-05-21 16:00:00,1033.885,2124.584,50068.684,833.168
Inverter_XW:12,2026-05-21 17:00:00,1033.885,2124.584,50071.61,833.168
Inverter_XW:12,2026-05-21 18:00:00,1033.885,2124.584,50073.766,833.168
Inverter_XW:12,2026-05-21 19:00:00,1033.890625,2124.657875,50077.025625,833.168
Inverter_XW:12,2026-05-21 20:00:00,1033.891,2124.675,50079.31100000001,833.168
Inverter_XW:12,2026-05-21 21:00:00,1033.891,2124.675,50082.623,833.168
Inverter_XW:12,2026-05-21 22:00:00,1033.891,2124.675,50085.32,833.168
Inverter_XW:12,2026-05-21 23:00:00,1033.891,2124.675,50088.416,833.168
Inverter_XW:12,2026-05-22 00:00:00,1033.891,2124.675,50091.953,833.168
Inverter_XW:12,2026-05-22 01:00:00,1033.891,2124.675,50095.0775,833.168
Inverter_XW:12,2026-05-22 02:00:00,1033.891,2124.675,50097.8615,833.168
Inverter_XW:12,2026-05-22 03:00:00,1033.891,2124.675,50100.488,833.168
Inverter_XW:12,2026-05-22 04:00:00,1033.891,2124.675,50102.9085,833.168
Inverter_XW:12,2026-05-22 05:00:00,1033.891,2124.675,50105.617,833.168
Inverter_XW:12,2026-05-22 06:00:00,1033.891,2124.675,50108.4525,833.168
Inverter_XW:12,2026-05-22 07:00:00,1033.891,2124.675,50110.976500000004,833.168
Inverter_XW:12,2026-05-22 08:00:00,1033.891,2124.675,50113.673,833.168
Inverter_XW:12,2026-05-22 09:00:00,1033.891,2124.675,50116.8845,833.168
Inverter_XW:12,2026-05-22 10:00:00,1033.891,2124.675,50119.61,833.168
Inverter_XW:12,2026-05-22 11:00:00,1033.891,2124.675,50122.493,833.168
Inverter_XW:12,2026-05-22 12:00:00,1033.891,2124.675,50125.953,833.168
Inverter_XW:12,2026-05-22 13:00:00,1033.891,2124.675,50128.39,833.168
Inverter_XW:12,2026-05-22 14:00:00,1033.891,2124.675,50131.176,833.168
Inverter_XW:12,2026-05-22 15:00:00,1033.891,2124.675,50134.297,833.168
Inverter_XW:12,2026-05-22 17:00:00,1033.891,2124.675,50138.324,833.168
Inverter_XW:12,2026-05-22 18:00:00,1033.891,2124.675,50142.414,833.168
Inverter_XW:12,2026-05-22 20:00:00,1033.894,2124.9628333333335,50147.607375,833.168
Inverter_XW:12,2026-05-22 21:00:00,1033.894,2125.061,50150.86466666666,833.168
Inverter_XW:12,2026-05-22 22:00:00,1033.894,2125.061,50153.32,833.168
Inverter_XW:12,2026-05-22 23:00:00,1033.894,2125.061,50156.28666666666,833.168
Inverter_XW:12,2026-05-23 00:00:00,1033.894,2125.061,50159.05,833.168
Inverter_XW:12,2026-05-23 01:00:00,1033.894,2125.061,50159.53866666667,833.168
Inverter_XW:12,2026-05-23 02:00:00,1033.894,2125.061,50159.61233333333,833.168
Inverter_XW:12,2026-05-23 03:00:00,1033.894,2125.061,50159.68233333334,833.168
Inverter_XW:12,2026-05-23 04:00:00,1033.894,2125.061,50159.7405,833.168
Inverter_XW:12,2026-05-23 05:00:00,1033.894,2125.061,50159.80033333334,833.168
Inverter_XW:12,2026-05-23 06:00:00,1033.894,2125.061,50159.922,833.168
Inverter_XW:12,2026-05-23 07:00:00,1033.894,2125.061,50161.185,833.168
Inverter_XW:12,2026-05-23 08:00:00,1033.894,2125.061,50163.5515,833.168
Inverter_XW:12,2026-05-23 09:00:00,1033.894,2125.061,50166.227,833.168
Inverter_XW:12,2026-05-23 10:00:00,1033.894,2125.061,50168.65,833.168
Inverter_XW:12,2026-05-23 11:00:00,1033.894,2125.061,50171.182,833.168
Inverter_XW:12,2026-05-23 12:00:00,1033.894,2125.061,50173.31,833.168
Inverter_XW:12,2026-05-23 13:00:00,1033.894,2125.061,50174.934,833.168
Inverter_XW:12,2026-05-23 14:00:00,1033.894,2125.061,50176.453,833.168
Inverter_XW:12,2026-05-23 16:00:00,1033.894,2125.061,50176.902,833.168
Inverter_XW:12,2026-05-23 17:00:00,1033.894,2125.061,50176.957,833.168
Inverter_XW:12,2026-05-23 19:00:00,1033.894,2125.061,50177.027,833.168
Inverter_XW:12,2026-05-23 21:00:00,1033.894,2125.061,50177.105,833.168
Inverter_XW:12,2026-05-23 23:00:00,1033.894,2125.061,50177.2,833.168
Inverter_XW:12,2026-05-24 02:00:00,1033.894,2125.061,50177.293,833.168
Inverter_XW:12,2026-05-24 05:00:00,1033.894,2125.061,50177.406,833.168
Inverter_XW:12,2026-05-24 07:00:00,1033.894,2125.061,50177.504,833.168
Inverter_XW:12,2026-05-24 11:00:00,1033.894,2125.061,50177.68,833.168
Inverter_XW:12,2026-05-24 17:00:00,1033.894,2125.061,50177.887,833.168
Inverter_XW:12,2026-05-24 22:00:00,1033.894,2125.061,50178.117,833.168
Inverter_XW:12,2026-05-25 05:00:00,1033.894,2125.061,50178.37,833.168
Inverter_XW:12,2026-05-25 17:00:00,1033.894,2125.061,50205.93,833.168
Inverter_XW:12,2026-05-26 04:00:00,1033.894,2125.061,50234.836,833.168
Inverter_XW:12,2026-05-26 16:00:00,1033.894,2125.061,50266.48,833.168
Inverter_XW:12,2026-05-27 04:00:00,1033.894,2125.061,50297.203,833.168
Inverter_XW:12,2026-05-27 18:00:00,1033.894,2125.061,50336.707,833.168
Inverter_XW:12,2026-05-28 03:00:00,1033.894,2125.061,50339.336,833.168
Inverter_XW:12,2026-05-28 13:00:00,1033.8977777777777,2125.503277777778,50357.94233333334,833.168
Inverter_XW:12,2026-05-28 14:00:00,1033.898,2126.5237916666665,50360.488875,833.168
Inverter_XW:12,2026-05-28 15:00:00,1033.898,2126.716,50364.0335,833.168
Inverter_XW:12,2026-05-28 16:00:00,1033.898,2126.716,50366.64,833.168
Inverter_XW:12,2026-05-28 17:00:00,1033.898,2126.716,50369.137,833.168
Inverter_XW:12,2026-05-28 18:00:00,1033.898,2126.716,50372.137,833.168
Inverter_XW:12,2026-05-28 19:00:00,1033.898,2126.716,50373.5,833.168
Inverter_XW:12,2026-05-28 20:00:00,1033.898,2126.716,50373.527,833.168
Inverter_XW:12,2026-05-28 22:00:00,1033.898,2126.716,50373.56,833.168
Inverter_XW:12,2026-05-28 23:00:00,1033.898,2126.716,50373.59,833.168
Inverter_XW:12,2026-05-29 01:00:00,1033.898,2126.716,50373.637,833.168
Inverter_XW:12,2026-05-29 03:00:00,1033.898,2126.716,50373.68,833.168
Inverter_XW:12,2026-05-29 06:00:00,1033.898,2126.716,50373.91,833.168
Inverter_XW:12,2026-05-29 08:00:00,1033.898,2126.716,50380.6,833.168
Inverter_XW:12,2026-05-29 11:00:00,1033.898,2126.716,50388.242,833.168
Inverter_XW:12,2026-05-29 14:00:00,1033.898,2126.716,50396.574,833.168
Inverter_XW:12,2026-05-29 17:00:00,1033.902,2127.465472222222,50405.59922222222,833.168
Inverter_XW:12,2026-05-29 18:00:00,1033.902,2127.935,50408.232333333326,833.168
Inverter_XW:12,2026-05-29 19:00:00,1033.902,2127.935,50410.92,833.168
Inverter_XW:12,2026-05-29 20:00:00,1033.902,2127.935,50412.992,833.168
Inverter_XW:12,2026-05-29 21:00:00,1033.902,2127.935,50413.016,833.168
Inverter_XW:12,2026-05-29 22:00:00,1033.902,2127.935,50413.04,833.168
Inverter_XW:12,2026-05-29 23:00:00,1033.902,2127.935,50413.062,833.168
Inverter_XW:12,2026-05-30 00:00:00,1033.902,2127.935,50413.082,833.168
Inverter_XW:12,2026-05-30 01:00:00,1033.902,2127.935,50413.104,833.168
Inverter_XW:12,2026-05-30 02:00:00,1033.902,2127.935,50413.128500000006,833.168
Inverter_XW:12,2026-05-30 03:00:00,1033.902,2127.935,50413.1505,833.168
Inverter_XW:12,2026-05-30 04:00:00,1033.902,2127.935,50413.17,833.168
Inverter_XW:12,2026-05-30 05:00:00,1033.902,2127.935,50413.19133333333,833.168
Inverter_XW:12,2026-05-30 06:00:00,1033.902,2127.935,50413.2285,833.168
Inverter_XW:12,2026-05-30 07:00:00,1033.902,2127.935,50413.9165,833.168
Inverter_XW:12,2026-05-30 08:00:00,1033.902,2127.935,50415.48933333333,833.168
Inverter_XW:12,2026-05-30 09:00:00,1033.902,2127.935,50418.1075,833.168
Inverter_XW:12,2026-05-30 10:00:00,1033.902,2127.935,50419.76,833.168
Inverter_XW:12,2026-05-30 11:00:00,1033.902,2127.935,50422.009999999995,833.168
Inverter_XW:12,2026-05-30 12:00:00,1033.902,2127.935,50425.117,833.168
Inverter_XW:12,2026-05-30 13:00:00,1033.902,2127.935,50427.855,833.168
Inverter_XW:12,2026-05-30 14:00:00,1033.902,2127.935,50429.656,833.168
Inverter_XW:12,2026-05-30 15:00:00,1033.902,2127.935,50429.67,833.168
Inverter_XW:12,2026-05-30 16:00:00,1033.902,2127.935,50429.69,833.168
Inverter_XW:12,2026-05-30 17:00:00,1033.902,2127.935,50429.72,833.168
Inverter_XW:12,2026-05-30 19:00:00,1033.902,2127.935,50429.746,833.168
Inverter_XW:12,2026-05-30 20:00:00,1033.902,2127.935,50429.777,833.168
Inverter_XW:12,2026-05-30 22:00:00,1033.902,2127.935,50429.812,833.168
Inverter_XW:12,2026-05-31 00:00:00,1033.902,2127.935,50429.85,833.168
Inverter_XW:12,2026-05-31 02:00:00,1033.902,2127.935,50429.9,833.168
Inverter_XW:12,2026-05-31 04:00:00,1033.902,2127.935,50429.95,833.168
Inverter_XW:12,2026-05-31 06:00:00,1033.902,2127.935,50429.996,833.168
Inverter_XW:12,2026-05-31 09:00:00,1033.902,2127.935,50430.07,833.168
Inverter_XW:12,2026-05-31 13:00:00,1033.902,2127.935,50430.145,833.168
Inverter_XW:12,2026-05-31 17:00:00,1033.902,2127.935,50430.23,833.168
Inverter_XW:12,2026-05-31 22:00:00,1033.902,2127.935,50430.336,833.168
Inverter_XW:12,2026-06-01 04:00:00,1033.902,2127.935,50430.46,833.168
Inverter_XW:12,2026-06-01 05:00:00,1033.902,2127.935,50430.484,833.168
Inverter_XW:12,2026-06-01 12:00:00,1033.902,2127.935,50446.574,833.168
Inverter_XW:12,2026-06-01 23:00:00,1033.902,2127.935,50462.61,833.168
Inverter_XW:12,2026-06-02 09:00:00,1033.902,2127.935,50468.195,833.168
Inverter_XW:12,2026-06-02 22:00:00,1033.902,2127.935,50494.168,833.168
Inverter_XW:12,2026-06-03 09:00:00,1033.902,2127.935,50499.99,833.168
Inverter_XW:12,2026-06-03 20:00:00,1033.902,2127.935,50524.195,833.168
Inverter_XW:12,2026-06-04 05:00:00,1033.902,2127.935,50524.39,833.168
Inverter_XW:12,2026-06-04 14:00:00,1033.902,2127.935,50542.91,833.168
Inverter_XW:12,2026-06-04 18:00:00,1033.902,2127.935,50552.555,833.168
Inverter_XW:12,2026-06-04 21:00:00,1033.902,2127.935,50556.35,833.168
Inverter_XW:12,2026-06-04 22:00:00,1033.902,2127.935,50556.387,833.168
Inverter_XW:12,2026-06-05 00:00:00,1033.902,2127.935,50556.414,833.168
Inverter_XW:12,2026-06-05 01:00:00,1033.902,2127.935,50556.438,833.168
Inverter_XW:12,2026-06-05 02:00:00,1033.902,2127.935,50556.46,833.168
Inverter_XW:12,2026-06-05 03:00:00,1033.902,2127.935,50556.48,833.168
Inverter_XW:12,2026-06-05 04:00:00,1033.902,2127.935,50556.509999999995,833.168
Inverter_XW:12,2026-06-05 05:00:00,1033.902,2127.935,50556.535,833.168
Inverter_XW:12,2026-06-05 06:00:00,1033.902,2127.935,50558.824,833.168
Inverter_XW:12,2026-06-05 07:00:00,1033.902,2127.935,50561.8,833.168
Inverter_XW:12,2026-06-05 08:00:00,1033.902,2127.935,50564.684,833.168
Inverter_XW:12,2026-06-05 10:00:00,1033.902,2127.935,50567.66,833.168
Inverter_XW:12,2026-06-05 11:00:00,1033.902,2127.935,50571.066,833.168
Inverter_XW:12,2026-06-05 12:00:00,1033.902,2127.935,50574.684,833.168
Inverter_XW:12,2026-06-05 13:00:00,1033.902,2127.935,50578.145,833.168
Inverter_XW:12,2026-06-05 15:00:00,1033.902,2127.935,50581.56,833.168
Inverter_XW:12,2026-06-05 16:00:00,1033.902,2127.935,50585.332,833.168
Inverter_XW:12,2026-06-05 17:00:00,1033.902,2127.935,50588.83,833.168
Inverter_XW:12,2026-06-05 18:00:00,1033.906,2128.983794117647,50591.34326470589,833.168
Inverter_XW:12,2026-06-05 19:00:00,1033.906,2129.837,50592.402125,833.168
Inverter_XW:12,2026-06-05 20:00:00,1033.906,2129.837,50592.426,833.168
Inverter_XW:12,2026-06-05 21:00:00,1033.906,2129.837,50592.455,833.168
Inverter_XW:13,2026-01-30 19:00:00,1471.017,1984.046,39758.605,703.271
Inverter_XW:13,2026-01-30 20:00:00,1471.017,1984.046,39760.49,703.271
Inverter_XW:13,2026-01-30 21:00:00,1471.017,1984.046,39761.508,703.271
Inverter_XW:13,2026-01-30 22:00:00,1471.017,1984.046,39761.633,703.271
Inverter_XW:13,2026-01-31 00:00:00,1471.017,1984.046,39761.77,703.271
Inverter_XW:13,2026-01-31 01:00:00,1471.017,1984.046,39761.9,703.271
Inverter_XW:13,2026-01-31 02:00:00,1471.017,1984.046,39762.043,703.271
Inverter_XW:13,2026-01-31 03:00:00,1471.017,1984.046,39762.164,703.271
Inverter_XW:13,2026-01-31 04:00:00,1471.017,1984.046,39762.316,703.271
Inverter_XW:13,2026-01-31 05:00:00,1471.017,1984.046,39762.438,703.271
Inverter_XW:13,2026-01-31 06:00:00,1471.017,1984.046,39762.562,703.271
Inverter_XW:13,2026-01-31 08:00:00,1471.017,1984.046,39763.465,703.271
Inverter_XW:13,2026-01-31 09:00:00,1471.017,1984.046,39765.91,703.271
Inverter_XW:13,2026-01-31 10:00:00,1471.017,1984.046,39768.1,703.271
Inverter_XW:13,2026-01-31 11:00:00,1471.017,1984.046,39770.996,703.271
Inverter_XW:13,2026-01-31 13:00:00,1471.017,1984.046,39772.98,703.271
Inverter_XW:13,2026-01-31 14:00:00,1471.017,1984.046,39774.766,703.271
Inverter_XW:13,2026-01-31 15:00:00,1471.017,1984.046,39776.758,703.271
Inverter_XW:13,2026-01-31 17:00:00,1471.017,1984.046,39778.844,703.271
Inverter_XW:13,2026-01-31 18:00:00,1471.017,1984.046,39780.232,703.271
Inverter_XW:13,2026-01-31 20:00:00,1471.017,1984.046,39781.39,703.271
Inverter_XW:13,2026-01-31 21:00:00,1471.017,1984.046,39781.547,703.271
Inverter_XW:13,2026-01-31 23:00:00,1471.017,1984.046,39781.73,703.271
Inverter_XW:13,2026-02-01 01:00:00,1471.017,1984.046,39781.883,703.271
Inverter_XW:13,2026-02-01 02:00:00,1471.017,1984.046,39782.047,703.271
Inverter_XW:13,2026-02-01 04:00:00,1471.017,1984.046,39782.184,703.271
Inverter_XW:13,2026-02-01 05:00:00,1471.017,1984.046,39782.34,703.271
Inverter_XW:13,2026-02-01 06:00:00,1471.017,1984.046,39782.47,703.271
Inverter_XW:13,2026-02-01 08:00:00,1471.017,1984.046,39782.625,703.271
Inverter_XW:13,2026-02-01 09:00:00,1471.017,1984.046,39782.758,703.271
Inverter_XW:13,2026-02-01 10:00:00,1471.017,1984.046,39782.89,703.271
Inverter_XW:13,2026-02-01 11:00:00,1471.017,1984.046,39783.004,703.271
Inverter_XW:13,2026-02-01 12:00:00,1471.017,1984.046,39783.09,703.271
Inverter_XW:13,2026-02-01 13:00:00,1471.017,1984.046,39783.2,703.271
Inverter_XW:13,2026-02-01 14:00:00,1471.017,1984.046,39783.293,703.271
Inverter_XW:13,2026-02-01 15:00:00,1471.017,1984.046,39783.383,703.271
Inverter_XW:13,2026-02-01 16:00:00,1471.017,1984.046,39783.492,703.271
Inverter_XW:13,2026-02-01 17:00:00,1471.017,1984.046,39783.58,703.271
Inverter_XW:13,2026-02-01 18:00:00,1471.017,1984.046,39783.712,703.271
Inverter_XW:13,2026-02-01 19:00:00,1471.017,1984.046,39783.848,703.271
Inverter_XW:13,2026-02-01 20:00:00,1471.017,1984.046,39783.938,703.271
Inverter_XW:13,2026-02-01 21:00:00,1471.017,1984.046,39784.02,703.271
Inverter_XW:13,2026-02-01 22:00:00,1471.017,1984.046,39784.105,703.271
Inverter_XW:13,2026-02-01 23:00:00,1471.017,1984.046,39784.2515,703.271
Inverter_XW:13,2026-02-02 00:00:00,1471.017,1984.046,39784.387,703.271
Inverter_XW:13,2026-02-02 01:00:00,1471.017,1984.046,39784.492,703.271
Inverter_XW:13,2026-02-02 02:00:00,1471.017,1984.046,39784.59,703.271
Inverter_XW:13,2026-02-02 03:00:00,1471.017,1984.046,39784.676,703.271
Inverter_XW:13,2026-02-02 04:00:00,1471.017,1984.046,39784.78,703.271
Inverter_XW:13,2026-02-02 05:00:00,1471.017,1984.046,39784.867,703.271
Inverter_XW:13,2026-02-02 06:00:00,1471.017,1984.046,39784.96,703.271
Inverter_XW:13,2026-02-02 07:00:00,1471.017,1984.046,39786.105,703.271
Inverter_XW:13,2026-02-02 08:00:00,1471.017,1984.046,39788.035,703.271
Inverter_XW:13,2026-02-02 09:00:00,1471.017,1984.046,39789.598,703.271
Inverter_XW:13,2026-02-02 10:00:00,1471.017,1984.046,39792.352,703.271
Inverter_XW:13,2026-02-02 11:00:00,1471.017,1984.046,39794.81,703.271
Inverter_XW:13,2026-02-02 12:00:00,1471.017,1984.046,39796.816,703.271
Inverter_XW:13,2026-02-02 13:00:00,1471.017,1984.046,39799.176,703.271
Inverter_XW:13,2026-02-02 14:00:00,1471.0209999999997,1984.7166296296298,39802.82,703.271
Inverter_XW:13,2026-02-02 15:00:00,1471.021,1986.3539285714287,39806.78628571428,703.271
Inverter_XW:13,2026-02-02 16:00:00,1471.021,1986.928,39809.549333333336,703.2710000000001
Inverter_XW:13,2026-02-02 17:00:00,1471.021,1986.928,39811.797,703.271
Inverter_XW:13,2026-02-02 18:00:00,1471.021,1986.928,39814.074,703.271
Inverter_XW:13,2026-02-02 19:00:00,1471.021,1986.928,39815.59,703.271
Inverter_XW:13,2026-02-02 20:00:00,1471.021,1986.928,39815.676,703.271
Inverter_XW:13,2026-02-02 22:00:00,1471.021,1986.928,39815.805,703.271
Inverter_XW:13,2026-02-02 23:00:00,1471.021,1986.928,39815.92,703.271
Inverter_XW:13,2026-02-03 00:00:00,1471.021,1986.928,39816.047,703.271
Inverter_XW:13,2026-02-03 02:00:00,1471.021,1986.928,39816.188,703.271
Inverter_XW:13,2026-02-03 05:00:00,1471.021,1986.928,39816.414,703.271
Inverter_XW:13,2026-02-03 06:00:00,1471.021,1986.928,39817.27,703.271
Inverter_XW:13,2026-02-03 09:00:00,1471.021,1986.928,39823.633,703.271
Inverter_XW:13,2026-02-03 12:00:00,1471.021,1986.928,39829.44,703.271
Inverter_XW:13,2026-02-03 16:00:00,1471.021,1986.928,39837.715,703.271
Inverter_XW:13,2026-02-03 19:00:00,1471.021,1986.928,39843.27,703.271
Inverter_XW:13,2026-02-03 23:00:00,1471.021,1986.928,39843.47,703.271
Inverter_XW:13,2026-02-04 03:00:00,1471.021,1986.928,39843.684,703.271
Inverter_XW:13,2026-02-04 08:00:00,1471.021,1986.928,39847.746,703.271
Inverter_XW:13,2026-02-04 12:00:00,1471.021,1986.928,39856.113,703.271
Inverter_XW:13,2026-02-04 18:00:00,1471.021,1986.928,39870.582,703.271
Inverter_XW:13,2026-02-04 19:00:00,1471.021,1986.928,39872.0115,703.271
Inverter_XW:13,2026-02-05 00:00:00,1471.021,1986.928,39872.656,703.271
Inverter_XW:13,2026-02-05 07:00:00,1471.021,1986.928,39875.605,703.271
Inverter_XW:13,2026-02-05 13:00:00,1471.025,1987.712138888889,39891.31363888889,703.271
Inverter_XW:13,2026-02-05 14:00:00,1471.0250000000003,1988.2429999999997,39893.74491666667,703.2710000000001
Inverter_XW:13,2026-02-05 15:00:00,1471.0250000000003,1988.2429999999997,39896.50866666667,703.2710000000001
Inverter_XW:13,2026-02-05 16:00:00,1471.025,1988.243,39899.08,703.271
Inverter_XW:13,2026-02-05 17:00:00,1471.025,1988.243,39901.074,703.271
Inverter_XW:13,2026-02-05 18:00:00,1471.025,1988.243,39902.984,703.271
Inverter_XW:13,2026-02-05 19:00:00,1471.025,1988.243,39904.52,703.271
Inverter_XW:13,2026-02-05 20:00:00,1471.025,1988.243,39905.332,703.271
Inverter_XW:13,2026-02-05 21:00:00,1471.025,1988.243,39905.418,703.271
Inverter_XW:13,2026-02-05 22:00:00,1471.025,1988.243,39905.52,703.271
Inverter_XW:13,2026-02-06 00:00:00,1471.025,1988.243,39905.633,703.271
Inverter_XW:13,2026-02-06 01:00:00,1471.025,1988.243,39905.770000000004,703.271
Inverter_XW:13,2026-02-06 03:00:00,1471.025,1988.243,39905.88,703.271
Inverter_XW:13,2026-02-06 04:00:00,1471.026,1988.5588333333335,39906.413611111115,703.271
Inverter_XW:13,2026-02-06 05:00:00,1471.026,1989.0076111111111,39907.02766666667,703.271
Inverter_XW:13,2026-02-06 06:00:00,1471.026,1989.071,39907.84,703.271
Inverter_XW:13,2026-02-06 12:00:00,1471.026,1989.071,39920.8,703.271
Inverter_XW:13,2026-02-06 13:00:00,1471.026,1989.071,39922.777,703.271
Inverter_XW:13,2026-02-06 15:00:00,1471.026,1989.071,39927.56,703.271
Inverter_XW:13,2026-02-06 16:00:00,1471.026,1989.071,39930.85,703.271
Inverter_XW:13,2026-02-06 18:00:00,1471.026,1989.071,39934.105,703.271
Inverter_XW:13,2026-02-06 19:00:00,1471.026,1989.071,39935.992,703.271
Inverter_XW:13,2026-02-06 20:00:00,1471.026,1989.071,39936.67,703.271
Inverter_XW:13,2026-02-06 21:00:00,1471.026,1989.071,39936.758,703.271
Inverter_XW:13,2026-02-06 22:00:00,1471.026,1989.071,39936.873,703.271
Inverter_XW:13,2026-02-06 23:00:00,1471.026,1989.071,39936.9985,703.271
Inverter_XW:13,2026-02-07 00:00:00,1471.026,1989.071,39937.1115,703.271
Inverter_XW:13,2026-02-07 01:00:00,1471.026,1989.071,39937.210999999996,703.271
Inverter_XW:13,2026-02-07 02:00:00,1471.026,1989.071,39937.3085,703.271
Inverter_XW:13,2026-02-07 03:00:00,1471.026,1989.071,39937.3925,703.271
Inverter_XW:13,2026-02-07 04:00:00,1471.026,1989.071,39937.503666666664,703.2710000000001
Inverter_XW:13,2026-02-07 05:00:00,1471.026,1989.071,39937.6195,703.271
Inverter_XW:13,2026-02-07 06:00:00,1471.026,1989.071,39937.726500000004,703.271
Inverter_XW:13,2026-02-07 07:00:00,1471.026,1989.071,39938.0475,703.271
Inverter_XW:13,2026-02-07 08:00:00,1471.026,1989.071,39939.58,703.271
Inverter_XW:13,2026-02-07 09:00:00,1471.026,1989.071,39941.023,703.271
Inverter_XW:13,2026-02-07 10:00:00,1471.026,1989.071,39943.3105,703.271
Inverter_XW:13,2026-02-07 11:00:00,1471.026,1989.071,39946.086,703.271
Inverter_XW:13,2026-02-07 13:00:00,1471.026,1989.071,39946.305,703.271
Inverter_XW:13,2026-02-07 14:00:00,1471.02675,1989.11025,39946.6505,703.271
Inverter_XW:13,2026-02-07 15:00:00,1471.027,1989.3033333333335,39946.939238095234,703.271
Inverter_XW:13,2026-02-07 16:00:00,1471.027,1989.3229999999999,39947.0344,703.271
Inverter_XW:13,2026-02-07 17:00:00,1471.027,1989.323,39947.09175,703.271
Inverter_XW:13,2026-02-07 18:00:00,1471.027,1989.323,39947.145,703.2710000000001
Inverter_XW:13,2026-02-07 19:00:00,1471.027,1989.323,39947.20075,703.271
Inverter_XW:13,2026-02-07 20:00:00,1471.027,1989.323,39947.251000000004,703.271
Inverter_XW:13,2026-02-07 21:00:00,1471.027,1989.323,39947.30300000001,703.2710000000001
Inverter_XW:13,2026-02-07 22:00:00,1471.027,1989.323,39947.369666666666,703.2710000000001
Inverter_XW:13,2026-02-07 23:00:00,1471.027,1989.323,39947.435,703.271
Inverter_XW:13,2026-02-08 00:00:00,1471.027,1989.323,39947.477,703.271
Inverter_XW:13,2026-02-08 01:00:00,1471.027,1989.323,39947.5285,703.271
Inverter_XW:13,2026-02-08 02:00:00,1471.027,1989.323,39947.586,703.271
Inverter_XW:13,2026-02-08 03:00:00,1471.027,1989.323,39947.64,703.271
Inverter_XW:13,2026-02-08 04:00:00,1471.027,1989.323,39947.68,703.271
Inverter_XW:13,2026-02-08 05:00:00,1471.027,1989.323,39947.75,703.271
Inverter_XW:13,2026-02-08 06:00:00,1471.027,1989.323,39947.84,703.271
Inverter_XW:13,2026-02-08 09:00:00,1471.027,1989.323,39947.96,703.271
Inverter_XW:13,2026-02-08 11:00:00,1471.027,1989.323,39948.082,703.271
Inverter_XW:13,2026-02-08 13:00:00,1471.027,1989.323,39948.23,703.271
Inverter_XW:13,2026-02-08 16:00:00,1471.027,1989.323,39948.39,703.271
Inverter_XW:13,2026-02-08 20:00:00,1471.027,1989.323,39948.59,703.271
Inverter_XW:13,2026-02-09 00:00:00,1471.027,1989.323,39948.8,703.271
Inverter_XW:13,2026-02-09 05:00:00,1471.027,1989.323,39949.08,703.271
Inverter_XW:13,2026-02-09 09:00:00,1471.03,1989.494625,39955.429125,703.271
Inverter_XW:13,2026-02-09 10:00:00,1471.03,1990.0565000000001,39957.066857142854,703.271
Inverter_XW:13,2026-02-09 11:00:00,1471.03,1990.242,39959.46,703.271
Inverter_XW:13,2026-02-09 12:00:00,1471.03,1990.242,39961.673500000004,703.271
Inverter_XW:13,2026-02-09 13:00:00,1471.03,1990.242,39964.996,703.271
Inverter_XW:13,2026-02-09 14:00:00,1471.03,1990.242,39967.29,703.271
Inverter_XW:13,2026-02-09 16:00:00,1471.03,1990.242,39969.914,703.271
Inverter_XW:13,2026-02-09 17:00:00,1471.03,1990.242,39973.5125,703.271
Inverter_XW:13,2026-02-09 18:00:00,1471.03,1990.242,39976.008,703.271
Inverter_XW:13,2026-02-09 19:00:00,1471.03,1990.242,39977.2365,703.271
Inverter_XW:13,2026-02-09 20:00:00,1471.03,1990.242,39977.6115,703.271
Inverter_XW:13,2026-02-09 21:00:00,1471.03,1990.242,39977.851500000004,703.271
Inverter_XW:13,2026-02-09 22:00:00,1471.03,1990.242,39978.109,703.2710000000001
Inverter_XW:13,2026-02-09 23:00:00,1471.03,1990.242,39978.3555,703.271
Inverter_XW:13,2026-02-10 00:00:00,1471.03,1990.242,39978.61566666667,703.2710000000001
Inverter_XW:13,2026-02-10 01:00:00,1471.03,1990.242,39978.869,703.271
Inverter_XW:13,2026-02-10 02:00:00,1471.03,1990.242,39979.0995,703.271
Inverter_XW:13,2026-02-10 03:00:00,1471.03,1990.242,39979.338,703.271
Inverter_XW:13,2026-02-10 04:00:00,1471.03,1990.242,39979.609500000006,703.271
Inverter_XW:13,2026-02-10 05:00:00,1471.03,1990.242,39979.91,703.271
Inverter_XW:13,2026-02-10 06:00:00,1471.03,1990.242,39980.17,703.271
Inverter_XW:13,2026-02-10 07:00:00,1471.03,1990.242,39981.57,703.271
Inverter_XW:13,2026-02-10 08:00:00,1471.03,1990.242,39983.24,703.271
Inverter_XW:13,2026-02-10 09:00:00,1471.03,1990.242,39985.34,703.271
Inverter_XW:13,2026-02-10 10:00:00,1471.03,1990.242,39987.61,703.271
Inverter_XW:13,2026-02-10 11:00:00,1471.03,1990.242,39990.605,703.271
Inverter_XW:13,2026-02-10 12:00:00,1471.03,1990.242,39993.22,703.271
Inverter_XW:13,2026-02-10 14:00:00,1471.03,1990.242,39997.04,703.271
Inverter_XW:13,2026-02-10 16:00:00,1471.03,1990.242,40000.652,703.271
Inverter_XW:13,2026-02-10 18:00:00,1471.03,1990.242,40005.36,703.271
Inverter_XW:13,2026-02-10 19:00:00,1471.03,1990.242,40007.33,703.271
Inverter_XW:13,2026-02-10 22:00:00,1471.03,1990.242,40007.812,703.271
Inverter_XW:13,2026-02-11 00:00:00,1471.03,1990.242,40008.316,703.271
Inverter_XW:13,2026-02-11 03:00:00,1471.03,1990.242,40008.96,703.271
Inverter_XW:13,2026-02-11 07:00:00,1471.03,1990.242,40010.54,703.271
Inverter_XW:13,2026-02-11 12:00:00,1471.03,1990.242,40021.375,703.271
Inverter_XW:13,2026-02-11 18:00:00,1471.03,1990.242,40037.48,703.271
Inverter_XW:13,2026-02-12 03:00:00,1471.03,1990.242,40040.598,703.271
Inverter_XW:13,2026-02-12 12:00:00,1471.035,1990.7425416666665,40054.71229166666,703.2710000000001
Inverter_XW:13,2026-02-12 13:00:00,1471.035,1991.3469333333335,40056.6296,703.271
Inverter_XW:13,2026-02-12 14:00:00,1471.035,1991.385,40059.723,703.271
Inverter_XW:13,2026-02-12 15:00:00,1471.035,1991.385,40062.08,703.271
Inverter_XW:13,2026-02-12 16:00:00,1471.035,1991.385,40064.3495,703.271
Inverter_XW:13,2026-02-12 17:00:00,1471.035,1991.385,40067.293000000005,703.271
Inverter_XW:13,2026-02-12 18:00:00,1471.035,1991.385,40069.545,703.271
Inverter_XW:13,2026-02-12 19:00:00,1471.035,1991.385,40070.518,703.271
Inverter_XW:13,2026-02-12 20:00:00,1471.035,1991.385,40070.63433333333,703.2710000000001
Inverter_XW:13,2026-02-12 21:00:00,1471.035,1991.385,40070.763666666666,703.2710000000001
Inverter_XW:13,2026-02-12 22:00:00,1471.035,1991.385,40070.875,703.271
Inverter_XW:13,2026-02-12 23:00:00,1471.035,1991.385,40070.989,703.2710000000001
Inverter_XW:13,2026-02-13 00:00:00,1471.035,1991.385,40071.117,703.271
Inverter_XW:13,2026-02-13 01:00:00,1471.035,1991.385,40071.220499999996,703.271
Inverter_XW:13,2026-02-13 02:00:00,1471.035,1991.385,40071.3425,703.271
Inverter_XW:13,2026-02-13 03:00:00,1471.035,1991.385,40071.45,703.271
Inverter_XW:13,2026-02-13 04:00:00,1471.035,1991.385,40071.57,703.271
Inverter_XW:13,2026-02-13 05:00:00,1471.035,1991.385,40071.703,703.271
Inverter_XW:13,2026-02-13 06:00:00,1471.035,1991.385,40072.684,703.271
Inverter_XW:13,2026-02-13 07:00:00,1471.035,1991.385,40074.72,703.271
Inverter_XW:13,2026-02-13 08:00:00,1471.035,1991.385,40076.66,703.271
Inverter_XW:13,2026-02-13 10:00:00,1471.035,1991.385,40079.223,703.271
Inverter_XW:13,2026-02-13 11:00:00,1471.035,1991.385,40082.31,703.271
Inverter_XW:13,2026-02-13 12:00:00,1471.035,1991.385,40085.5,703.271
Inverter_XW:13,2026-02-13 14:00:00,1471.035,1991.385,40089.65,703.271
Inverter_XW:13,2026-02-13 16:00:00,1471.035,1991.385,40094.8,703.271
Inverter_XW:13,2026-02-13 18:00:00,1471.035,1991.385,40100.3,703.271
Inverter_XW:13,2026-02-13 20:00:00,1471.035,1991.385,40101.203,703.271
Inverter_XW:13,2026-02-13 23:00:00,1471.035,1991.385,40101.508,703.271
Inverter_XW:13,2026-02-14 01:00:00,1471.035,1991.385,40101.84,703.271
Inverter_XW:13,2026-02-14 04:00:00,1471.035,1991.385,40102.266,703.271
Inverter_XW:13,2026-02-14 07:00:00,1471.035,1991.385,40102.684,703.271
Inverter_XW:13,2026-02-14 09:00:00,1471.038,1991.6046363636362,40105.33163636363,703.271
Inverter_XW:13,2026-02-14 10:00:00,1471.0379999999998,1992.13616,40106.55596,703.271
Inverter_XW:13,2026-02-14 11:00:00,1471.038,1992.277,40108.082,703.271
Inverter_XW:13,2026-02-14 12:00:00,1471.038,1992.277,40108.844,703.271
Inverter_XW:13,2026-02-14 13:00:00,1471.038,1992.277,40109.49,703.271
Inverter_XW:13,2026-02-14 14:00:00,1471.038,1992.277,40110.367,703.271
Inverter_XW:13,2026-02-14 15:00:00,1471.041,1992.3590000000002,40110.907636363634,703.271
Inverter_XW:13,2026-02-14 16:00:00,1471.041,1992.359,40111.656,703.271
Inverter_XW:13,2026-02-14 17:00:00,1471.041,1992.359,40112.188,703.271
Inverter_XW:13,2026-02-14 18:00:00,1471.041,1992.359,40112.98,703.271
Inverter_XW:13,2026-02-14 19:00:00,1471.041,1992.359,40113.105,703.271
Inverter_XW:13,2026-02-14 21:00:00,1471.041,1992.359,40113.2,703.271
Inverter_XW:13,2026-02-14 22:00:00,1471.041,1992.359,40113.27,703.271
Inverter_XW:13,2026-02-14 23:00:00,1471.041,1992.359,40113.344,703.271
Inverter_XW:13,2026-02-15 00:00:00,1471.041,1992.359,40113.395,703.271
Inverter_XW:13,2026-02-15 01:00:00,1471.041,1992.359,40113.4645,703.271
Inverter_XW:13,2026-02-15 02:00:00,1471.041,1992.359,40113.5415,703.271
Inverter_XW:13,2026-02-15 03:00:00,1471.041,1992.359,40113.6115,703.271
Inverter_XW:13,2026-02-15 04:00:00,1471.041,1992.359,40113.666,703.271
Inverter_XW:13,2026-02-15 05:00:00,1471.041,1992.4328235294117,40113.80470588236,703.271
Inverter_XW:13,2026-02-15 06:00:00,1471.041,1992.439,40113.8795,703.271
Inverter_XW:13,2026-02-15 07:00:00,1471.041,1992.439,40113.947,703.2710000000001
Inverter_XW:13,2026-02-15 08:00:00,1471.041,1992.439,40114.011,703.2710000000001
Inverter_XW:13,2026-02-15 09:00:00,1471.041,1992.439,40114.08,703.2710000000001
Inverter_XW:13,2026-02-15 10:00:00,1471.041,1992.439,40114.1425,703.271
Inverter_XW:13,2026-02-15 11:00:00,1471.041,1992.439,40114.1935,703.271
Inverter_XW:13,2026-02-15 12:00:00,1471.041,1992.439,40114.26,703.2710000000001
Inverter_XW:13,2026-02-15 13:00:00,1471.041,1992.439,40114.331,703.271
Inverter_XW:13,2026-02-15 14:00:00,1471.041,1992.439,40114.398499999996,703.271
Inverter_XW:13,2026-02-15 15:00:00,1471.041,1992.439,40114.45,703.271
Inverter_XW:13,2026-02-15 16:00:00,1471.041,1992.439,40114.5125,703.271
Inverter_XW:13,2026-02-15 17:00:00,1471.041,1992.439,40114.582,703.271
Inverter_XW:13,2026-02-15 18:00:00,1471.041,1992.439,40114.637,703.271
Inverter_XW:13,2026-02-15 19:00:00,1471.041,1992.439,40114.69,703.271
Inverter_XW:13,2026-02-15 20:00:00,1471.041,1992.439,40114.75,703.271
Inverter_XW:13,2026-02-15 21:00:00,1471.041,1992.439,40114.84,703.271
Inverter_XW:13,2026-02-15 22:00:00,1471.041,1992.439,40114.91,703.271
Inverter_XW:13,2026-02-16 00:00:00,1471.041,1992.439,40115.004,703.271
Inverter_XW:13,2026-02-16 01:00:00,1471.041,1992.439,40115.09,703.271
Inverter_XW:13,2026-02-16 03:00:00,1471.041,1992.439,40115.23,703.271
Inverter_XW:13,2026-02-16 05:00:00,1471.041,1992.439,40115.324,703.271
Inverter_XW:13,2026-02-16 07:00:00,1471.041,1992.439,40117.19,703.271
Inverter_XW:13,2026-02-16 10:00:00,1471.041,1992.439,40121.824,703.271
Inverter_XW:13,2026-02-16 13:00:00,1471.041,1992.439,40128.84,703.271
Inverter_XW:13,2026-02-16 16:00:00,1471.041,1992.439,40137.406,703.271
Inverter_XW:13,2026-02-16 21:00:00,1471.041,1992.439,40143.625,703.271
Inverter_XW:13,2026-02-17 01:00:00,1471.041,1992.439,40146.316,703.271
Inverter_XW:13,2026-02-17 10:00:00,1471.041,1992.439,40155.5,703.271
Inverter_XW:13,2026-02-17 20:00:00,1471.041,1992.439,40175.246,703.271
Inverter_XW:13,2026-02-18 06:00:00,1471.041,1992.439,40176.215,703.271
Inverter_XW:13,2026-02-18 20:00:00,1471.041,1992.439,40204.3,703.271
Inverter_XW:13,2026-02-19 09:00:00,1471.041,1992.439,40210.06,703.271
Inverter_XW:13,2026-02-19 22:00:00,1471.041,1992.439,40230.87,703.271
Inverter_XW:13,2026-02-20 09:00:00,1471.041,1992.439,40239.117,703.271
Inverter_XW:13,2026-02-20 18:00:00,1471.041,1992.439,40258.594,703.271
Inverter_XW:13,2026-02-20 20:00:00,1471.0420000000001,1992.6036666666666,40262.22116666666,703.2710000000001
Inverter_XW:13,2026-02-20 21:00:00,1471.042,1993.53225,40263.52475,703.271
Inverter_XW:13,2026-02-20 22:00:00,1471.0420000000001,1993.942,40264.147666666664,703.2710000000001
Inverter_XW:13,2026-02-20 23:00:00,1471.042,1993.942,40264.2175,703.271
Inverter_XW:13,2026-02-21 00:00:00,1471.042,1993.942,40264.293,703.271
Inverter_XW:13,2026-02-21 01:00:00,1471.042,1993.942,40264.367,703.271
Inverter_XW:13,2026-02-21 02:00:00,1471.042,1993.942,40264.445,703.271
Inverter_XW:13,2026-02-21 04:00:00,1471.042,1993.942,40264.523,703.271
Inverter_XW:13,2026-02-21 05:00:00,1471.042,1993.942,40264.613,703.271
Inverter_XW:13,2026-02-21 07:00:00,1471.042,1993.942,40265.098,703.271
Inverter_XW:13,2026-02-21 09:00:00,1471.042,1993.942,40267.703,703.271
Inverter_XW:13,2026-02-21 11:00:00,1471.042,1993.942,40271.97,703.271
Inverter_XW:13,2026-02-21 13:00:00,1471.042,1993.942,40272.95,703.271
Inverter_XW:13,2026-02-21 16:00:00,1471.042,1993.942,40273.125,703.271
Inverter_XW:13,2026-02-21 19:00:00,1471.042,1993.942,40273.3,703.271
Inverter_XW:13,2026-02-21 22:00:00,1471.042,1993.942,40273.496,703.271
Inverter_XW:13,2026-02-22 01:00:00,1471.042,1993.942,40273.676,703.271
Inverter_XW:13,2026-02-22 05:00:00,1471.042,1993.942,40273.906,703.271
Inverter_XW:13,2026-02-22 08:00:00,1471.042,1993.942,40274.11,703.271
Inverter_XW:13,2026-02-22 12:00:00,1471.042,1993.942,40274.36,703.271
Inverter_XW:13,2026-02-22 16:00:00,1471.042,1993.942,40274.63,703.271
Inverter_XW:13,2026-02-22 21:00:00,1471.042,1993.942,40274.92,703.271
Inverter_XW:13,2026-02-23 02:00:00,1471.042,1993.942,40275.22,703.271
Inverter_XW:13,2026-02-23 08:00:00,1471.042,1993.942,40278.996,703.271
Inverter_XW:13,2026-02-23 15:00:00,1471.042,1993.942,40294.71,703.271
Inverter_XW:13,2026-02-23 23:00:00,1471.042,1993.942,40303.223,703.271
Inverter_XW:13,2026-02-24 06:00:00,1471.042,1993.942,40303.934,703.271
Inverter_XW:13,2026-02-24 14:00:00,1471.042,1993.942,40322.055,703.271
Inverter_XW:13,2026-02-24 20:00:00,1471.042,1993.942,40333.48,703.271
Inverter_XW:13,2026-02-25 01:00:00,1471.042,1993.942,40334.203,703.271
Inverter_XW:13,2026-02-25 04:00:00,1471.042,1993.942,40334.625,703.271
Inverter_XW:13,2026-02-25 05:00:00,1471.042,1993.942,40334.86,703.271
Inverter_XW:13,2026-02-25 07:00:00,1471.042,1993.942,40336.0,703.271
Inverter_XW:13,2026-02-25 08:00:00,1471.042,1993.942,40338.38,703.271
Inverter_XW:13,2026-02-25 09:00:00,1471.042,1993.942,40340.227,703.271
Inverter_XW:13,2026-02-25 10:00:00,1471.042,1993.942,40342.297,703.271
Inverter_XW:13,2026-02-25 11:00:00,1471.042,1993.942,40344.367,703.271
Inverter_XW:13,2026-02-25 12:00:00,1471.042,1993.942,40347.094,703.271
Inverter_XW:13,2026-02-25 13:00:00,1471.042,1993.942,40349.53,703.271
Inverter_XW:13,2026-02-25 14:00:00,1471.042,1993.942,40351.816,703.271
Inverter_XW:13,2026-02-25 15:00:00,1471.042,1993.942,40354.715,703.271
Inverter_XW:13,2026-02-25 16:00:00,1471.042,1993.942,40358.145,703.271
Inverter_XW:13,2026-02-25 17:00:00,1471.042,1993.942,40360.996,703.271
Inverter_XW:13,2026-02-25 19:00:00,1471.042,1993.942,40363.355,703.271
Inverter_XW:13,2026-02-25 20:00:00,1471.042,1993.942,40363.574,703.271
Inverter_XW:13,2026-02-25 21:00:00,1471.042,1993.942,40363.836,703.271
Inverter_XW:13,2026-02-25 22:00:00,1471.042,1993.942,40364.047,703.271
Inverter_XW:13,2026-02-26 00:00:00,1471.042,1993.942,40364.305,703.271
Inverter_XW:13,2026-02-26 01:00:00,1471.042,1993.942,40364.527,703.271
Inverter_XW:13,2026-02-26 02:00:00,1471.042,1993.942,40364.773,703.271
Inverter_XW:13,2026-02-26 03:00:00,1471.042,1993.942,40364.992,703.271
Inverter_XW:13,2026-02-26 05:00:00,1471.042,1993.942,40365.203,703.271
Inverter_XW:13,2026-02-26 06:00:00,1471.042,1993.942,40365.457,703.271
Inverter_XW:13,2026-02-26 07:00:00,1471.042,1993.942,40367.73,703.271
Inverter_XW:13,2026-02-26 09:00:00,1471.042,1993.942,40370.26,703.271
Inverter_XW:13,2026-02-26 10:00:00,1471.042,1993.942,40373.605,703.271
Inverter_XW:13,2026-02-26 12:00:00,1471.042,1993.942,40376.867,703.271
Inverter_XW:13,2026-02-26 13:00:00,1471.042,1993.942,40380.906,703.271
Inverter_XW:13,2026-02-26 15:00:00,1471.042,1993.942,40384.652,703.271
Inverter_XW:13,2026-02-26 17:00:00,1471.042,1993.942,40389.04,703.271
Inverter_XW:13,2026-02-26 18:00:00,1471.042,1993.942,40392.703,703.271
Inverter_XW:13,2026-02-26 20:00:00,1471.042,1993.942,40393.633,703.271
Inverter_XW:13,2026-02-26 22:00:00,1471.042,1993.942,40394.258,703.271
Inverter_XW:13,2026-02-27 00:00:00,1471.042,1993.942,40395.004,703.271
Inverter_XW:13,2026-02-27 02:00:00,1471.042,1993.942,40395.574,703.271
Inverter_XW:13,2026-02-27 03:00:00,1471.042,1993.942,40396.305,703.271
Inverter_XW:13,2026-02-27 05:00:00,1471.042,1993.942,40396.86,703.271
Inverter_XW:13,2026-02-27 07:00:00,1471.042,1993.942,40399.52,703.271
Inverter_XW:13,2026-02-27 08:00:00,1471.042,1993.942,40402.492,703.271
Inverter_XW:13,2026-02-27 09:00:00,1471.042,1993.942,40406.086,703.271
Inverter_XW:13,2026-02-27 10:00:00,1471.042,1993.942,40408.52,703.271
Inverter_XW:13,2026-02-27 12:00:00,1471.042,1993.942,40412.082,703.271
Inverter_XW:13,2026-02-27 13:00:00,1471.042,1993.942,40414.438,703.271
Inverter_XW:13,2026-02-27 14:00:00,1471.042,1993.942,40417.387,703.271
Inverter_XW:13,2026-02-27 15:00:00,1471.042,1993.942,40420.363,703.271
Inverter_XW:13,2026-02-27 16:00:00,1471.042,1993.942,40422.863,703.271
Inverter_XW:13,2026-02-27 17:00:00,1471.042,1993.942,40425.094,703.271
Inverter_XW:13,2026-02-27 18:00:00,1471.042,1993.942,40427.93,703.271
Inverter_XW:13,2026-02-27 19:00:00,1471.042,1993.942,40429.6,703.271
Inverter_XW:13,2026-02-27 20:00:00,1471.042,1993.942,40431.46,703.271
Inverter_XW:13,2026-02-27 21:00:00,1471.042,1993.942,40433.266,703.271
Inverter_XW:13,2026-02-27 22:00:00,1471.042,1993.942,40435.26,703.271
Inverter_XW:13,2026-02-27 23:00:00,1471.042,1993.942,40437.188,703.271
Inverter_XW:13,2026-02-28 00:00:00,1471.042,1993.942,40437.52,703.271
Inverter_XW:13,2026-02-28 01:00:00,1471.042,1993.942,40437.637,703.271
Inverter_XW:13,2026-02-28 02:00:00,1471.042,1993.942,40437.746,703.271
Inverter_XW:13,2026-02-28 03:00:00,1471.042,1993.942,40437.82,703.271
Inverter_XW:13,2026-02-28 04:00:00,1471.042,1993.942,40437.93,703.271
Inverter_XW:13,2026-02-28 06:00:00,1471.042,1993.942,40438.064,703.271
Inverter_XW:13,2026-02-28 07:00:00,1471.042,1993.942,40438.715,703.271
Inverter_XW:13,2026-02-28 09:00:00,1471.042,1993.942,40441.595,703.271
Inverter_XW:13,2026-02-28 10:00:00,1471.042,1993.942,40443.867,703.271
Inverter_XW:13,2026-02-28 11:00:00,1471.042,1993.942,40445.438,703.271
Inverter_XW:13,2026-02-28 12:00:00,1471.042,1993.942,40446.727,703.271
Inverter_XW:13,2026-02-28 13:00:00,1471.042,1993.942,40448.7015,703.271
Inverter_XW:13,2026-02-28 14:00:00,1471.042,1993.942,40450.598,703.271
Inverter_XW:13,2026-02-28 15:00:00,1471.042,1993.942,40451.806500000006,703.271
Inverter_XW:13,2026-02-28 16:00:00,1471.042,1993.942,40451.902,703.271
Inverter_XW:13,2026-02-28 17:00:00,1471.042,1993.942,40451.9975,703.271
Inverter_XW:13,2026-02-28 18:00:00,1471.042,1993.942,40452.098,703.271
Inverter_XW:13,2026-02-28 19:00:00,1471.042,1993.942,40452.164,703.271
Inverter_XW:13,2026-02-28 20:00:00,1471.042,1993.942,40452.25,703.271
Inverter_XW:13,2026-02-28 21:00:00,1471.042,1993.942,40452.33,703.271
Inverter_XW:13,2026-02-28 22:00:00,1471.042,1993.942,40452.426,703.271
Inverter_XW:13,2026-02-28 23:00:00,1471.042,1993.942,40452.535,703.271
Inverter_XW:13,2026-03-01 01:00:00,1471.042,1993.942,40452.7,703.271
Inverter_XW:13,2026-03-01 03:00:00,1471.042,1993.942,40452.926,703.271
Inverter_XW:13,2026-03-01 06:00:00,1471.0426666666665,1993.9669999999999,40453.240666666665,703.2710000000001
Inverter_XW:13,2026-03-01 07:00:00,1471.043,1995.1318636363635,40454.89125,703.271
Inverter_XW:13,2026-03-01 08:00:00,1471.043,1996.2809166666666,40456.51025,703.2710000000001
Inverter_XW:13,2026-03-01 09:00:00,1471.043,1996.286,40456.605500000005,703.271
Inverter_XW:13,2026-03-01 10:00:00,1471.043,1996.286,40456.676,703.271
Inverter_XW:13,2026-03-01 11:00:00,1471.043,1996.286,40456.742,703.271
Inverter_XW:13,2026-03-01 13:00:00,1471.043,1996.286,40456.82,703.271
Inverter_XW:13,2026-03-01 14:00:00,1471.043,1996.286,40456.902,703.271
Inverter_XW:13,2026-03-01 15:00:00,1471.043,1996.286,40456.992,703.271
Inverter_XW:13,2026-03-01 17:00:00,1471.043,1996.286,40457.13,703.271
Inverter_XW:13,2026-03-01 20:00:00,1471.043,1996.286,40457.266,703.271
Inverter_XW:13,2026-03-01 22:00:00,1471.043,1996.286,40457.4,703.271
Inverter_XW:13,2026-03-02 01:00:00,1471.043,1996.286,40457.62,703.271
Inverter_XW:13,2026-03-02 05:00:00,1471.043,1996.286,40457.836,703.271
Inverter_XW:13,2026-03-02 08:00:00,1471.043,1996.286,40461.81,703.271
Inverter_XW:13,2026-03-02 13:00:00,1471.043,1996.286,40471.82,703.271
Inverter_XW:13,2026-03-02 18:00:00,1471.043,1996.286,40482.438,703.271
Inverter_XW:13,2026-03-02 23:00:00,1471.043,1996.286,40485.617,703.271
Inverter_XW:13,2026-03-03 04:00:00,1471.043,1996.286,40486.465,703.271
Inverter_XW:13,2026-03-03 09:00:00,1471.043,1996.286,40493.137,703.271
Inverter_XW:13,2026-03-03 15:00:00,1471.043,1996.286,40505.62,703.271
Inverter_XW:13,2026-03-03 20:00:00,1471.043,1996.286,40514.26,703.271
Inverter_XW:13,2026-03-04 00:00:00,1471.043,1996.286,40515.01,703.271
Inverter_XW:13,2026-03-04 06:00:00,1471.043,1996.286,40515.86,703.271
Inverter_XW:13,2026-03-04 10:00:00,1471.043,1996.286,40524.01,703.271
Inverter_XW:13,2026-03-04 14:00:00,1471.043,1996.286,40532.875,703.271
Inverter_XW:13,2026-03-04 16:00:00,1471.043,1996.286,40537.69,703.271
Inverter_XW:13,2026-03-04 18:00:00,1471.043,1996.286,40541.516,703.271
Inverter_XW:13,2026-03-04 19:00:00,1471.043,1996.286,40543.344,703.271
Inverter_XW:13,2026-03-04 20:00:00,1471.043,1996.286,40543.61,703.271
Inverter_XW:13,2026-03-04 21:00:00,1471.043,1996.286,40543.9415,703.271
Inverter_XW:13,2026-03-04 22:00:00,1471.043,1996.286,40544.246,703.271
Inverter_XW:13,2026-03-04 23:00:00,1471.043,1996.286,40544.508,703.271
Inverter_XW:13,2026-03-05 00:00:00,1471.043,1996.286,40544.715,703.271
Inverter_XW:13,2026-03-05 01:00:00,1471.043,1996.286,40544.97,703.271
Inverter_XW:13,2026-03-05 02:00:00,1471.043,1996.286,40545.207,703.271
Inverter_XW:13,2026-03-05 03:00:00,1471.043,1996.286,40545.5,703.271
Inverter_XW:13,2026-03-05 04:00:00,1471.043,1996.286,40545.754,703.271
Inverter_XW:13,2026-03-05 05:00:00,1471.043,1996.286,40546.0,703.271
Inverter_XW:13,2026-03-05 06:00:00,1471.043,1996.286,40546.266,703.271
Inverter_XW:13,2026-03-05 07:00:00,1471.043,1996.286,40547.645,703.271
Inverter_XW:13,2026-03-05 08:00:00,1471.043,1996.286,40549.832,703.271
Inverter_XW:13,2026-03-05 09:00:00,1471.043,1996.286,40552.23,703.271
Inverter_XW:13,2026-03-05 11:00:00,1471.043,1996.286,40554.83,703.271
Inverter_XW:13,2026-03-05 12:00:00,1471.043,1996.286,40557.746,703.271
Inverter_XW:13,2026-03-05 13:00:00,1471.043,1996.286,40560.504,703.271
Inverter_XW:13,2026-03-05 14:00:00,1471.043,1996.286,40562.914,703.271
Inverter_XW:13,2026-03-05 15:00:00,1471.043,1996.286,40565.887,703.271
Inverter_XW:13,2026-03-05 16:00:00,1471.043,1996.286,40568.91,703.271
Inverter_XW:13,2026-03-05 17:00:00,1471.043,1996.286,40571.297,703.271
Inverter_XW:13,2026-03-05 19:00:00,1471.043,1996.286,40574.254,703.271
Inverter_XW:13,2026-03-05 20:00:00,1471.043,1996.286,40575.285,703.271
Inverter_XW:13,2026-03-05 21:00:00,1471.043,1996.286,40575.46,703.271
Inverter_XW:13,2026-03-05 22:00:00,1471.043,1996.286,40575.65,703.271
Inverter_XW:13,2026-03-06 00:00:00,1471.043,1996.286,40575.83,703.271
Inverter_XW:13,2026-03-06 01:00:00,1471.043,1996.286,40576.008,703.271
Inverter_XW:13,2026-03-06 03:00:00,1471.043,1996.286,40576.2,703.271
Inverter_XW:13,2026-03-06 04:00:00,1471.043,1996.286,40576.406,703.271
Inverter_XW:13,2026-03-06 06:00:00,1471.043,1996.286,40576.734,703.271
Inverter_XW:13,2026-03-06 08:00:00,1471.043,1996.286,40579.87,703.271
Inverter_XW:13,2026-03-06 09:00:00,1471.043,1996.286,40582.992,703.271
Inverter_XW:13,2026-03-06 11:00:00,1471.043,1996.286,40586.332,703.271
Inverter_XW:13,2026-03-06 12:00:00,1471.043,1996.286,40589.246,703.271
Inverter_XW:13,2026-03-06 13:00:00,1471.043,1996.286,40592.26,703.271
Inverter_XW:13,2026-03-06 15:00:00,1471.043,1996.286,40595.69,703.271
Inverter_XW:13,2026-03-06 16:00:00,1471.043,1996.286,40598.273,703.271
Inverter_XW:13,2026-03-06 17:00:00,1471.043,1996.286,40600.99,703.271
Inverter_XW:13,2026-03-06 18:00:00,1471.043,1996.286,40603.234,703.271
Inverter_XW:13,2026-03-06 19:00:00,1471.043,1996.286,40603.414,703.271
Inverter_XW:13,2026-03-06 20:00:00,1471.043,1996.286,40603.594,703.271
Inverter_XW:13,2026-03-06 21:00:00,1471.043,1996.286,40603.723,703.271
Inverter_XW:13,2026-03-06 22:00:00,1471.043,1996.286,40603.88,703.271
Inverter_XW:13,2026-03-06 23:00:00,1471.043,1996.286,40604.035,703.271
Inverter_XW:13,2026-03-07 00:00:00,1471.043,1996.286,40604.176,703.271
Inverter_XW:13,2026-03-07 01:00:00,1471.043,1996.286,40604.316,703.271
Inverter_XW:13,2026-03-07 02:00:00,1471.043,1996.286,40604.5175,703.271
Inverter_XW:13,2026-03-07 03:00:00,1471.043,1996.286,40604.72,703.271
Inverter_XW:13,2026-03-07 04:00:00,1471.043,1996.286,40604.863,703.271
Inverter_XW:13,2026-03-07 05:00:00,1471.043,1996.286,40604.98,703.271
Inverter_XW:13,2026-03-07 06:00:00,1471.043,1996.286,40605.137,703.271
Inverter_XW:13,2026-03-07 07:00:00,1471.043,1996.286,40605.503,703.271
Inverter_XW:13,2026-03-07 08:00:00,1471.043,1996.286,40607.016,703.271
Inverter_XW:13,2026-03-07 09:00:00,1471.043,1996.286,40608.742,703.271
Inverter_XW:13,2026-03-07 10:00:00,1471.043,1996.286,40610.395,703.271
Inverter_XW:13,2026-03-07 11:00:00,1471.043,1996.286,40612.145,703.271
Inverter_XW:13,2026-03-07 12:00:00,1471.043,1996.286,40613.816,703.271
Inverter_XW:13,2026-03-07 13:00:00,1471.043,1996.286,40616.032999999996,703.271
Inverter_XW:13,2026-03-07 14:00:00,1471.043,1996.286,40618.344,703.271
Inverter_XW:13,2026-03-07 15:00:00,1471.043,1996.286,40618.516,703.271
Inverter_XW:13,2026-03-07 16:00:00,1471.043,1996.286,40618.703,703.271
Inverter_XW:13,2026-03-07 17:00:00,1471.043,1996.286,40618.87,703.271
Inverter_XW:13,2026-03-07 18:00:00,1471.043,1996.286,40619.037,703.271
Inverter_XW:13,2026-03-07 19:00:00,1471.043,1996.286,40619.188,703.271
Inverter_XW:13,2026-03-07 20:00:00,1471.043,1996.286,40619.3475,703.271
Inverter_XW:13,2026-03-07 21:00:00,1471.043,1996.286,40619.516,703.271
Inverter_XW:13,2026-03-07 22:00:00,1471.043,1996.286,40619.6575,703.271
Inverter_XW:13,2026-03-07 23:00:00,1471.043,1996.286,40619.84,703.271
Inverter_XW:13,2026-03-08 00:00:00,1471.043,1996.286,40619.945,703.271
Inverter_XW:13,2026-03-08 01:00:00,1471.043,1996.286,40620.1,703.271
Inverter_XW:13,2026-03-08 02:00:00,1471.0439523809525,1996.7786190476193,40620.99271428571,703.271
Inverter_XW:13,2026-03-08 03:00:00,1471.044,1998.07278125,40622.80171875,703.271
Inverter_XW:13,2026-03-08 04:00:00,1471.044,1998.5199999999998,40623.478,703.2710000000001
Inverter_XW:13,2026-03-08 05:00:00,1471.044,1998.52,40623.543,703.271
Inverter_XW:13,2026-03-08 06:00:00,1471.044,1998.52,40623.59,703.271
Inverter_XW:13,2026-03-08 07:00:00,1471.044,1998.52,40623.66,703.271
Inverter_XW:13,2026-03-08 08:00:00,1471.044,1998.52,40623.73,703.271
Inverter_XW:13,2026-03-08 09:00:00,1471.044,1998.52,40623.81,703.271
Inverter_XW:13,2026-03-08 11:00:00,1471.044,1998.52,40623.895,703.271
Inverter_XW:13,2026-03-08 13:00:00,1471.044,1998.52,40624.016,703.271
Inverter_XW:13,2026-03-08 15:00:00,1471.044,1998.52,40624.133,703.271
Inverter_XW:13,2026-03-08 18:00:00,1471.044,1998.52,40624.305,703.271
Inverter_XW:13,2026-03-08 20:00:00,1471.044,1998.52,40624.47,703.271
Inverter_XW:13,2026-03-09 00:00:00,1471.044,1998.52,40624.676,703.271
Inverter_XW:13,2026-03-09 03:00:00,1471.044,1998.52,40624.863,703.271
Inverter_XW:13,2026-03-09 07:00:00,1471.044,1998.52,40626.27,703.271
Inverter_XW:13,2026-03-09 11:00:00,1471.044,1998.52,40633.1,703.271
Inverter_XW:13,2026-03-09 16:00:00,1471.044,1998.52,40644.008,703.271
Inverter_XW:13,2026-03-09 21:00:00,1471.044,1998.52,40650.67,703.271
Inverter_XW:13,2026-03-10 02:00:00,1471.044,1998.52,40651.285,703.271
Inverter_XW:13,2026-03-10 06:00:00,1471.044,1998.52,40651.816,703.271
Inverter_XW:13,2026-03-10 12:00:00,1471.044,1998.52,40663.184,703.271
Inverter_XW:13,2026-03-10 18:00:00,1471.044,1998.52,40676.492,703.271
Inverter_XW:13,2026-03-10 23:00:00,1471.044,1998.52,40679.24,703.271
Inverter_XW:13,2026-03-11 03:00:00,1471.044,1998.52,40679.848,703.271
Inverter_XW:13,2026-03-11 08:00:00,1471.044,1998.52,40682.645,703.271
Inverter_XW:13,2026-03-11 10:00:00,1471.044,1998.52,40687.613,703.271
Inverter_XW:13,2026-03-11 12:00:00,1471.044,1998.52,40691.582,703.271
Inverter_XW:13,2026-03-11 13:00:00,1471.044,1998.52,40694.39,703.271
Inverter_XW:13,2026-03-11 14:00:00,1471.044,1998.52,40697.184,703.271
Inverter_XW:13,2026-03-11 15:00:00,1471.044,1998.52,40699.105,703.271
Inverter_XW:13,2026-03-11 16:00:00,1471.044,1998.52,40701.234,703.271
Inverter_XW:13,2026-03-11 17:00:00,1471.044,1998.52,40703.414,703.271
Inverter_XW:13,2026-03-11 18:00:00,1471.044,1998.52,40706.5975,703.271
Inverter_XW:13,2026-03-11 19:00:00,1471.044,1998.52,40708.27,703.271
Inverter_XW:13,2026-03-11 20:00:00,1471.044,1998.52,40708.566,703.271
Inverter_XW:13,2026-03-11 21:00:00,1471.044,1998.52,40708.902,703.271
Inverter_XW:13,2026-03-11 22:00:00,1471.044,1998.52,40709.254,703.271
Inverter_XW:13,2026-03-11 23:00:00,1471.044,1998.52,40709.6,703.271
Inverter_XW:13,2026-03-12 00:00:00,1471.044,1999.447846153846,40711.03938461539,703.271
Inverter_XW:13,2026-03-12 01:00:00,1471.044,2000.066,40712.013333333336,703.2710000000001
Inverter_XW:13,2026-03-12 02:00:00,1471.044,2000.066,40712.16,703.271
Inverter_XW:13,2026-03-12 03:00:00,1471.044,2000.066,40712.305,703.271
Inverter_XW:13,2026-03-12 04:00:00,1471.044,2000.066,40712.434,703.271
Inverter_XW:13,2026-03-12 05:00:00,1471.044,2000.066,40712.582,703.271
Inverter_XW:13,2026-03-12 06:00:00,1471.044,2000.066,40712.76,703.271
Inverter_XW:13,2026-03-12 08:00:00,1471.044,2000.066,40715.273,703.271
Inverter_XW:13,2026-03-12 09:00:00,1471.044,2000.066,40718.375,703.271
Inverter_XW:13,2026-03-12 11:00:00,1471.044,2000.066,40722.82,703.271
Inverter_XW:13,2026-03-12 14:00:00,1471.044,2000.066,40727.617,703.271
Inverter_XW:13,2026-03-12 17:00:00,1471.044,2000.066,40735.586,703.271
Inverter_XW:13,2026-03-12 20:00:00,1471.044,2000.066,40740.582,703.271
Inverter_XW:13,2026-03-12 23:00:00,1471.044,2000.066,40741.438,703.271
Inverter_XW:13,2026-03-13 03:00:00,1471.044,2000.066,40742.258,703.271
Inverter_XW:13,2026-03-13 07:00:00,1471.044,2000.066,40745.723,703.271
Inverter_XW:13,2026-03-13 12:00:00,1471.044,2000.066,40755.55,703.271
Inverter_XW:13,2026-03-13 17:00:00,1471.044,2000.066,40769.027,703.271
Inverter_XW:13,2026-03-13 22:00:00,1471.044,2000.066,40778.133,703.271
Inverter_XW:13,2026-03-14 03:00:00,1471.044,2000.066,40782.074,703.271
Inverter_XW:13,2026-03-14 08:00:00,1471.044,2000.066,40784.508,703.271
Inverter_XW:13,2026-03-14 14:00:00,1471.044,2000.066,40794.375,703.271
Inverter_XW:13,2026-03-14 19:00:00,1471.044,2000.066,40795.63,703.271
Inverter_XW:13,2026-03-15 03:00:00,1471.044,2000.066,40797.36,703.271
Inverter_XW:13,2026-03-15 08:00:00,1471.044,2000.066,40798.406,703.271
Inverter_XW:13,2026-03-15 13:00:00,1471.044,2000.066,40799.5,703.271
Inverter_XW:13,2026-03-15 15:00:00,1471.044,2000.066,40800.12,703.271
Inverter_XW:13,2026-03-15 17:00:00,1471.044,2000.066,40800.484,703.271
Inverter_XW:13,2026-03-15 18:00:00,1471.044,2000.066,40800.742,703.271
Inverter_XW:13,2026-03-15 19:00:00,1471.044,2000.066,40800.984,703.271
Inverter_XW:13,2026-03-15 20:00:00,1471.044,2000.066,40801.156,703.271
Inverter_XW:13,2026-03-15 21:00:00,1471.044,2000.066,40801.348,703.271
Inverter_XW:13,2026-03-15 22:00:00,1471.044,2000.066,40801.602,703.271
Inverter_XW:13,2026-03-15 23:00:00,1471.044,2000.066,40801.875,703.271
Inverter_XW:13,2026-03-16 00:00:00,1471.044,2000.066,40802.066,703.271
Inverter_XW:13,2026-03-16 01:00:00,1471.044,2000.066,40802.25,703.271
Inverter_XW:13,2026-03-16 02:00:00,1471.044,2000.066,40802.48,703.271
Inverter_XW:13,2026-03-16 03:00:00,1471.044,2000.066,40802.676,703.271
Inverter_XW:13,2026-03-16 04:00:00,1471.044,2000.066,40802.9,703.271
Inverter_XW:13,2026-03-16 05:00:00,1471.044,2000.066,40803.117,703.271
Inverter_XW:13,2026-03-16 06:00:00,1471.044,2000.066,40803.375,703.271
Inverter_XW:13,2026-03-16 07:00:00,1471.044,2000.066,40804.688,703.271
Inverter_XW:13,2026-03-16 08:00:00,1471.044,2000.066,40807.914,703.271
Inverter_XW:13,2026-03-16 09:00:00,1471.044,2000.066,40810.625,703.271
Inverter_XW:13,2026-03-16 11:00:00,1471.044,2000.066,40813.934,703.271
Inverter_XW:13,2026-03-16 12:00:00,1471.044,2000.066,40816.47,703.271
Inverter_XW:13,2026-03-16 13:00:00,1471.044,2000.066,40819.88,703.271
Inverter_XW:13,2026-03-16 14:00:00,1471.044,2000.066,40822.535,703.271
Inverter_XW:13,2026-03-16 15:00:00,1471.044,2000.066,40826.348,703.271
Inverter_XW:13,2026-03-16 16:00:00,1471.044,2000.066,40828.625,703.271
Inverter_XW:13,2026-03-16 18:00:00,1471.044,2000.066,40831.94,703.271
Inverter_XW:13,2026-03-16 19:00:00,1471.044,2000.066,40833.723,703.271
Inverter_XW:13,2026-03-16 20:00:00,1471.044,2000.066,40833.86,703.271
Inverter_XW:13,2026-03-16 22:00:00,1471.044,2000.066,40833.992,703.271
Inverter_XW:13,2026-03-16 23:00:00,1471.044,2000.066,40834.137,703.271
Inverter_XW:13,2026-03-17 00:00:00,1471.044,2000.066,40834.26,703.271
Inverter_XW:13,2026-03-17 02:00:00,1471.044,2000.066,40834.418,703.271
Inverter_XW:13,2026-03-17 03:00:00,1471.044,2000.066,40834.562,703.271
Inverter_XW:13,2026-03-17 05:00:00,1471.044,2000.066,40834.742,703.271
Inverter_XW:13,2026-03-17 07:00:00,1471.044,2000.066,40835.844,703.271
Inverter_XW:13,2026-03-17 08:00:00,1471.044,2000.066,40839.04,703.271
Inverter_XW:13,2026-03-17 10:00:00,1471.044,2000.066,40842.31,703.271
Inverter_XW:13,2026-03-17 12:00:00,1471.044,2000.066,40846.11,703.271
Inverter_XW:13,2026-03-17 13:00:00,1471.044,2000.066,40849.156,703.271
Inverter_XW:13,2026-03-17 14:00:00,1471.044,2000.066,40852.484,703.271
Inverter_XW:13,2026-03-17 16:00:00,1471.044,2000.066,40855.78,703.271
Inverter_XW:13,2026-03-17 17:00:00,1471.048,2001.119261904762,40860.68135714286,703.271
Inverter_XW:13,2026-03-17 18:00:00,1471.048,2002.3926315789474,40864.02552631579,703.271
Inverter_XW:13,2026-03-17 19:00:00,1471.048,2002.452,40865.69766666667,703.2710000000001
Inverter_XW:13,2026-03-17 20:00:00,1471.048,2002.452,40865.83,703.271
Inverter_XW:13,2026-03-17 21:00:00,1471.048,2002.452,40865.918,703.271
Inverter_XW:13,2026-03-17 22:00:00,1471.048,2002.452,40866.02,703.271
Inverter_XW:13,2026-03-17 23:00:00,1471.048,2002.452,40866.15,703.271
Inverter_XW:13,2026-03-18 00:00:00,1471.048,2002.452,40866.3,703.271
Inverter_XW:13,2026-03-18 02:00:00,1471.048,2002.452,40866.465,703.271
Inverter_XW:13,2026-03-18 03:00:00,1471.048,2002.452,40866.64,703.271
Inverter_XW:13,2026-03-18 05:00:00,1471.048,2002.452,40866.82,703.271
Inverter_XW:13,2026-03-18 08:00:00,1471.048,2002.452,40869.434,703.271
Inverter_XW:13,2026-03-18 10:00:00,1471.048,2002.452,40873.547,703.271
Inverter_XW:13,2026-03-18 13:00:00,1471.048,2002.452,40879.676,703.271
Inverter_XW:13,2026-03-18 16:00:00,1471.048,2002.452,40887.445,703.271
Inverter_XW:13,2026-03-18 20:00:00,1471.048,2002.452,40895.58,703.271
Inverter_XW:13,2026-03-18 21:00:00,1471.049,2003.1049714285714,40896.93794285714,703.271
Inverter_XW:13,2026-03-18 22:00:00,1471.049,2003.544,40897.58925,703.271
Inverter_XW:13,2026-03-18 23:00:00,1471.049,2003.544,40897.69,703.271
Inverter_XW:13,2026-03-19 00:00:00,1471.049,2003.544,40897.79,703.271
Inverter_XW:13,2026-03-19 01:00:00,1471.049,2003.544,40897.9335,703.271
Inverter_XW:13,2026-03-19 02:00:00,1471.049,2003.544,40898.08,703.271
Inverter_XW:13,2026-03-19 03:00:00,1471.049,2003.544,40898.15,703.271
Inverter_XW:13,2026-03-19 04:00:00,1471.049,2003.544,40898.246,703.271
Inverter_XW:13,2026-03-19 05:00:00,1471.049,2003.544,40898.3615,703.271
Inverter_XW:13,2026-03-19 06:00:00,1471.049,2003.544,40898.460999999996,703.271
Inverter_XW:13,2026-03-19 07:00:00,1471.049,2003.544,40899.473,703.271
Inverter_XW:13,2026-03-19 08:00:00,1471.049,2003.544,40901.866,703.2710000000001
Inverter_XW:13,2026-03-19 09:00:00,1471.049,2003.544,40905.02533333333,703.2710000000001
Inverter_XW:13,2026-03-19 10:00:00,1471.049,2003.544,40907.85,703.271
Inverter_XW:13,2026-03-19 11:00:00,1471.049,2003.544,40910.102,703.271
Inverter_XW:13,2026-03-19 12:00:00,1471.049,2003.544,40912.4145,703.271
Inverter_XW:13,2026-03-19 13:00:00,1471.049,2003.544,40915.043000000005,703.271
Inverter_XW:13,2026-03-19 14:00:00,1471.049,2003.544,40917.242,703.271
Inverter_XW:13,2026-03-19 15:00:00,1471.049,2003.544,40918.87,703.271
Inverter_XW:13,2026-03-19 16:00:00,1471.049,2003.544,40922.1135,703.271
Inverter_XW:13,2026-03-19 17:00:00,1471.049,2003.544,40925.574,703.271
Inverter_XW:13,2026-03-19 18:00:00,1471.049,2003.544,40928.016,703.271
Inverter_XW:13,2026-03-19 20:00:00,1471.049,2003.544,40928.918,703.271
Inverter_XW:13,2026-03-19 21:00:00,1471.049,2003.544,40929.883,703.271
Inverter_XW:13,2026-03-19 23:00:00,1471.049,2003.544,40931.156,703.271
Inverter_XW:13,2026-03-20 00:00:00,1471.049,2003.544,40931.88,703.271
Inverter_XW:13,2026-03-20 02:00:00,1471.049,2003.544,40932.117,703.271
Inverter_XW:13,2026-03-20 04:00:00,1471.049,2003.544,40932.375,703.271
Inverter_XW:13,2026-03-20 07:00:00,1471.049,2003.544,40934.66,703.271
Inverter_XW:13,2026-03-20 09:00:00,1471.049,2003.544,40940.05,703.271
Inverter_XW:13,2026-03-20 12:00:00,1471.049,2003.544,40946.28,703.271
Inverter_XW:13,2026-03-20 16:00:00,1471.049,2003.544,40953.9,703.271
Inverter_XW:13,2026-03-20 20:00:00,1471.049,2003.544,40959.38,703.271
Inverter_XW:13,2026-03-21 00:00:00,1471.049,2003.544,40959.785,703.271
Inverter_XW:13,2026-03-21 05:00:00,1471.049,2003.544,40960.305,703.271
Inverter_XW:13,2026-03-21 12:00:00,1471.049,2003.544,40969.562,703.271
Inverter_XW:13,2026-03-21 15:00:00,1471.053,2004.0171739130437,40976.42265217391,703.271
Inverter_XW:13,2026-03-21 16:00:00,1471.053,2004.6141875,40977.2694375,703.271
Inverter_XW:13,2026-03-21 17:00:00,1471.053,2004.662,40977.457,703.271
Inverter_XW:13,2026-03-21 18:00:00,1471.053,2004.662,40977.55,703.271
Inverter_XW:13,2026-03-21 19:00:00,1471.053,2004.662,40977.66,703.271
Inverter_XW:13,2026-03-21 20:00:00,1471.053,2004.662,40977.766,703.271
Inverter_XW:13,2026-03-21 21:00:00,1471.053,2004.662,40977.86,703.271
Inverter_XW:13,2026-03-21 22:00:00,1471.053,2004.662,40977.992,703.271
Inverter_XW:13,2026-03-21 23:00:00,1471.053,2004.662,40978.126000000004,703.271
Inverter_XW:13,2026-03-22 00:00:00,1471.053,2004.662,40978.22,703.271
Inverter_XW:13,2026-03-22 01:00:00,1471.053,2004.662,40978.31766666666,703.2710000000001
Inverter_XW:13,2026-03-22 02:00:00,1471.053,2004.662,40978.4355,703.271
Inverter_XW:13,2026-03-22 03:00:00,1471.053,2004.662,40978.54,703.2710000000001
Inverter_XW:13,2026-03-22 04:00:00,1471.053,2004.662,40978.645000000004,703.271
Inverter_XW:13,2026-03-22 05:00:00,1471.053,2004.662,40978.75266666667,703.2710000000001
Inverter_XW:13,2026-03-22 06:00:00,1471.053,2004.662,40978.863,703.271
Inverter_XW:13,2026-03-22 07:00:00,1471.053,2004.662,40978.966,703.271
Inverter_XW:13,2026-03-22 08:00:00,1471.053,2004.662,40979.08,703.271
Inverter_XW:13,2026-03-22 09:00:00,1471.053,2004.662,40979.18,703.271
Inverter_XW:13,2026-03-22 10:00:00,1471.053,2004.662,40979.288,703.271
Inverter_XW:13,2026-03-22 11:00:00,1471.053,2004.662,40979.41,703.271
Inverter_XW:13,2026-03-22 12:00:00,1471.053,2004.662,40979.516,703.271
Inverter_XW:13,2026-03-22 13:00:00,1471.053,2004.662,40979.62,703.271
Inverter_XW:13,2026-03-22 14:00:00,1471.053,2004.662,40979.758,703.271
Inverter_XW:13,2026-03-22 16:00:00,1471.053,2004.662,40979.875,703.271
Inverter_XW:13,2026-03-22 17:00:00,1471.053,2004.662,40980.074,703.271
Inverter_XW:13,2026-03-22 19:00:00,1471.053,2004.662,40980.242,703.271
Inverter_XW:13,2026-03-22 21:00:00,1471.053,2004.662,40980.453,703.271
Inverter_XW:13,2026-03-22 22:00:00,1471.053,2004.9020666666665,40980.9126,703.271
Inverter_XW:13,2026-03-22 23:00:00,1471.053,2005.112,40981.23225,703.2710000000001
Inverter_XW:13,2026-03-23 00:00:00,1471.053,2005.112,40981.36,703.271
Inverter_XW:13,2026-03-23 01:00:00,1471.053,2005.112,40981.460666666666,703.2710000000001
Inverter_XW:13,2026-03-23 02:00:00,1471.053,2005.112,40981.5745,703.271
Inverter_XW:13,2026-03-23 03:00:00,1471.053,2005.112,40981.67733333333,703.2710000000001
Inverter_XW:13,2026-03-23 04:00:00,1471.053,2005.112,40981.78966666667,703.2710000000001
Inverter_XW:13,2026-03-23 05:00:00,1471.053,2005.112,40981.90033333333,703.2710000000001
Inverter_XW:13,2026-03-23 06:00:00,1471.053,2005.112,40982.0035,703.271
Inverter_XW:13,2026-03-23 07:00:00,1471.053,2005.112,40982.10833333334,703.2710000000001
Inverter_XW:13,2026-03-23 08:00:00,1471.053,2005.112,40982.21000000001,703.271
Inverter_XW:13,2026-03-23 09:00:00,1471.053,2005.112,40982.329666666665,703.2710000000001
Inverter_XW:13,2026-03-23 10:00:00,1471.053,2005.112,40982.458,703.271
Inverter_XW:13,2026-03-23 11:00:00,1471.053,2005.112,40982.555,703.271
Inverter_XW:13,2026-03-23 12:00:00,1471.053,2005.112,40982.65,703.271
Inverter_XW:13,2026-03-23 13:00:00,1471.053,2005.112,40982.773,703.271
Inverter_XW:13,2026-03-23 14:00:00,1471.053,2005.112,40982.867,703.271
Inverter_XW:13,2026-03-23 15:00:00,1471.053,2005.112,40982.953,703.271
Inverter_XW:13,2026-03-23 16:00:00,1471.053,2005.112,40983.06,703.271
Inverter_XW:13,2026-03-23 17:00:00,1471.053,2005.112,40983.176,703.271
Inverter_XW:13,2026-03-23 18:00:00,1471.053,2005.112,40983.332,703.271
Inverter_XW:13,2026-03-23 20:00:00,1471.053,2005.112,40983.473,703.271
Inverter_XW:13,2026-03-23 21:00:00,1471.053,2005.112,40983.605,703.271
Inverter_XW:13,2026-03-23 23:00:00,1471.053,2005.112,40983.812,703.271
Inverter_XW:13,2026-03-24 01:00:00,1471.053,2005.112,40984.074,703.271
Inverter_XW:13,2026-03-24 02:00:00,1471.0554285714286,2005.222,40984.34257142857,703.271
Inverter_XW:13,2026-03-24 03:00:00,1471.056,2005.5530999999999,40984.8117,703.271
Inverter_XW:13,2026-03-24 04:00:00,1471.0559999999998,2005.617,40985.01933333334,703.2710000000001
Inverter_XW:13,2026-03-24 05:00:00,1471.056,2005.617,40985.135,703.271
Inverter_XW:13,2026-03-24 06:00:00,1471.056,2005.617,40985.265499999994,703.271
Inverter_XW:13,2026-03-24 07:00:00,1471.056,2005.617,40986.66,703.271
Inverter_XW:13,2026-03-24 08:00:00,1471.0559999999998,2005.617,40988.78766666666,703.2710000000001
Inverter_XW:13,2026-03-24 09:00:00,1471.056,2005.617,40990.628500000006,703.271
Inverter_XW:13,2026-03-24 10:00:00,1471.0559999999998,2005.617,40992.56333333333,703.2710000000001
Inverter_XW:13,2026-03-24 11:00:00,1471.0559999999998,2005.617,40994.886666666665,703.2710000000001
Inverter_XW:13,2026-03-24 12:00:00,1471.056,2005.617,40997.0875,703.271
Inverter_XW:13,2026-03-24 13:00:00,1471.0559999999998,2005.617,40999.58066666667,703.2710000000001
Inverter_XW:13,2026-03-24 14:00:00,1471.056,2005.617,41001.966499999995,703.271
Inverter_XW:13,2026-03-24 15:00:00,1471.056,2005.617,41004.096000000005,703.271
Inverter_XW:13,2026-03-24 16:00:00,1471.056,2005.617,41005.973,703.271
Inverter_XW:13,2026-03-24 17:00:00,1471.056,2005.617,41008.156,703.271
Inverter_XW:13,2026-03-24 18:00:00,1471.056,2005.617,41010.453,703.271
Inverter_XW:13,2026-03-24 19:00:00,1471.056,2005.617,41011.885,703.271
Inverter_XW:13,2026-03-24 20:00:00,1471.056,2005.617,41012.06,703.271
Inverter_XW:13,2026-03-24 21:00:00,1471.056,2005.617,41012.17,703.271
Inverter_XW:13,2026-03-24 22:00:00,1471.056,2005.617,41012.285,703.271
Inverter_XW:13,2026-03-25 00:00:00,1471.056,2005.617,41012.457,703.271
Inverter_XW:13,2026-03-25 01:00:00,1471.056,2005.617,41012.605,703.271
Inverter_XW:13,2026-03-25 03:00:00,1471.056,2005.617,41012.785,703.271
Inverter_XW:13,2026-03-25 04:00:00,1471.056,2005.617,41012.953,703.271
Inverter_XW:13,2026-03-25 06:00:00,1471.056,2005.617,41013.184,703.271
Inverter_XW:13,2026-03-25 08:00:00,1471.056,2005.617,41015.977,703.271
Inverter_XW:13,2026-03-25 11:00:00,1471.056,2005.617,41022.8,703.271
Inverter_XW:13,2026-03-25 14:00:00,1471.056,2005.617,41030.004,703.271
Inverter_XW:13,2026-03-25 17:00:00,1471.056,2005.617,41038.88,703.271
Inverter_XW:13,2026-03-25 21:00:00,1471.056,2005.617,41042.312,703.271
Inverter_XW:13,2026-03-26 02:00:00,1471.056,2005.617,41043.25,703.271
Inverter_XW:13,2026-03-26 08:00:00,1471.056,2005.617,41046.625,703.271
Inverter_XW:13,2026-03-26 17:00:00,1471.056,2005.617,41068.402,703.271
Inverter_XW:13,2026-03-27 02:00:00,1471.056,2005.617,41072.266,703.271
Inverter_XW:13,2026-03-27 13:00:00,1471.059,2006.0201666666665,41088.86888888889,703.271
Inverter_XW:13,2026-03-27 14:00:00,1471.059,2006.7503749999998,41091.036041666666,703.2710000000001
Inverter_XW:13,2026-03-27 15:00:00,1471.059,2006.855,41093.530750000005,703.271
Inverter_XW:13,2026-03-27 16:00:00,1471.059,2006.855,41095.796,703.271
Inverter_XW:13,2026-03-27 17:00:00,1471.059,2006.8550000000002,41098.041999999994,703.2710000000001
Inverter_XW:13,2026-03-27 18:00:00,1471.059,2006.8550000000002,41100.15466666667,703.2710000000001
Inverter_XW:13,2026-03-27 19:00:00,1471.059,2006.855,41101.7485,703.271
Inverter_XW:13,2026-03-27 20:00:00,1471.059,2006.855,41101.8575,703.271
Inverter_XW:13,2026-03-27 21:00:00,1471.059,2006.855,41101.983,703.271
Inverter_XW:13,2026-03-27 22:00:00,1471.059,2006.855,41102.12699999999,703.271
Inverter_XW:13,2026-03-27 23:00:00,1471.059,2006.855,41102.258,703.271
Inverter_XW:13,2026-03-28 00:00:00,1471.059,2006.855,41102.332,703.271
Inverter_XW:13,2026-03-28 01:00:00,1471.059,2006.855,41102.465,703.271
Inverter_XW:13,2026-03-28 02:00:00,1471.059,2006.855,41102.574,703.271
Inverter_XW:13,2026-03-28 03:00:00,1471.059,2006.855,41102.73,703.271
Inverter_XW:13,2026-03-28 04:00:00,1471.059,2006.855,41102.87,703.271
Inverter_XW:13,2026-03-28 05:00:00,1471.059,2006.855,41103.027,703.271
Inverter_XW:13,2026-03-28 07:00:00,1471.059,2006.855,41103.22,703.271
Inverter_XW:13,2026-03-28 08:00:00,1471.059,2006.855,41104.492,703.271
Inverter_XW:13,2026-03-28 10:00:00,1471.059,2006.855,41107.156,703.271
Inverter_XW:13,2026-03-28 12:00:00,1471.059,2006.855,41110.71,703.271
Inverter_XW:13,2026-03-28 14:00:00,1471.059,2006.855,41113.6,703.271
Inverter_XW:13,2026-03-28 16:00:00,1471.059,2006.855,41114.207,703.271
Inverter_XW:13,2026-03-28 18:00:00,1471.0627500000003,2007.283857142857,41114.93814285714,703.271
Inverter_XW:13,2026-03-28 19:00:00,1471.063,2007.509,41115.31225,703.271
Inverter_XW:13,2026-03-28 20:00:00,1471.063,2007.5716666666667,41115.53758333333,703.2710000000001
Inverter_XW:13,2026-03-28 21:00:00,1471.0645263157896,2007.689894736842,41115.76094736842,703.2718947368421
Inverter_XW:13,2026-03-28 22:00:00,1471.065,2007.73,41115.897,703.272
Inverter_XW:13,2026-03-28 23:00:00,1471.065,2007.73,41115.992,703.272
Inverter_XW:13,2026-03-29 00:00:00,1471.065,2007.73,41116.125,703.272
Inverter_XW:13,2026-03-29 01:00:00,1471.065,2007.73,41116.246,703.272
Inverter_XW:13,2026-03-29 03:00:00,1471.065,2007.73,41116.418,703.272
Inverter_XW:13,2026-03-29 05:00:00,1471.065,2007.73,41116.6,703.272
Inverter_XW:13,2026-03-29 06:00:00,1471.065,2007.73,41116.79,703.272
Inverter_XW:13,2026-03-29 08:00:00,1471.065,2007.73,41116.94,703.272
Inverter_XW:13,2026-03-29 09:00:00,1471.065,2007.73,41117.094,703.272
Inverter_XW:13,2026-03-29 10:00:00,1471.065,2007.73,41117.195,703.272
Inverter_XW:13,2026-03-29 12:00:00,1471.065,2007.73,41117.31,703.272
Inverter_XW:13,2026-04-06 22:00:00,1471.078,2010.518,41224.734,703.272
Inverter_XW:13,2026-04-07 02:00:00,1471.078,2010.518,41225.508,703.272
Inverter_XW:13,2026-04-07 07:00:00,1471.078,2010.518,41227.742,703.272
Inverter_XW:13,2026-04-07 12:00:00,1471.078,2010.518,41240.277,703.272
Inverter_XW:13,2026-04-07 22:00:00,1471.078,2010.518,41255.15,703.272
Inverter_XW:13,2026-04-08 08:00:00,1471.078,2010.518,41259.7,703.272
Inverter_XW:13,2026-04-08 19:00:00,1471.078,2010.518,41283.727,703.272
Inverter_XW:13,2026-04-09 07:00:00,1471.078,2010.518,41286.027,703.272
Inverter_XW:13,2026-04-09 08:00:00,1471.082,2010.70525,41289.807875,703.272
Inverter_XW:13,2026-04-09 09:00:00,1471.082,2011.5630833333332,41292.23,703.272
Inverter_XW:13,2026-04-09 10:00:00,1471.082,2011.829,41294.579666666665,703.272
Inverter_XW:13,2026-04-09 11:00:00,1471.082,2011.829,41296.651000000005,703.272
Inverter_XW:13,2026-04-09 12:00:00,1471.082,2011.829,41298.647,703.272
Inverter_XW:13,2026-04-09 13:00:00,1471.082,2011.829,41300.822,703.272
Inverter_XW:13,2026-04-09 14:00:00,1471.082,2011.829,41303.5,703.272
Inverter_XW:13,2026-04-09 15:00:00,1471.082,2011.829,41305.88,703.272
Inverter_XW:13,2026-04-09 16:00:00,1471.082,2011.829,41308.234,703.272
Inverter_XW:13,2026-04-09 17:00:00,1471.082,2011.829,41310.863,703.272
Inverter_XW:13,2026-04-09 18:00:00,1471.082,2011.829,41312.92,703.272
Inverter_XW:13,2026-04-09 19:00:00,1471.082,2011.829,41315.008,703.272
Inverter_XW:13,2026-04-09 20:00:00,1471.082,2011.829,41315.17,703.272
Inverter_XW:13,2026-04-09 22:00:00,1471.082,2011.829,41315.38,703.272
Inverter_XW:13,2026-04-09 23:00:00,1471.082,2011.829,41315.566,703.272
Inverter_XW:13,2026-04-10 01:00:00,1471.082,2011.829,41315.832,703.272
Inverter_XW:13,2026-04-10 02:00:00,1471.082,2011.829,41316.074,703.272
Inverter_XW:13,2026-04-10 05:00:00,1471.082,2011.829,41316.37,703.272
Inverter_XW:13,2026-04-10 06:00:00,1471.082,2011.829,41319.12,703.272
Inverter_XW:13,2026-04-10 09:00:00,1471.082,2011.829,41323.8,703.272
Inverter_XW:13,2026-04-10 11:00:00,1471.082,2011.829,41329.06,703.272
Inverter_XW:13,2026-04-10 14:00:00,1471.082,2011.829,41334.62,703.272
Inverter_XW:13,2026-04-10 17:00:00,1471.082,2011.829,41340.91,703.272
Inverter_XW:13,2026-04-10 20:00:00,1471.082,2011.829,41345.742,703.272
Inverter_XW:13,2026-04-10 23:00:00,1471.082,2011.829,41346.21,703.272
Inverter_XW:13,2026-04-11 03:00:00,1471.082,2011.829,41346.86,703.272
Inverter_XW:13,2026-04-11 08:00:00,1471.082,2011.829,41348.77,703.272
Inverter_XW:13,2026-04-11 11:00:00,1471.086,2012.495294117647,41355.241411764706,703.272
Inverter_XW:13,2026-04-11 12:00:00,1471.086,2012.93,41357.04725,703.272
Inverter_XW:13,2026-04-11 13:00:00,1471.086,2012.93,41358.57,703.272
Inverter_XW:13,2026-04-11 14:00:00,1471.086,2012.93,41360.293,703.272
Inverter_XW:13,2026-04-11 15:00:00,1471.086,2012.93,41362.055,703.272
Inverter_XW:13,2026-04-11 16:00:00,1471.086,2012.93,41362.88,703.272
Inverter_XW:13,2026-04-11 17:00:00,1471.086,2012.93,41362.99,703.272
Inverter_XW:13,2026-04-11 18:00:00,1471.086,2012.93,41363.125,703.272
Inverter_XW:13,2026-04-11 19:00:00,1471.086,2012.93,41363.242,703.272
Inverter_XW:13,2026-04-11 20:00:00,1471.086,2012.93,41363.3425,703.272
Inverter_XW:13,2026-04-11 21:00:00,1471.086,2012.93,41363.449,703.272
Inverter_XW:13,2026-04-11 22:00:00,1471.086,2012.93,41363.5465,703.272
Inverter_XW:13,2026-04-11 23:00:00,1471.086,2012.93,41363.655999999995,703.272
Inverter_XW:13,2026-04-12 00:00:00,1471.086,2012.93,41363.7655,703.272
Inverter_XW:13,2026-04-12 01:00:00,1471.086,2012.93,41363.847,703.272
Inverter_XW:13,2026-04-12 02:00:00,1471.086,2012.93,41363.96033333333,703.272
Inverter_XW:13,2026-04-12 03:00:00,1471.086,2012.93,41364.075,703.272
Inverter_XW:13,2026-04-12 04:00:00,1471.086,2012.93,41364.1765,703.272
Inverter_XW:13,2026-04-12 05:00:00,1471.086,2012.93,41364.258,703.272
Inverter_XW:13,2026-04-12 06:00:00,1471.086,2012.93,41364.3595,703.272
Inverter_XW:13,2026-04-12 07:00:00,1471.086,2012.93,41364.477,703.272
Inverter_XW:13,2026-04-12 08:00:00,1471.086,2012.93,41364.555,703.272
Inverter_XW:13,2026-04-12 09:00:00,1471.086,2012.93,41364.652,703.272
Inverter_XW:13,2026-04-12 10:00:00,1471.086,2012.93,41364.76,703.272
Inverter_XW:13,2026-04-12 11:00:00,1471.086,2012.93,41364.86,703.272
Inverter_XW:13,2026-04-12 12:00:00,1471.086,2012.93,41365.008,703.272
Inverter_XW:13,2026-04-12 14:00:00,1471.086,2012.93,41365.17,703.272
Inverter_XW:13,2026-04-12 15:00:00,1471.086,2012.93,41365.324,703.272
Inverter_XW:13,2026-04-12 17:00:00,1471.086,2012.93,41365.48,703.272
Inverter_XW:13,2026-04-12 19:00:00,1471.086,2012.93,41365.703,703.272
Inverter_XW:13,2026-04-12 21:00:00,1471.086,2012.93,41365.965,703.272
Inverter_XW:13,2026-04-12 23:00:00,1471.086,2012.93,41366.18,703.272
Inverter_XW:13,2026-04-13 02:00:00,1471.086,2012.93,41366.445,703.272
Inverter_XW:13,2026-04-13 05:00:00,1471.086,2012.93,41366.766,703.272
Inverter_XW:13,2026-04-13 08:00:00,1471.086,2012.93,41370.83,703.272
Inverter_XW:13,2026-04-13 12:00:00,1471.086,2012.93,41378.35,703.272
Inverter_XW:13,2026-04-13 18:00:00,1471.086,2012.93,41391.266,703.272
Inverter_XW:13,2026-04-13 23:00:00,1471.086,2012.93,41393.887,703.272
Inverter_XW:13,2026-04-14 06:00:00,1471.086,2012.93,41395.137,703.272
Inverter_XW:13,2026-04-14 16:00:00,1471.086,2012.93,41415.773,703.272
Inverter_XW:13,2026-04-15 04:00:00,1471.086,2012.93,41423.906,703.272
Inverter_XW:13,2026-04-15 15:00:00,1471.086,2012.93,41442.29,703.272
Inverter_XW:13,2026-04-16 02:00:00,1471.086,2012.93,41451.887,703.272
Inverter_XW:13,2026-04-16 12:00:00,1471.089,2013.5377692307693,41465.14065384615,703.272
Inverter_XW:13,2026-04-16 13:00:00,1471.089,2014.2573333333332,41467.39944444444,703.272
Inverter_XW:13,2026-04-16 14:00:00,1471.089,2014.2750000000003,41470.045333333335,703.272
Inverter_XW:13,2026-04-16 15:00:00,1471.089,2014.275,41472.74,703.272
Inverter_XW:13,2026-04-16 16:00:00,1471.089,2014.275,41474.113,703.272
Inverter_XW:13,2026-04-16 17:00:00,1471.089,2014.275,41477.562000000005,703.272
Inverter_XW:13,2026-04-16 19:00:00,1471.089,2014.275,41480.953,703.272
Inverter_XW:13,2026-04-16 20:00:00,1471.089,2014.275,41481.18,703.272
Inverter_XW:13,2026-04-16 21:00:00,1471.089,2014.275,41481.41,703.272
Inverter_XW:13,2026-04-16 23:00:00,1471.089,2014.275,41481.656,703.272
Inverter_XW:13,2026-04-17 01:00:00,1471.089,2014.275,41481.96,703.272
Inverter_XW:13,2026-04-17 02:00:00,1471.089,2014.275,41482.25,703.272
Inverter_XW:13,2026-04-17 04:00:00,1471.089,2014.275,41482.945,703.272
Inverter_XW:13,2026-04-17 06:00:00,1471.089,2014.275,41486.402,703.272
Inverter_XW:13,2026-04-17 09:00:00,1471.089,2014.275,41492.48,703.272
Inverter_XW:13,2026-04-17 11:00:00,1471.089,2014.275,41497.527,703.272
Inverter_XW:13,2026-04-17 14:00:00,1471.089,2014.275,41504.453,703.272
Inverter_XW:13,2026-04-17 17:00:00,1471.089,2014.275,41510.7,703.272
Inverter_XW:13,2026-04-17 20:00:00,1471.089,2014.275,41515.7,703.272
Inverter_XW:13,2026-04-17 23:00:00,1471.089,2014.275,41516.688,703.272
Inverter_XW:13,2026-04-18 03:00:00,1471.089,2014.275,41517.68,703.272
Inverter_XW:13,2026-04-18 08:00:00,1471.089,2014.275,41520.95,703.272
Inverter_XW:13,2026-04-18 13:00:00,1471.089,2014.275,41533.043,703.272
Inverter_XW:13,2026-04-18 20:00:00,1471.089,2014.275,41536.754,703.272
Inverter_XW:13,2026-04-19 05:00:00,1471.089,2014.275,41539.473,703.272
Inverter_XW:13,2026-04-19 14:00:00,1471.089,2014.275,41541.906,703.272
Inverter_XW:13,2026-04-20 00:00:00,1471.089,2014.275,41544.77,703.272
Inverter_XW:13,2026-04-20 08:00:00,1471.089,2014.275,41549.52,703.272
Inverter_XW:13,2026-04-20 18:00:00,1471.089,2014.275,41572.883,703.272
Inverter_XW:13,2026-04-20 19:00:00,1471.089,2014.275,41575.28,703.272
Inverter_XW:13,2026-04-20 20:00:00,1471.089,2014.275,41575.39,703.272
Inverter_XW:13,2026-04-21 03:00:00,1471.089,2014.275,41577.727,703.272
Inverter_XW:13,2026-04-21 09:00:00,1471.089,2014.275,41583.44,703.272
Inverter_XW:13,2026-04-21 11:00:00,1471.089,2014.275,41588.67,703.272
Inverter_XW:13,2026-04-21 13:00:00,1471.089,2014.275,41591.76,703.272
Inverter_XW:13,2026-04-21 14:00:00,1471.089,2014.275,41594.42,703.272
Inverter_XW:13,2026-04-21 15:00:00,1471.089,2014.275,41596.918,703.272
Inverter_XW:13,2026-04-21 16:00:00,1471.089,2014.275,41598.81,703.272
Inverter_XW:13,2026-04-21 17:00:00,1471.089,2014.275,41601.145,703.272
Inverter_XW:13,2026-04-21 18:00:00,1471.089,2014.275,41603.227,703.272
Inverter_XW:13,2026-04-21 19:00:00,1471.089,2014.275,41604.734,703.272
Inverter_XW:13,2026-04-21 20:00:00,1471.089,2014.275,41604.914,703.272
Inverter_XW:13,2026-04-21 21:00:00,1471.089,2014.275,41605.183000000005,703.272
Inverter_XW:13,2026-04-21 22:00:00,1471.089,2014.275,41605.33,703.272
Inverter_XW:13,2026-04-21 23:00:00,1471.089,2014.275,41605.566,703.272
Inverter_XW:13,2026-04-22 00:00:00,1471.089,2014.275,41605.76,703.272
Inverter_XW:13,2026-04-22 01:00:00,1471.089,2014.275,41606.016,703.272
Inverter_XW:13,2026-04-22 03:00:00,1471.089,2014.275,41606.266,703.272
Inverter_XW:13,2026-04-22 04:00:00,1471.089,2014.275,41606.508,703.272
Inverter_XW:13,2026-04-22 05:00:00,1471.089,2014.275,41606.727,703.272
Inverter_XW:13,2026-04-22 06:00:00,1471.089,2014.275,41607.344,703.272
Inverter_XW:13,2026-04-22 08:00:00,1471.089,2014.275,41609.53,703.272
Inverter_XW:13,2026-04-22 09:00:00,1471.089,2014.275,41612.273,703.272
Inverter_XW:13,2026-04-22 10:00:00,1471.089,2014.275,41615.047,703.272
Inverter_XW:13,2026-04-22 12:00:00,1471.089,2014.275,41618.082,703.272
Inverter_XW:13,2026-04-22 13:00:00,1471.089,2014.275,41620.383,703.272
Inverter_XW:13,2026-04-22 14:00:00,1471.089,2014.275,41623.76,703.272
Inverter_XW:13,2026-04-22 16:00:00,1471.089,2014.275,41627.055,703.272
Inverter_XW:13,2026-04-22 17:00:00,1471.089,2014.275,41630.33,703.272
Inverter_XW:13,2026-04-22 18:00:00,1471.089,2014.275,41632.766,703.272
Inverter_XW:13,2026-04-22 20:00:00,1471.089,2014.275,41633.195,703.272
Inverter_XW:13,2026-04-22 22:00:00,1471.089,2014.275,41633.605,703.272
Inverter_XW:13,2026-04-23 00:00:00,1471.089,2014.275,41634.05,703.272
Inverter_XW:13,2026-04-23 01:00:00,1471.089,2014.275,41634.43,703.272
Inverter_XW:13,2026-04-23 03:00:00,1471.089,2014.275,41634.945,703.272
Inverter_XW:13,2026-04-23 05:00:00,1471.089,2014.275,41635.316,703.272
Inverter_XW:13,2026-04-23 07:00:00,1471.089,2014.275,41637.246,703.272
Inverter_XW:13,2026-04-23 08:00:00,1471.089,2014.275,41639.805,703.272
Inverter_XW:13,2026-04-23 11:00:00,1471.089,2014.275,41644.94,703.272
Inverter_XW:13,2026-04-23 12:00:00,1471.089,2014.275,41647.63,703.272
Inverter_XW:13,2026-04-23 14:00:00,1471.089,2014.275,41652.457,703.272
Inverter_XW:13,2026-04-23 15:00:00,1471.089,2014.275,41654.594,703.272
Inverter_XW:13,2026-04-23 17:00:00,1471.089,2014.275,41659.062,703.272
Inverter_XW:13,2026-04-23 18:00:00,1471.089,2014.275,41661.152,703.272
Inverter_XW:13,2026-04-23 19:00:00,1471.089,2014.275,41662.723,703.272
Inverter_XW:13,2026-04-23 20:00:00,1471.089,2014.275,41663.023,703.272
Inverter_XW:13,2026-04-23 21:00:00,1471.089,2014.275,41663.215,703.272
Inverter_XW:13,2026-04-23 22:00:00,1471.089,2014.275,41663.41,703.272
Inverter_XW:13,2026-04-24 00:00:00,1471.089,2014.275,41663.788499999995,703.272
Inverter_XW:13,2026-04-24 01:00:00,1471.089,2014.275,41664.07,703.272
Inverter_XW:13,2026-04-24 03:00:00,1471.089,2014.275,41664.367,703.272
Inverter_XW:13,2026-04-24 04:00:00,1471.089,2014.275,41664.6375,703.272
Inverter_XW:13,2026-04-24 05:00:00,1471.089,2014.275,41665.582,703.272
Inverter_XW:13,2026-04-24 07:00:00,1471.089,2014.275,41668.573000000004,703.272
Inverter_XW:13,2026-04-24 08:00:00,1471.089,2014.275,41670.88,703.272
Inverter_XW:13,2026-04-24 10:00:00,1471.089,2014.275,41675.208,703.272
Inverter_XW:13,2026-04-24 12:00:00,1471.089,2014.275,41678.67,703.272
Inverter_XW:13,2026-04-24 13:00:00,1471.089,2014.275,41681.516,703.272
Inverter_XW:13,2026-04-24 14:00:00,1471.089,2014.275,41683.273,703.272
Inverter_XW:13,2026-04-24 15:00:00,1471.089,2014.275,41685.555,703.272
Inverter_XW:13,2026-04-24 16:00:00,1471.089,2014.275,41688.434,703.272
Inverter_XW:13,2026-04-24 17:00:00,1471.089,2014.275,41691.183999999994,703.272
Inverter_XW:13,2026-04-24 18:00:00,1471.089,2014.275,41693.28,703.272
Inverter_XW:13,2026-04-24 19:00:00,1471.089,2014.275,41693.387,703.272
Inverter_XW:13,2026-04-24 20:00:00,1471.089,2014.275,41693.523,703.272
Inverter_XW:13,2026-04-24 21:00:00,1471.089,2014.275,41693.698000000004,703.272
Inverter_XW:13,2026-04-24 22:00:00,1471.089,2014.275,41693.867,703.272
Inverter_XW:13,2026-04-24 23:00:00,1471.089,2014.275,41694.026,703.272
Inverter_XW:13,2026-04-25 00:00:00,1471.089,2014.275,41694.184,703.272
Inverter_XW:13,2026-04-25 01:00:00,1471.089,2014.275,41694.357,703.272
Inverter_XW:13,2026-04-25 02:00:00,1471.089,2014.275,41694.523,703.272
Inverter_XW:13,2026-04-25 03:00:00,1471.089,2014.275,41694.656,703.272
Inverter_XW:13,2026-04-25 04:00:00,1471.089,2014.275,41694.793,703.272
Inverter_XW:13,2026-04-25 05:00:00,1471.089,2014.275,41694.953,703.272
Inverter_XW:13,2026-04-25 06:00:00,1471.089,2014.275,41695.445,703.272
Inverter_XW:13,2026-04-25 08:00:00,1471.089,2014.275,41697.633,703.272
Inverter_XW:13,2026-04-25 10:00:00,1471.089,2014.275,41702.008,703.272
Inverter_XW:13,2026-04-25 13:00:00,1471.089,2014.275,41707.848,703.272
Inverter_XW:13,2026-04-25 16:00:00,1471.089,2014.275,41709.31,703.272
Inverter_XW:13,2026-04-25 17:00:00,1471.089,2014.275,41709.473,703.272
Inverter_XW:13,2026-04-25 19:00:00,1471.089,2014.275,41709.816,703.272
Inverter_XW:13,2026-04-25 21:00:00,1471.089,2014.275,41710.043,703.272
Inverter_XW:13,2026-04-25 22:00:00,1471.089,2014.275,41710.246,703.272
Inverter_XW:13,2026-04-25 23:00:00,1471.089,2014.275,41710.426,703.272
Inverter_XW:13,2026-04-26 00:00:00,1471.089,2014.275,41710.594,703.272
Inverter_XW:13,2026-04-26 01:00:00,1471.089,2014.275,41710.734,703.272
Inverter_XW:13,2026-04-26 02:00:00,1471.089,2014.275,41710.84,703.272
Inverter_XW:13,2026-04-26 03:00:00,1471.089,2014.2750000000003,41711.00266666667,703.272
Inverter_XW:13,2026-04-26 04:00:00,1471.089,2014.275,41711.186,703.272
Inverter_XW:13,2026-04-26 05:00:00,1471.089,2014.2750000000003,41711.30866666667,703.272
Inverter_XW:13,2026-04-26 06:00:00,1471.089,2014.275,41711.45675,703.272
Inverter_XW:13,2026-04-26 07:00:00,1471.0899736842105,2015.2079473684212,41712.8747368421,703.272
Inverter_XW:13,2026-04-26 08:00:00,1471.09,2016.6473199999998,41714.92196,703.2720000000002
Inverter_XW:13,2026-04-26 09:00:00,1471.09,2016.888,41715.375,703.272
Inverter_XW:13,2026-04-26 10:00:00,1471.09,2016.888,41715.477,703.272
Inverter_XW:13,2026-04-26 11:00:00,1471.09,2016.888,41715.566,703.272
Inverter_XW:13,2026-04-26 12:00:00,1471.090909090909,2017.072909090909,41715.96609090909,703.272
Inverter_XW:13,2026-04-26 13:00:00,1471.091,2017.7939285714285,41716.989428571425,703.272
Inverter_XW:13,2026-04-26 14:00:00,1471.091,2018.048,41717.465,703.272
Inverter_XW:13,2026-04-26 15:00:00,1471.091,2018.048,41717.574,703.272
Inverter_XW:13,2026-04-26 16:00:00,1471.091,2018.048,41717.656,703.272
Inverter_XW:13,2026-04-26 17:00:00,1471.091,2018.048,41717.767,703.272
Inverter_XW:13,2026-04-26 18:00:00,1471.091,2018.048,41717.867,703.272
Inverter_XW:13,2026-04-26 19:00:00,1471.091,2018.048,41717.95,703.272
Inverter_XW:13,2026-04-26 20:00:00,1471.091,2018.048,41718.056,703.272
Inverter_XW:13,2026-04-26 21:00:00,1471.0909999999997,2018.048,41718.174666666666,703.272
Inverter_XW:13,2026-04-26 22:00:00,1471.091,2018.048,41718.2775,703.272
Inverter_XW:13,2026-04-26 23:00:00,1471.0909999999997,2018.048,41718.382,703.272
Inverter_XW:13,2026-04-27 00:00:00,1471.091,2018.048,41718.489,703.272
Inverter_XW:13,2026-04-27 01:00:00,1471.0909999999997,2018.048,41718.59566666667,703.272
Inverter_XW:13,2026-04-27 02:00:00,1471.091,2018.048,41718.688,703.272
Inverter_XW:13,2026-04-27 03:00:00,1471.091,2018.048,41718.769499999995,703.272
Inverter_XW:13,2026-04-27 04:00:00,1471.091,2018.048,41718.884,703.272
Inverter_XW:13,2026-04-27 05:00:00,1471.091,2018.048,41718.98,703.272
Inverter_XW:13,2026-04-27 06:00:00,1471.091,2018.048,41719.1795,703.272
Inverter_XW:13,2026-04-27 07:00:00,1471.091,2018.048,41720.984,703.272
Inverter_XW:13,2026-04-27 08:00:00,1471.091,2018.048,41723.023,703.272
Inverter_XW:13,2026-04-27 09:00:00,1471.091,2018.048,41724.934,703.272
Inverter_XW:13,2026-04-27 11:00:00,1471.091,2018.048,41727.594,703.272
Inverter_XW:13,2026-04-27 12:00:00,1471.091,2018.048,41730.7,703.272
Inverter_XW:13,2026-04-27 14:00:00,1471.091,2018.048,41734.086,703.272
Inverter_XW:13,2026-04-27 15:00:00,1471.223,2018.321375,41737.777500000004,703.272
Inverter_XW:13,2026-04-27 16:00:00,1471.223,2018.5849411764707,41738.94658823529,703.272
Inverter_XW:13,2026-04-27 17:00:00,1471.223,2018.617,41741.989,703.272
Inverter_XW:13,2026-04-27 18:00:00,1471.233,2018.697909090909,41745.099363636364,703.272
Inverter_XW:13,2026-04-27 19:00:00,1471.234,2018.706,41745.812,703.272
Inverter_XW:13,2026-04-27 20:00:00,1471.234,2018.706,41746.1835,703.272
Inverter_XW:13,2026-04-27 21:00:00,1471.234,2018.706,41746.3875,703.272
Inverter_XW:13,2026-04-27 22:00:00,1471.234,2018.706,41746.496,703.272
Inverter_XW:13,2026-04-27 23:00:00,1471.234,2018.706,41746.595,703.272
Inverter_XW:13,2026-04-28 00:00:00,1471.234,2018.706,41746.706999999995,703.272
Inverter_XW:13,2026-04-28 01:00:00,1471.234,2018.706,41746.805,703.272
Inverter_XW:13,2026-04-28 02:00:00,1471.2339999999997,2018.706,41746.916333333334,703.272
Inverter_XW:13,2026-04-28 03:00:00,1471.234,2018.706,41747.0215,703.272
Inverter_XW:13,2026-04-28 04:00:00,1471.2339999999997,2018.706,41747.12766666667,703.272
Inverter_XW:13,2026-04-28 05:00:00,1471.2339999999997,2018.706,41747.24566666666,703.272
Inverter_XW:13,2026-04-28 06:00:00,1471.234,2018.706,41747.451,703.272
Inverter_XW:13,2026-04-28 07:00:00,1471.234,2018.706,41748.716499999995,703.272
Inverter_XW:13,2026-04-28 08:00:00,1471.234,2018.706,41750.475000000006,703.272
Inverter_XW:13,2026-04-28 09:00:00,1471.234,2018.706,41752.5115,703.272
Inverter_XW:13,2026-04-28 10:00:00,1471.234,2018.706,41754.41,703.272
Inverter_XW:13,2026-04-28 11:00:00,1471.234,2018.706,41756.682,703.272
Inverter_XW:13,2026-04-28 12:00:00,1471.234,2018.706,41759.203,703.272
Inverter_XW:13,2026-04-28 13:00:00,1471.234,2018.706,41761.133,703.272
Inverter_XW:13,2026-04-28 14:00:00,1471.234,2018.706,41763.38,703.272
Inverter_XW:13,2026-04-28 15:00:00,1471.238,2018.899789473684,41765.971263157895,703.272
Inverter_XW:13,2026-04-28 16:00:00,1471.238,2018.9489999999998,41767.869666666666,703.272
Inverter_XW:13,2026-04-28 17:00:00,1471.238,2018.949,41770.3024,703.272
Inverter_XW:13,2026-04-28 18:00:00,1471.238,2018.9489999999998,41772.35833333333,703.272
Inverter_XW:13,2026-04-28 19:00:00,1471.238,2018.949,41773.29125,703.272
Inverter_XW:13,2026-04-28 20:00:00,1471.238,2018.9489999999998,41773.46666666667,703.272
Inverter_XW:13,2026-04-28 21:00:00,1471.238,2018.9489999999998,41773.634333333335,703.272
Inverter_XW:13,2026-04-28 22:00:00,1471.238,2018.949,41773.789000000004,703.272
Inverter_XW:13,2026-04-28 23:00:00,1471.238,2018.9489999999998,41773.96633333334,703.272
Inverter_XW:13,2026-04-29 00:00:00,1471.238,2018.949,41774.176,703.272
Inverter_XW:13,2026-04-29 01:00:00,1471.238,2018.949,41774.34,703.272
Inverter_XW:13,2026-04-29 02:00:00,1471.238,2018.949,41774.4975,703.272
Inverter_XW:13,2026-04-29 03:00:00,1471.238,2018.949,41774.703,703.272
Inverter_XW:13,2026-04-29 04:00:00,1471.238,2018.949,41774.89,703.272
Inverter_XW:13,2026-04-29 06:00:00,1471.238,2019.1499,41775.43985,703.272
Inverter_XW:13,2026-04-29 07:00:00,1471.238,2019.2210000000002,41776.531833333334,703.272
Inverter_XW:13,2026-04-29 08:00:00,1471.238,2019.221,41778.28475,703.272
Inverter_XW:13,2026-04-29 09:00:00,1471.238,2019.221,41780.26475,703.272
Inverter_XW:13,2026-04-29 10:00:00,1471.238,2019.2210000000002,41782.128,703.272
Inverter_XW:13,2026-04-29 11:00:00,1471.238,2019.221,41784.25,703.272
Inverter_XW:13,2026-04-29 12:00:00,1471.238,2019.221,41786.234,703.272
Inverter_XW:13,2026-04-29 13:00:00,1471.238,2019.2210000000002,41788.00066666667,703.272
Inverter_XW:13,2026-04-29 14:00:00,1471.238,2019.2210000000002,41790.50666666666,703.272
Inverter_XW:13,2026-04-29 15:00:00,1471.238,2019.221,41792.925,703.272
Inverter_XW:13,2026-04-29 16:00:00,1471.238,2019.221,41795.366500000004,703.272
Inverter_XW:13,2026-04-29 17:00:00,1471.238,2019.221,41797.258,703.272
Inverter_XW:13,2026-04-29 18:00:00,1471.238,2019.221,41799.3435,703.272
Inverter_XW:13,2026-04-29 19:00:00,1471.238,2019.221,41800.33,703.272
Inverter_XW:13,2026-04-29 20:00:00,1471.238,2019.221,41800.516,703.272
Inverter_XW:13,2026-04-29 21:00:00,1471.238,2019.221,41800.7,703.272
Inverter_XW:13,2026-04-29 23:00:00,1471.238,2019.221,41801.03,703.272
Inverter_XW:13,2026-04-30 00:00:00,1471.24,2019.4561176470588,41801.57694117647,703.272
Inverter_XW:13,2026-04-30 01:00:00,1471.24,2019.578,41801.791,703.272
Inverter_XW:13,2026-04-30 02:00:00,1471.24,2019.5780000000002,41801.903333333335,703.272
Inverter_XW:13,2026-04-30 03:00:00,1471.24,2019.5780000000002,41802.007000000005,703.272
Inverter_XW:13,2026-04-30 04:00:00,1471.24,2019.5780000000002,41802.112,703.272
Inverter_XW:13,2026-04-30 05:00:00,1471.24,2019.5780000000002,41802.212,703.272
Inverter_XW:13,2026-04-30 06:00:00,1471.24,2019.5780000000002,41802.30933333333,703.272
Inverter_XW:13,2026-04-30 07:00:00,1471.2484,2019.6638666666668,41803.57893333333,703.272
Inverter_XW:13,2026-04-30 08:00:00,1471.2495,2019.6726666666666,41805.558333333334,703.272
Inverter_XW:13,2026-04-30 09:00:00,1471.252,2019.742294117647,41806.89752941177,703.272
Inverter_XW:13,2026-04-30 10:00:00,1471.252,2019.745,41809.259,703.272
Inverter_XW:13,2026-04-30 11:00:00,1471.252,2019.745,41811.2755,703.272
Inverter_XW:13,2026-04-30 12:00:00,1471.2519999999997,2019.745,41813.056666666664,703.272
Inverter_XW:13,2026-04-30 13:00:00,1471.2519999999997,2019.745,41815.13566666666,703.272
Inverter_XW:13,2026-04-30 14:00:00,1471.2519999999997,2019.745,41817.342333333334,703.272
Inverter_XW:13,2026-04-30 15:00:00,1471.252,2019.745,41819.1835,703.272
Inverter_XW:13,2026-04-30 16:00:00,1471.2519999999997,2019.745,41821.169,703.272
Inverter_XW:13,2026-04-30 17:00:00,1471.2519999999997,2019.745,41823.670666666665,703.272
Inverter_XW:13,2026-04-30 18:00:00,1471.252,2019.745,41825.922,703.272
Inverter_XW:13,2026-04-30 19:00:00,1471.252,2019.745,41826.875,703.272
Inverter_XW:13,2026-04-30 20:00:00,1471.252,2019.745,41827.0545,703.272
Inverter_XW:13,2026-04-30 21:00:00,1471.252,2019.745,41827.223,703.272
Inverter_XW:13,2026-04-30 22:00:00,1471.252,2019.745,41827.4115,703.272
Inverter_XW:13,2026-04-30 23:00:00,1471.252,2019.745,41827.62,703.272
Inverter_XW:13,2026-05-01 00:00:00,1471.252,2019.745,41827.777,703.272
Inverter_XW:13,2026-05-01 01:00:00,1471.252,2019.745,41827.945,703.272
Inverter_XW:13,2026-05-01 02:00:00,1471.252,2019.745,41828.125,703.272
Inverter_XW:13,2026-05-01 04:00:00,1471.252,2019.745,41828.355,703.272
Inverter_XW:13,2026-05-01 05:00:00,1471.252,2019.745,41828.586,703.272
Inverter_XW:13,2026-05-01 07:00:00,1471.252,2019.745,41828.94,703.272
Inverter_XW:13,2026-05-01 09:00:00,1471.252,2019.745,41829.27,703.272
Inverter_XW:13,2026-05-01 12:00:00,1471.252,2019.745,41829.684,703.272
Inverter_XW:13,2026-05-01 15:00:00,1471.252,2019.745,41830.15,703.272
Inverter_XW:13,2026-05-01 19:00:00,1471.252,2019.745,41830.69,703.272
Inverter_XW:13,2026-05-01 23:00:00,1471.252,2019.745,41831.38,703.272
Inverter_XW:13,2026-05-02 05:00:00,1471.252,2019.745,41832.176,703.272
Inverter_XW:13,2026-05-02 11:00:00,1471.252,2019.745,41838.79,703.272
Inverter_XW:13,2026-05-02 20:00:00,1471.252,2019.745,41847.242,703.272
Inverter_XW:13,2026-05-03 05:00:00,1471.252,2019.745,41848.56,703.272
Inverter_XW:13,2026-05-03 19:00:00,1471.252,2019.745,41850.676,703.272
Inverter_XW:13,2026-05-04 06:00:00,1471.252,2019.745,41852.504,703.272
Inverter_XW:13,2026-05-04 21:00:00,1471.252,2019.745,41878.54,703.272
Inverter_XW:13,2026-05-05 08:00:00,1471.252,2019.745,41883.836,703.272
Inverter_XW:13,2026-05-05 20:00:00,1471.252,2019.745,41905.176,703.272
Inverter_XW:13,2026-05-06 02:00:00,1471.252,2019.745,41906.71,703.272
Inverter_XW:13,2026-05-06 06:00:00,1471.252,2019.745,41907.504,703.272
Inverter_XW:13,2026-05-06 07:00:00,1471.252,2019.745,41909.582,703.272
Inverter_XW:13,2026-05-06 09:00:00,1471.252,2019.745,41912.082,703.272
Inverter_XW:13,2026-05-06 10:00:00,1471.252,2019.745,41913.957,703.272
Inverter_XW:13,2026-05-06 11:00:00,1471.252,2019.745,41916.45,703.272
Inverter_XW:13,2026-05-06 12:00:00,1471.252,2019.745,41919.43,703.272
Inverter_XW:13,2026-05-06 14:00:00,1471.252,2019.745,41923.09,703.272
Inverter_XW:13,2026-05-06 15:00:00,1471.252,2019.745,41925.703,703.272
Inverter_XW:13,2026-05-06 16:00:00,1471.252,2019.745,41928.156,703.272
Inverter_XW:13,2026-05-06 17:00:00,1471.252,2019.745,41930.73,703.272
Inverter_XW:13,2026-05-06 18:00:00,1471.252,2019.745,41933.406,703.272
Inverter_XW:13,2026-05-06 19:00:00,1471.252,2019.745,41934.684,703.272
Inverter_XW:13,2026-05-06 20:00:00,1471.252,2019.745,41935.07,703.272
Inverter_XW:13,2026-05-06 22:00:00,1471.252,2019.745,41935.508,703.272
Inverter_XW:13,2026-05-06 23:00:00,1471.252,2019.745,41935.867,703.272
Inverter_XW:13,2026-05-07 00:00:00,1471.252,2019.745,41936.332,703.272
Inverter_XW:13,2026-05-07 02:00:00,1471.252,2019.745,41936.72,703.272
Inverter_XW:13,2026-05-07 03:00:00,1471.252,2019.745,41937.094,703.272
Inverter_XW:13,2026-05-07 04:00:00,1471.252,2019.745,41937.51,703.272
Inverter_XW:13,2026-05-07 05:00:00,1471.252,2019.745,41937.938,703.272
Inverter_XW:13,2026-05-07 07:00:00,1471.252,2019.745,41939.04,703.272
Inverter_XW:13,2026-05-07 08:00:00,1471.252,2019.745,41941.68,703.272
Inverter_XW:13,2026-05-07 09:00:00,1471.252,2019.745,41944.066,703.272
Inverter_XW:13,2026-05-07 11:00:00,1471.252,2019.745,41947.3,703.272
Inverter_XW:13,2026-05-07 12:00:00,1471.252,2019.745,41950.555,703.272
Inverter_XW:13,2026-05-07 14:00:00,1471.252,2019.745,41953.76,703.272
Inverter_XW:13,2026-05-07 15:00:00,1471.252,2019.745,41956.83,703.272
Inverter_XW:13,2026-05-07 17:00:00,1471.252,2019.745,41960.94,703.272
Inverter_XW:13,2026-05-07 18:00:00,1471.252,2019.745,41964.277,703.272
Inverter_XW:13,2026-05-07 20:00:00,1471.252,2019.745,41965.305,703.272
Inverter_XW:13,2026-05-07 22:00:00,1471.252,2019.745,41965.695,703.272
Inverter_XW:13,2026-05-07 23:00:00,1471.252,2019.745,41966.105,703.272
Inverter_XW:13,2026-05-08 01:00:00,1471.252,2019.745,41966.508,703.272
Inverter_XW:13,2026-05-08 03:00:00,1471.252,2019.745,41966.88,703.272
Inverter_XW:13,2026-05-08 04:00:00,1471.252,2019.745,41967.242,703.272
Inverter_XW:13,2026-05-08 06:00:00,1471.252,2019.745,41968.496,703.272
Inverter_XW:13,2026-05-08 08:00:00,1471.252,2019.745,41971.758,703.272
Inverter_XW:13,2026-05-08 09:00:00,1471.252,2019.745,41973.96,703.272
Inverter_XW:13,2026-05-08 11:00:00,1471.252,2019.745,41977.46,703.272
Inverter_XW:13,2026-05-08 12:00:00,1471.252,2019.745,41980.215,703.272
Inverter_XW:13,2026-05-08 13:00:00,1471.252,2019.745,41982.45,703.272
Inverter_XW:13,2026-05-08 14:00:00,1471.252,2019.745,41985.4,703.272
Inverter_XW:13,2026-05-08 15:00:00,1471.252,2019.745,41987.227,703.272
Inverter_XW:13,2026-05-08 17:00:00,1471.252,2019.745,41991.456999999995,703.272
Inverter_XW:13,2026-05-08 18:00:00,1471.252,2019.745,41993.953,703.272
Inverter_XW:13,2026-05-08 20:00:00,1471.252,2019.745,41994.2595,703.272
Inverter_XW:13,2026-05-08 21:00:00,1471.252,2019.745,41994.54,703.272
Inverter_XW:13,2026-05-08 22:00:00,1471.252,2019.745,41994.754,703.272
Inverter_XW:13,2026-05-08 23:00:00,1471.252,2019.745,41994.945,703.272
Inverter_XW:13,2026-05-09 00:00:00,1471.252,2019.745,41995.156,703.272
Inverter_XW:13,2026-05-09 01:00:00,1471.252,2019.745,41995.37,703.272
Inverter_XW:13,2026-05-09 02:00:00,1471.252,2019.745,41995.58,703.272
Inverter_XW:13,2026-05-09 03:00:00,1471.252,2019.745,41995.746,703.272
Inverter_XW:13,2026-05-09 05:00:00,1471.252,2019.745,41996.004,703.272
Inverter_XW:13,2026-05-09 06:00:00,1471.252,2019.745,41996.2,703.272
Inverter_XW:13,2026-05-09 07:00:00,1471.252,2019.745,41997.0505,703.272
Inverter_XW:13,2026-05-09 09:00:00,1471.252,2019.745,42001.1895,703.272
Inverter_XW:13,2026-05-09 10:00:00,1471.252,2019.745,42004.535,703.272
Inverter_XW:13,2026-05-09 11:00:00,1471.252,2019.745,42006.664,703.272
Inverter_XW:13,2026-05-09 12:00:00,1471.252,2019.745,42007.96,703.272
Inverter_XW:13,2026-05-09 13:00:00,1471.252,2019.745,42009.29,703.272
Inverter_XW:13,2026-05-09 14:00:00,1471.252,2019.745,42011.37300000001,703.272
Inverter_XW:13,2026-05-09 15:00:00,1471.252,2019.745,42011.82,703.272
Inverter_XW:13,2026-05-09 16:00:00,1471.252,2019.745,42012.023,703.272
Inverter_XW:13,2026-05-09 17:00:00,1471.252,2019.745,42012.256,703.272
Inverter_XW:13,2026-05-09 18:00:00,1471.252,2019.745,42012.496,703.272
Inverter_XW:13,2026-05-09 19:00:00,1471.252,2019.745,42012.734,703.272
Inverter_XW:13,2026-05-09 20:00:00,1471.252,2019.745,42012.973,703.272
Inverter_XW:13,2026-05-09 21:00:00,1471.252,2019.745,42013.19,703.272
Inverter_XW:13,2026-05-09 22:00:00,1471.252,2019.745,42013.457500000004,703.272
Inverter_XW:13,2026-05-10 00:00:00,1471.252,2019.745,42013.87,703.272
Inverter_XW:13,2026-05-10 01:00:00,1471.252,2019.745,42014.227,703.272
Inverter_XW:13,2026-05-10 03:00:00,1471.252,2019.745,42014.56,703.272
Inverter_XW:13,2026-05-10 05:00:00,1471.252,2019.745,42015.17,703.272
Inverter_XW:13,2026-05-10 06:00:00,1471.253,2020.2082222222223,42015.99966666666,703.272
Inverter_XW:13,2026-05-10 07:00:00,1471.253,2021.5462564102565,42017.90512820513,703.272
Inverter_XW:13,2026-05-10 08:00:00,1471.253,2022.101,42018.76,703.272
Inverter_XW:13,2026-05-10 09:00:00,1471.253,2022.101,42018.873,703.272
Inverter_XW:13,2026-05-10 10:00:00,1471.253,2022.101,42019.016,703.272
Inverter_XW:13,2026-05-10 11:00:00,1471.253,2022.101,42019.133,703.272
Inverter_XW:13,2026-05-10 13:00:00,1471.253,2022.101,42019.25,703.272
Inverter_XW:13,2026-05-10 14:00:00,1471.253,2022.101,42019.414,703.272
Inverter_XW:13,2026-05-10 16:00:00,1471.253,2022.101,42019.59,703.272
Inverter_XW:13,2026-05-10 18:00:00,1471.253,2022.101,42019.805,703.272
Inverter_XW:13,2026-05-10 20:00:00,1471.253,2022.101,42020.03,703.272
Inverter_XW:13,2026-05-10 23:00:00,1471.253,2022.101,42020.312,703.272
Inverter_XW:13,2026-05-11 02:00:00,1471.253,2022.101,42020.656,703.272
Inverter_XW:13,2026-05-11 05:00:00,1471.253,2022.101,42021.043,703.272
Inverter_XW:13,2026-05-11 10:00:00,1471.253,2022.101,42027.523,703.272
Inverter_XW:13,2026-05-11 15:00:00,1471.253,2022.101,42039.07,703.272
Inverter_XW:13,2026-05-11 19:00:00,1471.253,2022.101,42048.477,703.272
Inverter_XW:13,2026-05-12 00:00:00,1471.253,2022.101,42049.324,703.272
Inverter_XW:13,2026-05-12 05:00:00,1471.253,2022.101,42050.035,703.272
Inverter_XW:13,2026-05-12 11:00:00,1471.253,2022.101,42058.086,703.272
Inverter_XW:13,2026-05-12 16:00:00,1471.253,2022.101,42070.27,703.272
Inverter_XW:13,2026-05-12 22:00:00,1471.253,2022.101,42075.32,703.272
Inverter_XW:13,2026-05-13 03:00:00,1471.253,2022.101,42076.074,703.272
Inverter_XW:13,2026-05-13 10:00:00,1471.253,2022.101,42082.715,703.272
Inverter_XW:13,2026-05-13 15:00:00,1471.253,2022.101,42093.93,703.272
Inverter_XW:13,2026-05-13 18:00:00,1471.253,2022.101,42101.473,703.272
Inverter_XW:13,2026-05-13 20:00:00,1471.253,2022.101,42104.508,703.272
Inverter_XW:13,2026-05-13 21:00:00,1471.253,2022.101,42107.87,703.272
Inverter_XW:13,2026-05-13 22:00:00,1471.2556666666667,2022.1333333333332,42110.465,703.272
Inverter_XW:13,2026-05-13 23:00:00,1471.257,2022.9418,42112.53348571429,703.272
Inverter_XW:13,2026-05-14 00:00:00,1471.257,2023.447,42115.11225,703.272
Inverter_XW:13,2026-05-14 01:00:00,1471.257,2023.447,42117.66499999999,703.272
Inverter_XW:13,2026-05-14 02:00:00,1471.257,2023.447,42119.83,703.272
Inverter_XW:13,2026-05-14 03:00:00,1471.257,2023.447,42121.477,703.272
Inverter_XW:13,2026-05-14 04:00:00,1471.257,2023.447,42123.715,703.272
Inverter_XW:13,2026-05-14 06:00:00,1471.257,2023.447,42125.97,703.272
Inverter_XW:13,2026-05-14 07:00:00,1471.257,2023.447,42128.957,703.272
Inverter_XW:13,2026-05-14 09:00:00,1471.257,2023.447,42132.434,703.272
Inverter_XW:13,2026-05-14 11:00:00,1471.257,2023.447,42136.82,703.272
Inverter_XW:13,2026-05-14 14:00:00,1471.257,2023.447,42142.04,703.272
Inverter_XW:13,2026-05-14 16:00:00,1471.257,2023.447,42147.445,703.272
Inverter_XW:13,2026-05-14 20:00:00,1471.257,2023.447,42155.03,703.272
Inverter_XW:13,2026-05-15 00:00:00,1471.257,2023.447,42163.773,703.272
Inverter_XW:13,2026-05-15 01:00:00,1471.26,2023.7527692307692,42166.77084615384,703.272
Inverter_XW:13,2026-05-15 02:00:00,1471.26,2024.45804,42168.390199999994,703.2720000000002
Inverter_XW:13,2026-05-15 03:00:00,1471.26,2024.653,42170.3255,703.272
Inverter_XW:13,2026-05-15 04:00:00,1471.26,2024.653,42171.835,703.272
Inverter_XW:13,2026-05-15 05:00:00,1471.26,2024.653,42173.140666666666,703.272
Inverter_XW:13,2026-05-15 06:00:00,1471.26,2024.653,42174.64333333333,703.272
Inverter_XW:13,2026-05-15 07:00:00,1471.2625714285714,2024.75,42176.44528571428,703.272
Inverter_XW:13,2026-05-15 08:00:00,1471.263,2024.7900000000002,42177.3542,703.272
Inverter_XW:13,2026-05-15 09:00:00,1471.263,2024.79,42179.282666666666,703.272
Inverter_XW:13,2026-05-15 10:00:00,1471.263,2024.79,42181.088,703.272
Inverter_XW:13,2026-05-15 11:00:00,1471.263,2024.79,42182.5075,703.272
Inverter_XW:13,2026-05-15 12:00:00,1471.263,2024.79,42184.24566666667,703.272
Inverter_XW:13,2026-05-15 13:00:00,1471.263,2024.79,42186.16466666667,703.272
Inverter_XW:13,2026-05-15 14:00:00,1471.263,2024.79,42187.801999999996,703.272
Inverter_XW:13,2026-05-15 15:00:00,1471.263,2024.79,42189.168999999994,703.272
Inverter_XW:13,2026-05-15 16:00:00,1471.263,2024.79,42191.23566666667,703.272
Inverter_XW:13,2026-05-15 17:00:00,1471.263,2024.79,42193.455,703.272
Inverter_XW:13,2026-05-15 18:00:00,1471.263,2024.79,42194.867,703.272
Inverter_XW:13,2026-05-15 19:00:00,1471.263,2024.79,42196.3675,703.272
Inverter_XW:13,2026-05-15 20:00:00,1471.263,2024.79,42198.6235,703.272
Inverter_XW:13,2026-05-15 21:00:00,1471.263,2024.79,42199.54,703.272
Inverter_XW:13,2026-05-15 22:00:00,1471.263,2024.79,42199.695,703.272
Inverter_XW:13,2026-05-15 23:00:00,1471.263,2024.79,42199.895,703.272
Inverter_XW:13,2026-05-16 00:00:00,1471.263,2024.79,42200.086,703.272
Inverter_XW:13,2026-05-16 02:00:00,1471.263,2024.79,42200.305,703.272
Inverter_XW:13,2026-05-16 03:00:00,1471.263,2024.79,42200.543,703.272
Inverter_XW:13,2026-05-16 05:00:00,1471.263,2024.79,42200.88,703.272
Inverter_XW:13,2026-05-16 06:00:00,1471.263,2024.79,42201.14,703.272
Inverter_XW:13,2026-05-16 09:00:00,1471.263,2024.79,42204.348,703.272
Inverter_XW:13,2026-05-16 11:00:00,1471.263,2024.79,42208.71,703.272
Inverter_XW:13,2026-05-16 14:00:00,1471.263,2024.79,42213.492,703.272
Inverter_XW:13,2026-05-16 16:00:00,1471.263,2024.79,42215.03,703.272
Inverter_XW:13,2026-05-16 20:00:00,1471.263,2024.79,42215.617,703.272
Inverter_XW:13,2026-05-16 23:00:00,1471.263,2024.79,42216.18,703.272
Inverter_XW:13,2026-05-17 03:00:00,1471.263,2024.79,42216.824,703.272
Inverter_XW:13,2026-05-17 07:00:00,1471.263,2024.79,42217.56,703.272
Inverter_XW:13,2026-05-17 13:00:00,1471.263,2024.79,42218.547,703.272
Inverter_XW:13,2026-05-17 20:00:00,1471.263,2024.79,42219.824,703.272
Inverter_XW:13,2026-05-18 06:00:00,1471.263,2024.79,42221.48,703.272
Inverter_XW:13,2026-05-18 18:00:00,1471.263,2024.79,42223.383,703.272
Inverter_XW:13,2026-05-19 06:00:00,1471.263,2024.79,42225.406,703.272
Inverter_XW:13,2026-05-19 08:00:00,1471.265,2025.480827586207,42229.83358620689,703.272
Inverter_XW:13,2026-05-19 09:00:00,1471.265,2026.134315789474,42231.897894736845,703.272
Inverter_XW:13,2026-05-19 10:00:00,1471.265,2026.135,42234.19,703.272
Inverter_XW:13,2026-05-19 11:00:00,1471.265,2026.135,42236.619,703.272
Inverter_XW:13,2026-05-19 12:00:00,1471.265,2026.135,42239.0565,703.272
Inverter_XW:13,2026-05-19 13:00:00,1471.265,2026.135,42240.68,703.272
Inverter_XW:13,2026-05-19 14:00:00,1471.265,2026.135,42242.105,703.272
Inverter_XW:13,2026-05-19 15:00:00,1471.265,2026.135,42244.582,703.272
Inverter_XW:13,2026-05-19 17:00:00,1471.265,2026.135,42249.0535,703.272
Inverter_XW:13,2026-05-19 19:00:00,1471.265,2026.135,42253.332,703.272
Inverter_XW:13,2026-05-19 20:00:00,1471.265,2026.135,42256.277,703.272
Inverter_XW:13,2026-05-19 22:00:00,1471.265,2026.135,42259.49,703.272
Inverter_XW:13,2026-05-20 00:00:00,1471.265,2026.135,42263.027,703.272
Inverter_XW:13,2026-05-20 02:00:00,1471.265,2026.135,42267.973,703.272
Inverter_XW:13,2026-05-20 04:00:00,1471.265,2026.135,42272.28,703.272
Inverter_XW:13,2026-05-20 06:00:00,1471.265,2026.135,42276.875,703.272
Inverter_XW:13,2026-05-20 08:00:00,1471.265,2026.135,42282.324,703.272
Inverter_XW:13,2026-05-20 11:00:00,1471.265,2026.135,42288.36,703.272
Inverter_XW:13,2026-05-20 14:00:00,1471.265,2026.135,42295.77,703.272
Inverter_XW:13,2026-05-20 17:00:00,1471.265,2026.135,42302.8,703.272
Inverter_XW:13,2026-05-20 20:00:00,1471.265,2026.135,42311.188,703.272
Inverter_XW:13,2026-05-21 00:00:00,1471.265,2026.135,42321.312,703.272
Inverter_XW:13,2026-05-21 04:00:00,1471.265,2026.135,42330.176,703.272
Inverter_XW:13,2026-05-21 08:00:00,1471.269,2026.1806666666669,42339.71,703.272
Inverter_XW:13,2026-05-21 09:00:00,1471.269,2026.883794117647,42341.47547058824,703.272
Inverter_XW:13,2026-05-21 10:00:00,1471.269,2027.255,42343.697,703.272
Inverter_XW:13,2026-05-21 11:00:00,1471.269,2027.255,42345.348,703.272
Inverter_XW:13,2026-05-21 12:00:00,1471.269,2027.255,42347.355,703.272
Inverter_XW:13,2026-05-21 13:00:00,1471.269,2027.255,42349.535,703.272
Inverter_XW:13,2026-05-21 14:00:00,1471.269,2027.255,42352.85,703.272
Inverter_XW:13,2026-05-21 16:00:00,1471.269,2027.255,42355.69,703.272
Inverter_XW:13,2026-05-21 17:00:00,1471.269,2027.255,42358.46,703.272
Inverter_XW:13,2026-05-21 18:00:00,1471.269,2027.255,42361.561499999996,703.272
Inverter_XW:13,2026-05-21 19:00:00,1471.275,2027.3364666666666,42364.1648,703.272
Inverter_XW:13,2026-05-21 20:00:00,1471.2750000000003,2027.349,42366.31733333333,703.272
Inverter_XW:13,2026-05-21 21:00:00,1471.275,2027.349,42368.61,703.272
Inverter_XW:13,2026-05-21 22:00:00,1471.275,2027.349,42371.096999999994,703.272
Inverter_XW:13,2026-05-21 23:00:00,1471.275,2027.349,42374.08,703.272
Inverter_XW:13,2026-05-22 00:00:00,1471.275,2027.349,42376.395,703.272
Inverter_XW:13,2026-05-22 01:00:00,1471.275,2027.349,42378.1995,703.272
Inverter_XW:13,2026-05-22 02:00:00,1471.275,2027.349,42380.6575,703.272
Inverter_XW:13,2026-05-22 03:00:00,1471.275,2027.349,42382.841,703.272
Inverter_XW:13,2026-05-22 04:00:00,1471.2750000000003,2027.349,42385.31733333333,703.272
Inverter_XW:13,2026-05-22 05:00:00,1471.275,2027.349,42387.662,703.272
Inverter_XW:13,2026-05-22 06:00:00,1471.275,2027.349,42389.3585,703.272
Inverter_XW:13,2026-05-22 07:00:00,1471.2750000000003,2027.349,42391.801,703.272
Inverter_XW:13,2026-05-22 08:00:00,1471.275,2027.349,42394.295,703.272
Inverter_XW:13,2026-05-22 09:00:00,1471.275,2027.349,42396.1,703.272
Inverter_XW:13,2026-05-22 10:00:00,1471.275,2027.349,42397.865999999995,703.272
Inverter_XW:13,2026-05-22 11:00:00,1471.275,2027.349,42400.105,703.272
Inverter_XW:13,2026-05-22 12:00:00,1471.275,2027.349,42401.625,703.272
Inverter_XW:13,2026-05-22 13:00:00,1471.275,2027.349,42403.664,703.272
Inverter_XW:13,2026-05-22 14:00:00,1471.275,2027.349,42405.484,703.272
Inverter_XW:13,2026-05-22 15:00:00,1471.275,2027.349,42408.004,703.272
Inverter_XW:13,2026-05-22 16:00:00,1471.275,2027.349,42410.92,703.272
Inverter_XW:13,2026-05-22 18:00:00,1471.275,2027.349,42414.246,703.272
Inverter_XW:13,2026-05-22 19:00:00,1471.275,2027.349,42417.508,703.272
Inverter_XW:13,2026-05-22 20:00:00,1471.2800000000002,2027.6325217391307,42418.752173913046,703.272
Inverter_XW:13,2026-05-22 21:00:00,1471.28,2027.737,42420.734,703.272
Inverter_XW:13,2026-05-22 22:00:00,1471.28,2027.737,42422.71466666667,703.272
Inverter_XW:13,2026-05-22 23:00:00,1471.28,2027.737,42424.644,703.272
Inverter_XW:13,2026-05-23 00:00:00,1471.28,2027.737,42426.32266666667,703.272
Inverter_XW:13,2026-05-23 01:00:00,1471.28,2027.737,42426.8075,703.272
Inverter_XW:13,2026-05-23 02:00:00,1471.28,2027.737,42426.903,703.272
Inverter_XW:13,2026-05-23 03:00:00,1471.28,2027.737,42427.022,703.272
Inverter_XW:13,2026-05-23 04:00:00,1471.28,2027.737,42427.14166666666,703.272
Inverter_XW:13,2026-05-23 05:00:00,1471.28,2027.737,42427.239,703.272
Inverter_XW:13,2026-05-23 06:00:00,1471.28,2027.737,42427.338,703.272
Inverter_XW:13,2026-05-23 07:00:00,1471.28,2027.737,42428.742666666665,703.272
Inverter_XW:13,2026-05-23 08:00:00,1471.28,2027.737,42430.39,703.272
Inverter_XW:13,2026-05-23 09:00:00,1471.28,2027.737,42432.0055,703.272
Inverter_XW:13,2026-05-23 10:00:00,1471.28,2027.737,42434.2475,703.272
Inverter_XW:13,2026-05-23 11:00:00,1471.28,2027.737,42436.586,703.272
Inverter_XW:13,2026-05-23 12:00:00,1471.28,2027.737,42437.617,703.272
Inverter_XW:13,2026-05-23 13:00:00,1471.28,2027.737,42439.074,703.272
Inverter_XW:13,2026-05-23 14:00:00,1471.28,2027.737,42440.484,703.272
Inverter_XW:13,2026-05-23 15:00:00,1471.28,2027.737,42441.285,703.272
Inverter_XW:13,2026-05-23 17:00:00,1471.28,2027.737,42441.527,703.272
Inverter_XW:13,2026-05-23 19:00:00,1471.28,2027.737,42441.84,703.272
Inverter_XW:13,2026-05-23 21:00:00,1471.28,2027.737,42442.184,703.272
Inverter_XW:13,2026-05-23 23:00:00,1471.28,2027.737,42442.56,703.272
Inverter_XW:13,2026-05-24 01:00:00,1471.28,2027.737,42442.992,703.272
Inverter_XW:13,2026-05-24 04:00:00,1471.28,2027.737,42443.418,703.272
Inverter_XW:13,2026-05-24 07:00:00,1471.28,2027.737,42443.934,703.272
Inverter_XW:13,2026-05-24 11:00:00,1471.28,2027.737,42444.57,703.272
Inverter_XW:13,2026-05-24 15:00:00,1471.28,2027.737,42445.312,703.272
Inverter_XW:13,2026-05-24 21:00:00,1471.28,2027.737,42446.344,703.272
Inverter_XW:13,2026-05-25 04:00:00,1471.28,2027.737,42447.438,703.272
Inverter_XW:13,2026-05-25 14:00:00,1471.28,2027.737,42463.87,703.272
Inverter_XW:13,2026-05-26 03:00:00,1471.28,2027.737,42490.324,703.272
Inverter_XW:13,2026-05-26 15:00:00,1471.28,2027.737,42516.47,703.272
Inverter_XW:13,2026-05-27 03:00:00,1471.28,2027.737,42543.35,703.272
Inverter_XW:13,2026-05-27 17:00:00,1471.28,2027.737,42572.586,703.272
Inverter_XW:13,2026-05-28 03:00:00,1471.28,2027.737,42577.49,703.272
Inverter_XW:13,2026-05-28 12:00:00,1471.28,2027.737,42588.58,703.272
Inverter_XW:13,2026-05-28 13:00:00,1471.284,2028.1146470588235,42591.281882352945,703.272
Inverter_XW:13,2026-05-28 14:00:00,1471.2839999999999,2028.919956521739,42593.33386956522,703.272
Inverter_XW:13,2026-05-28 15:00:00,1471.284,2029.089,42595.72749999999,703.272
Inverter_XW:13,2026-05-28 16:00:00,1471.284,2029.089,42598.192500000005,703.272
Inverter_XW:13,2026-05-28 17:00:00,1471.284,2029.089,42601.17,703.272
Inverter_XW:13,2026-05-28 19:00:00,1471.284,2029.089,42603.355,703.272
Inverter_XW:13,2026-05-28 20:00:00,1471.284,2029.089,42603.688,703.272
Inverter_XW:13,2026-05-28 21:00:00,1471.284,2029.089,42604.047,703.272
Inverter_XW:13,2026-05-28 23:00:00,1471.284,2029.089,42604.426,703.272
Inverter_XW:13,2026-05-29 01:00:00,1471.284,2029.089,42604.977,703.272
Inverter_XW:13,2026-05-29 03:00:00,1471.284,2029.089,42605.402,703.272
Inverter_XW:13,2026-05-29 05:00:00,1471.284,2029.089,42606.004,703.272
Inverter_XW:13,2026-05-29 07:00:00,1471.284,2029.089,42609.805,703.272
Inverter_XW:13,2026-05-29 10:00:00,1471.284,2029.089,42615.81,703.272
Inverter_XW:13,2026-05-29 13:00:00,1471.284,2029.089,42621.27,703.272
Inverter_XW:13,2026-05-29 17:00:00,1471.2878918918918,2029.7687027027025,42630.006027027026,703.272
Inverter_XW:13,2026-05-29 18:00:00,1471.2879999999998,2030.2429999999997,42632.58666666666,703.272
Inverter_XW:13,2026-05-29 19:00:00,1471.288,2030.243,42635.83,703.272
Inverter_XW:13,2026-05-29 20:00:00,1471.288,2030.243,42636.664,703.272
Inverter_XW:13,2026-05-29 21:00:00,1471.288,2030.243,42636.78,703.272
Inverter_XW:13,2026-05-29 22:00:00,1471.288,2030.243,42636.895,703.272
Inverter_XW:13,2026-05-30 00:00:00,1471.288,2030.243,42637.031,703.272
Inverter_XW:13,2026-05-30 01:00:00,1471.288,2030.243,42637.14,703.272
Inverter_XW:13,2026-05-30 02:00:00,1471.288,2030.243,42637.2385,703.272
Inverter_XW:13,2026-05-30 03:00:00,1471.288,2030.243,42637.3475,703.272
Inverter_XW:13,2026-05-30 04:00:00,1471.288,2030.243,42637.44,703.272
Inverter_XW:13,2026-05-30 05:00:00,1471.2879999999998,2030.2429999999997,42637.545666666665,703.272
Inverter_XW:13,2026-05-30 06:00:00,1471.288,2030.243,42637.6505,703.272
Inverter_XW:13,2026-05-30 07:00:00,1471.2879999999998,2030.2429999999997,42638.58566666667,703.272
Inverter_XW:13,2026-05-30 08:00:00,1471.288,2030.243,42640.3425,703.272
Inverter_XW:13,2026-05-30 09:00:00,1471.288,2030.243,42642.693499999994,703.272
Inverter_XW:13,2026-05-30 10:00:00,1471.288,2030.243,42644.66,703.272
Inverter_XW:13,2026-05-30 11:00:00,1471.288,2030.243,42646.184,703.272
Inverter_XW:13,2026-05-30 12:00:00,1471.288,2030.243,42647.963,703.272
Inverter_XW:13,2026-05-30 13:00:00,1471.288,2030.243,42649.684,703.272
Inverter_XW:13,2026-05-30 14:00:00,1471.288,2030.243,42651.07,703.272
Inverter_XW:13,2026-05-30 15:00:00,1471.288,2030.243,42651.64,703.272
Inverter_XW:13,2026-05-30 16:00:00,1471.288,2030.243,42651.74,703.272
Inverter_XW:13,2026-05-30 17:00:00,1471.288,2030.243,42651.867,703.272
Inverter_XW:13,2026-05-30 18:00:00,1471.288,2030.243,42652.0,703.272
Inverter_XW:13,2026-05-30 20:00:00,1471.288,2030.243,42652.184,703.272
Inverter_XW:13,2026-05-30 21:00:00,1471.288,2030.243,42652.33,703.272
Inverter_XW:13,2026-05-30 23:00:00,1471.288,2030.243,42652.543,703.272
Inverter_XW:13,2026-05-31 01:00:00,1471.288,2030.243,42652.766,703.272
Inverter_XW:13,2026-05-31 04:00:00,1471.288,2030.243,42653.016,703.272
Inverter_XW:13,2026-05-31 06:00:00,1471.288,2030.243,42653.246,703.272
Inverter_XW:13,2026-05-31 09:00:00,1471.288,2030.243,42653.555,703.272
Inverter_XW:13,2026-05-31 12:00:00,1471.288,2030.243,42653.88,703.272
Inverter_XW:13,2026-05-31 16:00:00,1471.288,2030.243,42654.312,703.272
Inverter_XW:13,2026-05-31 21:00:00,1471.288,2030.243,42654.81,703.272
Inverter_XW:13,2026-06-01 03:00:00,1471.288,2030.243,42655.426,703.272
Inverter_XW:13,2026-06-01 10:00:00,1471.288,2030.243,42661.387,703.272
Inverter_XW:13,2026-06-01 21:00:00,1471.288,2030.243,42680.055,703.272
Inverter_XW:13,2026-06-02 06:00:00,1471.288,2030.243,42682.56,703.272
Inverter_XW:13,2026-06-02 20:00:00,1471.288,2030.243,42706.81,703.272
Inverter_XW:13,2026-06-03 07:00:00,1471.288,2030.243,42710.65,703.272
Inverter_XW:13,2026-06-03 20:00:00,1471.288,2030.243,42735.473,703.272
Inverter_XW:13,2026-06-04 06:00:00,1471.288,2030.243,42739.24,703.272
Inverter_XW:13,2026-06-04 13:00:00,1471.288,2030.243,42752.56,703.272
Inverter_XW:13,2026-06-04 18:00:00,1471.288,2030.243,42763.227,703.272
Inverter_XW:13,2026-06-04 21:00:00,1471.288,2030.243,42767.008,703.272
Inverter_XW:13,2026-06-04 22:00:00,1471.288,2030.243,42767.188,703.272
Inverter_XW:13,2026-06-05 00:00:00,1471.288,2030.243,42767.367,703.272
Inverter_XW:13,2026-06-05 01:00:00,1471.288,2030.243,42767.516,703.272
Inverter_XW:13,2026-06-05 02:00:00,1471.288,2030.243,42767.652,703.272
Inverter_XW:13,2026-06-05 03:00:00,1471.288,2030.243,42767.77,703.272
Inverter_XW:13,2026-06-05 04:00:00,1471.288,2030.243,42767.89,703.272
Inverter_XW:13,2026-06-05 05:00:00,1471.288,2030.243,42768.115,703.272
Inverter_XW:13,2026-06-05 06:00:00,1471.288,2030.243,42769.996,703.272
Inverter_XW:13,2026-06-05 07:00:00,1471.288,2030.243,42771.785,703.272
Inverter_XW:13,2026-06-05 09:00:00,1471.288,2030.243,42773.707,703.272
Inverter_XW:13,2026-06-05 10:00:00,1471.288,2030.243,42776.18,703.272
Inverter_XW:13,2026-06-05 11:00:00,1471.288,2030.243,42778.19,703.272
Inverter_XW:13,2026-06-05 12:00:00,1471.288,2030.243,42780.83,703.272
Inverter_XW:13,2026-06-05 14:00:00,1471.288,2030.243,42783.2,703.272
Inverter_XW:13,2026-06-05 15:00:00,1471.288,2030.243,42785.812,703.272
Inverter_XW:13,2026-06-05 16:00:00,1471.288,2030.243,42788.04,703.272
Inverter_XW:13,2026-06-05 17:00:00,1471.288,2030.243,42790.88,703.272
Inverter_XW:13,2026-06-05 18:00:00,1471.292,2031.1259428571427,42793.02948571428,703.272
Inverter_XW:13,2026-06-05 19:00:00,1471.2920000000001,2031.84,42794.17,703.272
Inverter_XW:13,2026-06-05 20:00:00,1471.292,2031.84,42794.294,703.272
Inverter_XW:13,2026-06-05 21:00:00,1471.292,2031.84,42794.41,703.272
