entity_id,time_index_colombia,paneltemperature,ambienttemperature,solarirradiation
fronius_plant_52kWpsensor_card1,2026-01-30 22:00:00,20.0,21.0,0.0
fronius_plant_52kWpsensor_card1,2026-01-31 00:00:00,21.0,21.0,0.0
fronius_plant_52kWpsensor_card1,2026-01-31 04:00:00,19.0,19.0,0.0
fronius_plant_52kWpsensor_card1,2026-01-31 06:00:00,19.0,20.0,8.533333333333333
fronius_plant_52kWpsensor_card1,2026-01-31 07:00:00,20.302325581395348,20.27906976744186,75.79069767441861
fronius_plant_52kWpsensor_card1,2026-01-31 08:00:00,22.181818181818183,21.454545454545453,182.88636363636363
fronius_plant_52kWpsensor_card1,2026-01-31 09:00:00,28.5,24.386363636363637,345.75
fronius_plant_52kWpsensor_card1,2026-01-31 10:00:00,36.75555555555555,27.533333333333335,707.4666666666667
fronius_plant_52kWpsensor_card1,2026-01-31 11:00:00,41.75555555555555,30.42222222222222,779.9111111111112
fronius_plant_52kWpsensor_card1,2026-01-31 12:00:00,40.6,30.755555555555556,783.1777777777778
fronius_plant_52kWpsensor_card1,2026-01-31 13:00:00,31.458333333333332,27.9375,237.77083333333334
fronius_plant_52kWpsensor_card1,2026-01-31 14:00:00,31.295454545454547,28.204545454545453,329.70454545454544
fronius_plant_52kWpsensor_card1,2026-01-31 15:00:00,37.55555555555556,31.044444444444444,514.8222222222222
fronius_plant_52kWpsensor_card1,2026-01-31 16:00:00,29.047619047619047,27.261904761904763,49.095238095238095
fronius_plant_52kWpsensor_card1,2026-01-31 17:00:00,25.071428571428573,24.428571428571427,1.5
fronius_plant_52kWpsensor_card1,2026-01-31 18:00:00,22.2,21.8,0.0
fronius_plant_52kWpsensor_card1,2026-01-31 19:00:00,21.0,22.0,0.0
fronius_plant_52kWpsensor_card1,2026-02-01 00:00:00,21.0,21.0,0.0
fronius_plant_52kWpsensor_card1,2026-02-01 06:00:00,20.066666666666666,19.133333333333333,10.066666666666666
fronius_plant_52kWpsensor_card1,2026-02-01 07:00:00,20.789473684210527,19.894736842105264,52.68421052631579
fronius_plant_52kWpsensor_card1,2026-02-01 08:00:00,21.738095238095237,20.714285714285715,161.5952380952381
fronius_plant_52kWpsensor_card1,2026-02-01 09:00:00,23.902439024390244,22.26829268292683,247.9268292682927
fronius_plant_52kWpsensor_card1,2026-02-01 10:00:00,25.930232558139537,23.41860465116279,335.72093023255815
fronius_plant_52kWpsensor_card1,2026-02-01 11:00:00,30.069767441860463,25.13953488372093,384.8139534883721
fronius_plant_52kWpsensor_card1,2026-02-01 12:00:00,34.75,28.227272727272727,578.5454545454545
fronius_plant_52kWpsensor_card1,2026-02-01 13:00:00,30.177777777777777,25.77777777777778,210.88888888888889
fronius_plant_52kWpsensor_card1,2026-02-01 14:00:00,24.22222222222222,23.2,191.13333333333333
fronius_plant_52kWpsensor_card1,2026-02-01 15:00:00,22.756756756756758,22.135135135135137,75.89189189189189
fronius_plant_52kWpsensor_card1,2026-02-01 16:00:00,21.217391304347824,21.26086956521739,21.26086956521739
fronius_plant_52kWpsensor_card1,2026-02-01 17:00:00,20.0,19.40740740740741,13.555555555555555
fronius_plant_52kWpsensor_card1,2026-02-01 21:00:00,19.0,19.0,0.0
fronius_plant_52kWpsensor_card1,2026-02-02 04:00:00,18.0,18.0,0.0
fronius_plant_52kWpsensor_card1,2026-02-02 06:00:00,18.44,18.6,30.16
fronius_plant_52kWpsensor_card1,2026-02-02 07:00:00,20.024390243902438,19.658536585365855,101.26829268292683
fronius_plant_52kWpsensor_card1,2026-02-02 08:00:00,24.136363636363637,22.09090909090909,250.8181818181818
fronius_plant_52kWpsensor_card1,2026-02-02 09:00:00,26.966666666666665,23.066666666666666,260.1
fronius_plant_52kWpsensor_card1,2026-02-02 10:00:00,29.906976744186046,24.511627906976745,389.3255813953488
fronius_plant_52kWpsensor_card1,2026-02-02 11:00:00,34.36363636363637,26.977272727272727,429.3636363636364
fronius_plant_52kWpsensor_card1,2026-02-02 12:00:00,33.34090909090909,27.318181818181817,364.65909090909093
fronius_plant_52kWpsensor_card1,2026-02-02 13:00:00,37.04545454545455,29.386363636363637,681.8409090909091
fronius_plant_52kWpsensor_card1,2026-02-02 14:00:00,31.6,27.488888888888887,132.26666666666668
fronius_plant_52kWpsensor_card1,2026-02-02 15:00:00,28.733333333333334,26.155555555555555,277.77777777777777
fronius_plant_52kWpsensor_card1,2026-02-02 16:00:00,29.644444444444446,26.244444444444444,228.22222222222223
fronius_plant_52kWpsensor_card1,2026-02-02 17:00:00,22.441176470588236,21.5,33.294117647058826
fronius_plant_52kWpsensor_card1,2026-02-02 18:00:00,20.625,21.0,0.875
fronius_plant_52kWpsensor_card1,2026-02-02 22:00:00,20.0,20.0,0.0
fronius_plant_52kWpsensor_card1,2026-02-03 06:00:00,19.142857142857142,19.142857142857142,4.428571428571429
fronius_plant_52kWpsensor_card1,2026-02-03 07:00:00,20.725,20.225,53.725
fronius_plant_52kWpsensor_card1,2026-02-03 08:00:00,25.431818181818183,22.204545454545453,274.02272727272725
fronius_plant_52kWpsensor_card1,2026-02-03 09:00:00,34.22222222222222,26.622222222222224,477.7111111111111
fronius_plant_52kWpsensor_card1,2026-02-03 10:00:00,30.25581395348837,25.767441860465116,282.95348837209303
fronius_plant_52kWpsensor_card1,2026-02-03 11:00:00,33.75,27.886363636363637,449.8636363636364
fronius_plant_52kWpsensor_card1,2026-02-03 12:00:00,36.13333333333333,29.066666666666666,477.93333333333334
fronius_plant_52kWpsensor_card1,2026-02-03 13:00:00,35.47727272727273,28.954545454545453,474.65909090909093
fronius_plant_52kWpsensor_card1,2026-02-03 14:00:00,37.976190476190474,29.88095238095238,495.35714285714283
fronius_plant_52kWpsensor_card1,2026-02-03 15:00:00,30.977777777777778,27.955555555555556,326.1111111111111
fronius_plant_52kWpsensor_card1,2026-02-03 16:00:00,26.571428571428573,25.238095238095237,148.57142857142858
fronius_plant_52kWpsensor_card1,2026-02-03 17:00:00,21.071428571428573,20.25,21.357142857142858
fronius_plant_52kWpsensor_card1,2026-02-03 18:00:00,21.0,21.0,2.3333333333333335
fronius_plant_52kWpsensor_card1,2026-02-04 02:00:00,20.0,20.0,0.0
fronius_plant_52kWpsensor_card1,2026-02-04 06:00:00,20.19047619047619,20.0,21.61904761904762
fronius_plant_52kWpsensor_card1,2026-02-04 07:00:00,23.325581395348838,21.488372093023255,183.2093023255814
fronius_plant_52kWpsensor_card1,2026-02-04 08:00:00,25.264705882352942,22.558823529411764,110.76470588235294
fronius_plant_52kWpsensor_card1,2026-02-04 09:00:00,29.133333333333333,24.488888888888887,445.31111111111113
fronius_plant_52kWpsensor_card1,2026-02-04 10:00:00,42.2,30.644444444444446,843.5333333333333
fronius_plant_52kWpsensor_card1,2026-02-04 11:00:00,45.56818181818182,32.77272727272727,961.1818181818181
fronius_plant_52kWpsensor_card1,2026-02-04 12:00:00,47.022222222222226,35.08888888888889,921.2222222222222
fronius_plant_52kWpsensor_card1,2026-02-04 13:00:00,44.75,33.65909090909091,759.2045454545455
fronius_plant_52kWpsensor_card1,2026-02-04 14:00:00,30.86046511627907,28.58139534883721,120.0
fronius_plant_52kWpsensor_card1,2026-02-04 15:00:00,34.37777777777778,29.755555555555556,319.1111111111111
fronius_plant_52kWpsensor_card1,2026-02-04 16:00:00,30.325,28.375,119.2
fronius_plant_52kWpsensor_card1,2026-02-04 17:00:00,27.17948717948718,26.58974358974359,46.256410256410255
fronius_plant_52kWpsensor_card1,2026-02-04 18:00:00,25.6,25.8,6.4
fronius_plant_52kWpsensor_card1,2026-02-04 21:00:00,22.0,22.0,0.0
fronius_plant_52kWpsensor_card1,2026-02-04 22:00:00,21.0,21.0,0.0
fronius_plant_52kWpsensor_card1,2026-02-05 05:00:00,20.0,20.0,0.0
fronius_plant_52kWpsensor_card1,2026-02-05 06:00:00,19.428571428571427,20.0,21.428571428571427
fronius_plant_52kWpsensor_card1,2026-02-05 07:00:00,21.682926829268293,20.902439024390244,115.21951219512195
fronius_plant_52kWpsensor_card1,2026-02-05 08:00:00,26.097560975609756,23.073170731707318,281.9024390243902
fronius_plant_52kWpsensor_card1,2026-02-05 09:00:00,36.55555555555556,27.355555555555554,651.6
fronius_plant_52kWpsensor_card1,2026-02-05 10:00:00,42.0,31.2,823.1777777777778
fronius_plant_52kWpsensor_card1,2026-02-05 11:00:00,44.733333333333334,33.48888888888889,953.8444444444444
fronius_plant_52kWpsensor_card1,2026-02-05 12:00:00,46.24444444444445,35.044444444444444,963.2444444444444
fronius_plant_52kWpsensor_card1,2026-02-05 13:00:00,45.53488372093023,34.651162790697676,856.6511627906976
fronius_plant_52kWpsensor_card1,2026-02-05 14:00:00,46.733333333333334,36.48888888888889,847.0888888888888
fronius_plant_52kWpsensor_card1,2026-02-05 15:00:00,33.75,29.5,331.8181818181818
fronius_plant_52kWpsensor_card1,2026-02-05 16:00:00,25.0,23.939393939393938,18.606060606060606
fronius_plant_52kWpsensor_card1,2026-02-05 17:00:00,21.24390243902439,22.4390243902439,35.4390243902439
fronius_plant_52kWpsensor_card1,2026-02-05 18:00:00,21.0,22.6,0.0
fronius_plant_52kWpsensor_card1,2026-02-05 21:00:00,21.0,22.0,0.0
fronius_plant_52kWpsensor_card1,2026-02-05 22:00:00,22.0,22.0,0.0
fronius_plant_52kWpsensor_card1,2026-02-06 04:00:00,18.0,17.0,0.0
fronius_plant_52kWpsensor_card1,2026-02-06 05:00:00,18.0,18.0,0.0
fronius_plant_52kWpsensor_card1,2026-02-06 06:00:00,18.0,17.571428571428573,5.142857142857143
fronius_plant_52kWpsensor_card1,2026-02-06 07:00:00,18.285714285714285,17.642857142857142,13.714285714285714
fronius_plant_52kWpsensor_card1,2026-02-06 12:00:00,35.5,28.75,376.05
fronius_plant_52kWpsensor_card1,2026-02-06 13:00:00,35.674418604651166,29.11627906976744,485.51162790697674
fronius_plant_52kWpsensor_card1,2026-02-06 14:00:00,35.15555555555556,28.57777777777778,427.3333333333333
fronius_plant_52kWpsensor_card1,2026-02-06 15:00:00,27.525,24.925,194.85
fronius_plant_52kWpsensor_card1,2026-02-06 16:00:00,26.27906976744186,24.372093023255815,135.6046511627907
fronius_plant_52kWpsensor_card1,2026-02-06 17:00:00,23.875,23.125,21.75
fronius_plant_52kWpsensor_card1,2026-02-06 18:00:00,22.75,22.25,0.0
fronius_plant_52kWpsensor_card1,2026-02-06 21:00:00,20.0,21.0,0.0
fronius_plant_52kWpsensor_card1,2026-02-06 22:00:00,19.0,20.0,0.0
fronius_plant_52kWpsensor_card1,2026-02-07 05:00:00,19.0,19.0,0.0
fronius_plant_52kWpsensor_card1,2026-02-07 06:00:00,19.0,19.17391304347826,19.52173913043478
fronius_plant_52kWpsensor_card1,2026-02-07 07:00:00,21.818181818181817,20.545454545454547,115.38636363636364
fronius_plant_52kWpsensor_card1,2026-02-07 08:00:00,26.931818181818183,23.136363636363637,336.1136363636364
fronius_plant_52kWpsensor_card1,2026-02-07 09:00:00,35.52272727272727,27.40909090909091,607.5454545454545
fronius_plant_52kWpsensor_card1,2026-02-07 10:00:00,38.76086956521739,28.5,715.1739130434783
fronius_plant_52kWpsensor_card1,2026-02-07 11:00:00,41.44444444444444,30.42222222222222,775.5111111111111
fronius_plant_52kWpsensor_card1,2026-02-07 12:00:00,40.888888888888886,30.844444444444445,831.2
fronius_plant_52kWpsensor_card1,2026-02-07 13:00:00,45.44186046511628,33.23255813953488,973.5581395348837
fronius_plant_52kWpsensor_card1,2026-02-07 14:00:00,42.044444444444444,32.46666666666667,801.8222222222222
fronius_plant_52kWpsensor_card1,2026-02-07 15:00:00,36.81818181818182,30.5,602.3409090909091
fronius_plant_52kWpsensor_card1,2026-02-07 16:00:00,30.8,27.875,151.7
fronius_plant_52kWpsensor_card1,2026-02-07 17:00:00,25.571428571428573,24.857142857142858,12.714285714285714
fronius_plant_52kWpsensor_card1,2026-02-07 18:00:00,24.0,23.5,0.0
fronius_plant_52kWpsensor_card1,2026-02-07 21:00:00,23.0,23.0,0.0
fronius_plant_52kWpsensor_card1,2026-02-07 22:00:00,20.0,20.0,0.0
fronius_plant_52kWpsensor_card1,2026-02-08 01:00:00,19.0,20.0,0.0
fronius_plant_52kWpsensor_card1,2026-02-08 06:00:00,19.48148148148148,19.37037037037037,28.185185185185187
fronius_plant_52kWpsensor_card1,2026-02-08 07:00:00,22.261904761904763,20.952380952380953,122.4047619047619
fronius_plant_52kWpsensor_card1,2026-02-08 08:00:00,24.333333333333332,21.743589743589745,131.25641025641025
fronius_plant_52kWpsensor_card1,2026-02-08 09:00:00,26.069767441860463,22.74418604651163,254.1627906976744
fronius_plant_52kWpsensor_card1,2026-02-08 10:00:00,30.954545454545453,25.068181818181817,455.75
fronius_plant_52kWpsensor_card1,2026-02-08 11:00:00,37.09090909090909,29.045454545454547,550.2045454545455
fronius_plant_52kWpsensor_card1,2026-02-08 12:00:00,37.44444444444444,29.244444444444444,544.2222222222222
fronius_plant_52kWpsensor_card1,2026-02-08 13:00:00,33.45454545454545,28.136363636363637,406.90909090909093
fronius_plant_52kWpsensor_card1,2026-02-08 14:00:00,29.441860465116278,26.162790697674417,243.97674418604652
fronius_plant_52kWpsensor_card1,2026-02-08 15:00:00,26.95,24.725,197.325
fronius_plant_52kWpsensor_card1,2026-02-08 16:00:00,25.97222222222222,24.0,152.77777777777777
fronius_plant_52kWpsensor_card1,2026-02-08 17:00:00,24.261904761904763,23.452380952380953,55.357142857142854
fronius_plant_52kWpsensor_card1,2026-02-08 18:00:00,22.88888888888889,22.555555555555557,6.555555555555555
fronius_plant_52kWpsensor_card1,2026-02-08 21:00:00,21.0,21.0,0.0
fronius_plant_52kWpsensor_card1,2026-02-09 00:00:00,20.0,20.0,0.0
fronius_plant_52kWpsensor_card1,2026-02-09 05:00:00,19.0,20.0,0.0
fronius_plant_52kWpsensor_card1,2026-02-09 06:00:00,19.695652173913043,19.956521739130434,21.130434782608695
fronius_plant_52kWpsensor_card1,2026-02-09 07:00:00,20.473684210526315,20.236842105263158,47.31578947368421
fronius_plant_52kWpsensor_card1,2026-02-09 08:00:00,25.931818181818183,23.09090909090909,376.54545454545456
fronius_plant_52kWpsensor_card1,2026-02-09 09:00:00,30.84090909090909,25.15909090909091,405.27272727272725
fronius_plant_52kWpsensor_card1,2026-02-09 10:00:00,37.111111111111114,28.266666666666666,652.3111111111111
fronius_plant_52kWpsensor_card1,2026-02-09 11:00:00,41.4,30.711111111111112,874.7555555555556
fronius_plant_52kWpsensor_card1,2026-02-09 12:00:00,44.15909090909091,33.0,949.6363636363636
fronius_plant_52kWpsensor_card1,2026-02-09 13:00:00,41.79545454545455,32.31818181818182,858.5454545454545
fronius_plant_52kWpsensor_card1,2026-02-09 14:00:00,41.023809523809526,32.5,821.3095238095239
fronius_plant_52kWpsensor_card1,2026-02-09 15:00:00,35.46666666666667,30.666666666666668,462.35555555555555
fronius_plant_52kWpsensor_card1,2026-02-09 16:00:00,29.906976744186046,28.302325581395348,170.88372093023256
fronius_plant_52kWpsensor_card1,2026-02-09 17:00:00,27.17142857142857,26.542857142857144,55.2
fronius_plant_52kWpsensor_card1,2026-02-09 18:00:00,25.0,24.666666666666668,2.888888888888889
fronius_plant_52kWpsensor_card1,2026-02-09 20:00:00,23.0,23.0,0.0
fronius_plant_52kWpsensor_card1,2026-02-09 21:00:00,22.0,22.0,0.0
fronius_plant_52kWpsensor_card1,2026-02-09 22:00:00,21.0,22.0,0.0
fronius_plant_52kWpsensor_card1,2026-02-10 01:00:00,20.0,20.0,0.0
fronius_plant_52kWpsensor_card1,2026-02-10 06:00:00,19.954545454545453,20.0,22.727272727272727
fronius_plant_52kWpsensor_card1,2026-02-10 07:00:00,21.91891891891892,21.027027027027028,81.43243243243244
fronius_plant_52kWpsensor_card1,2026-02-10 08:00:00,26.58139534883721,23.27906976744186,301.16279069767444
fronius_plant_52kWpsensor_card1,2026-02-10 09:00:00,32.404761904761905,25.928571428571427,421.5
fronius_plant_52kWpsensor_card1,2026-02-10 10:00:00,34.48888888888889,27.622222222222224,476.44444444444446
fronius_plant_52kWpsensor_card1,2026-02-10 11:00:00,35.25,28.886363636363637,450.97727272727275
fronius_plant_52kWpsensor_card1,2026-02-10 12:00:00,35.75,29.5,439.02272727272725
fronius_plant_52kWpsensor_card1,2026-02-10 13:00:00,32.642857142857146,27.904761904761905,332.9047619047619
fronius_plant_52kWpsensor_card1,2026-02-10 14:00:00,28.682926829268293,26.463414634146343,138.1219512195122
fronius_plant_52kWpsensor_card1,2026-02-10 15:00:00,29.25581395348837,26.86046511627907,180.8139534883721
fronius_plant_52kWpsensor_card1,2026-02-10 16:00:00,30.05,26.975,134.875
fronius_plant_52kWpsensor_card1,2026-02-10 17:00:00,25.91176470588235,25.0,48.8235294117647
fronius_plant_52kWpsensor_card1,2026-02-10 18:00:00,23.5,23.75,0.75
fronius_plant_52kWpsensor_card1,2026-02-10 21:00:00,21.0,22.0,0.0
fronius_plant_52kWpsensor_card1,2026-02-10 22:00:00,22.0,21.0,0.0
fronius_plant_52kWpsensor_card1,2026-02-11 01:00:00,20.0,21.0,0.0
fronius_plant_52kWpsensor_card1,2026-02-11 04:00:00,20.0,20.0,0.0
fronius_plant_52kWpsensor_card1,2026-02-11 05:00:00,18.0,19.0,0.0
fronius_plant_52kWpsensor_card1,2026-02-11 06:00:00,18.464285714285715,19.0,28.642857142857142
fronius_plant_52kWpsensor_card1,2026-02-11 07:00:00,22.613636363636363,20.818181818181817,206.52272727272728
fronius_plant_52kWpsensor_card1,2026-02-11 08:00:00,29.977272727272727,23.886363636363637,455.8181818181818
fronius_plant_52kWpsensor_card1,2026-02-11 09:00:00,37.06818181818182,27.863636363636363,648.9545454545455
fronius_plant_52kWpsensor_card1,2026-02-11 10:00:00,40.6,29.36,803.6
fronius_plant_52kWpsensor_card1,2026-02-11 11:00:00,45.361111111111114,32.138888888888886,920.5277777777778
fronius_plant_52kWpsensor_card1,2026-02-11 12:00:00,45.82608695652174,34.08695652173913,938.5652173913044
fronius_plant_52kWpsensor_card1,2026-02-11 13:00:00,47.81818181818182,35.68181818181818,826.2045454545455
fronius_plant_52kWpsensor_card1,2026-02-11 14:00:00,40.02173913043478,31.82608695652174,540.2173913043479
fronius_plant_52kWpsensor_card1,2026-02-11 15:00:00,24.448275862068964,24.82758620689655,63.793103448275865
fronius_plant_52kWpsensor_card1,2026-02-11 16:00:00,25.0,25.285714285714285,60.535714285714285
fronius_plant_52kWpsensor_card1,2026-02-11 17:00:00,24.24,25.0,19.52
fronius_plant_52kWpsensor_card1,2026-02-11 18:00:00,24.2,24.4,0.0
fronius_plant_52kWpsensor_card1,2026-02-11 22:00:00,22.0,22.0,0.0
fronius_plant_52kWpsensor_card1,2026-02-12 00:00:00,22.0,21.0,0.0
fronius_plant_52kWpsensor_card1,2026-02-12 05:00:00,19.5,20.0,0.0
fronius_plant_52kWpsensor_card1,2026-02-12 06:00:00,21.0,20.6,6.1
fronius_plant_52kWpsensor_card1,2026-02-12 07:00:00,21.86111111111111,21.11111111111111,41.083333333333336
fronius_plant_52kWpsensor_card1,2026-02-12 08:00:00,25.102564102564102,22.871794871794872,180.2051282051282
fronius_plant_52kWpsensor_card1,2026-02-12 09:00:00,29.27906976744186,24.790697674418606,253.1627906976744
fronius_plant_52kWpsensor_card1,2026-02-12 10:00:00,34.31818181818182,27.386363636363637,505.1363636363636
fronius_plant_52kWpsensor_card1,2026-02-12 11:00:00,44.68888888888889,32.53333333333333,920.6
fronius_plant_52kWpsensor_card1,2026-02-12 12:00:00,40.4,31.666666666666668,560.9555555555555
fronius_plant_52kWpsensor_card1,2026-02-12 13:00:00,45.02272727272727,35.11363636363637,794.0909090909091
fronius_plant_52kWpsensor_card1,2026-02-12 14:00:00,40.733333333333334,32.51111111111111,554.8888888888889
fronius_plant_52kWpsensor_card1,2026-02-12 15:00:00,36.58536585365854,30.853658536585368,591.0731707317074
fronius_plant_52kWpsensor_card1,2026-02-12 16:00:00,31.904761904761905,29.11904761904762,274.04761904761904
fronius_plant_52kWpsensor_card1,2026-02-12 17:00:00,26.08695652173913,25.82608695652174,11.652173913043478
fronius_plant_52kWpsensor_card1,2026-02-12 21:00:00,20.0,21.0,0.0
fronius_plant_52kWpsensor_card1,2026-02-12 22:00:00,21.0,22.0,0.0
fronius_plant_52kWpsensor_card1,2026-02-13 00:00:00,21.0,21.0,0.0
fronius_plant_52kWpsensor_card1,2026-02-13 04:00:00,20.0,20.0,0.0
fronius_plant_52kWpsensor_card1,2026-02-13 06:00:00,20.384615384615383,20.53846153846154,13.538461538461538
fronius_plant_52kWpsensor_card1,2026-02-13 07:00:00,22.066666666666666,21.288888888888888,95.4888888888889
fronius_plant_52kWpsensor_card1,2026-02-13 08:00:00,25.558139534883722,22.767441860465116,218.51162790697674
fronius_plant_52kWpsensor_card1,2026-02-13 09:00:00,28.0,24.325,250.525
fronius_plant_52kWpsensor_card1,2026-02-13 10:00:00,30.634146341463413,25.682926829268293,398.1463414634146
fronius_plant_52kWpsensor_card1,2026-02-13 11:00:00,37.422222222222224,28.822222222222223,705.8222222222222
fronius_plant_52kWpsensor_card1,2026-02-13 12:00:00,40.022222222222226,30.666666666666668,815.4888888888889
fronius_plant_52kWpsensor_card1,2026-02-13 13:00:00,38.22222222222222,30.68888888888889,429.5777777777778
fronius_plant_52kWpsensor_card1,2026-02-13 14:00:00,30.048780487804876,27.414634146341463,180.4878048780488
fronius_plant_52kWpsensor_card1,2026-02-13 15:00:00,23.642857142857142,22.976190476190474,125.78571428571429
fronius_plant_52kWpsensor_card1,2026-02-13 16:00:00,21.04,21.24,31.52
fronius_plant_52kWpsensor_card1,2026-02-13 17:00:00,21.555555555555557,22.333333333333332,15.481481481481481
fronius_plant_52kWpsensor_card1,2026-02-13 18:00:00,21.333333333333332,22.0,0.0
fronius_plant_52kWpsensor_card1,2026-02-13 21:00:00,22.0,22.0,0.0
fronius_plant_52kWpsensor_card1,2026-02-14 00:00:00,21.0,21.0,0.0
fronius_plant_52kWpsensor_card1,2026-02-14 05:00:00,21.0,20.0,0.0
fronius_plant_52kWpsensor_card1,2026-02-14 06:00:00,21.0,20.72222222222222,14.11111111111111
fronius_plant_52kWpsensor_card1,2026-02-14 07:00:00,22.525,21.575,84.6
fronius_plant_52kWpsensor_card1,2026-02-14 08:00:00,25.36842105263158,23.0,159.23684210526315
fronius_plant_52kWpsensor_card1,2026-02-14 09:00:00,35.422222222222224,27.11111111111111,671.7333333333333
fronius_plant_52kWpsensor_card1,2026-02-14 10:00:00,42.22727272727273,30.477272727272727,845.0681818181819
fronius_plant_52kWpsensor_card1,2026-02-14 11:00:00,41.630434782608695,30.97826086956522,750.0869565217391
fronius_plant_52kWpsensor_card1,2026-02-14 12:00:00,40.20454545454545,31.431818181818183,803.6136363636364
fronius_plant_52kWpsensor_card1,2026-02-14 13:00:00,40.51111111111111,31.6,630.4444444444445
fronius_plant_52kWpsensor_card1,2026-02-14 14:00:00,29.0,27.325,81.775
fronius_plant_52kWpsensor_card1,2026-02-14 15:00:00,19.17391304347826,18.52173913043478,7.130434782608695
fronius_plant_52kWpsensor_card1,2026-02-14 16:00:00,19.083333333333332,18.291666666666668,14.5
fronius_plant_52kWpsensor_card1,2026-02-14 17:00:00,19.833333333333332,19.208333333333332,15.708333333333334
fronius_plant_52kWpsensor_card1,2026-02-14 21:00:00,18.0,20.0,0.0
fronius_plant_52kWpsensor_card1,2026-02-14 22:00:00,18.0,19.0,0.0
fronius_plant_52kWpsensor_card1,2026-02-15 06:00:00,18.294117647058822,19.0,14.764705882352942
fronius_plant_52kWpsensor_card1,2026-02-15 07:00:00,19.953488372093023,20.11627906976744,85.67441860465117
fronius_plant_52kWpsensor_card1,2026-02-15 08:00:00,23.74418604651163,21.813953488372093,195.58139534883722
fronius_plant_52kWpsensor_card1,2026-02-15 09:00:00,27.74418604651163,23.558139534883722,302.5813953488372
fronius_plant_52kWpsensor_card1,2026-02-15 10:00:00,31.644444444444446,25.533333333333335,403.0444444444444
fronius_plant_52kWpsensor_card1,2026-02-15 11:00:00,29.128205128205128,24.487179487179485,184.76923076923077
fronius_plant_52kWpsensor_card1,2026-02-15 12:00:00,30.452380952380953,25.666666666666668,273.3333333333333
fronius_plant_52kWpsensor_card1,2026-02-15 13:00:00,23.676470588235293,21.941176470588236,52.11764705882353
fronius_plant_52kWpsensor_card1,2026-02-15 14:00:00,20.03846153846154,19.192307692307693,36.61538461538461
fronius_plant_52kWpsensor_card1,2026-02-15 15:00:00,20.17241379310345,19.06896551724138,76.51724137931035
fronius_plant_52kWpsensor_card1,2026-02-15 16:00:00,20.46153846153846,19.192307692307693,75.03846153846153
fronius_plant_52kWpsensor_card1,2026-02-15 17:00:00,20.08108108108108,19.72972972972973,44.054054054054056
fronius_plant_52kWpsensor_card1,2026-02-15 18:00:00,19.571428571428573,19.857142857142858,6.285714285714286
fronius_plant_52kWpsensor_card1,2026-02-15 21:00:00,19.0,20.0,0.0
fronius_plant_52kWpsensor_card1,2026-02-15 22:00:00,19.0,19.0,0.0
fronius_plant_52kWpsensor_card1,2026-02-16 06:00:00,18.333333333333332,19.0,9.6
fronius_plant_52kWpsensor_card1,2026-02-16 07:00:00,19.829268292682926,19.365853658536587,75.09756097560975
fronius_plant_52kWpsensor_card1,2026-02-16 08:00:00,24.4,21.725,242.125
fronius_plant_52kWpsensor_card1,2026-02-16 09:00:00,31.25,24.681818181818183,545.5454545454545
fronius_plant_52kWpsensor_card1,2026-02-16 10:00:00,32.93023255813954,26.72093023255814,352.13953488372096
fronius_plant_52kWpsensor_card1,2026-02-16 11:00:00,33.733333333333334,27.244444444444444,435.8
fronius_plant_52kWpsensor_card1,2026-02-16 12:00:00,35.8,28.266666666666666,505.75555555555553
fronius_plant_52kWpsensor_card1,2026-02-16 13:00:00,28.869565217391305,24.847826086956523,418.54347826086956
fronius_plant_52kWpsensor_card1,2026-02-16 14:00:00,32.48888888888889,26.666666666666668,624.2666666666667
fronius_plant_52kWpsensor_card1,2026-02-16 15:00:00,33.90909090909091,27.59090909090909,538.1136363636364
fronius_plant_52kWpsensor_card1,2026-02-16 16:00:00,28.794871794871796,25.846153846153847,189.30769230769232
fronius_plant_52kWpsensor_card1,2026-02-16 17:00:00,24.178571428571427,23.785714285714285,19.857142857142858
fronius_plant_52kWpsensor_card1,2026-02-16 18:00:00,23.0,22.11111111111111,1.8888888888888888
fronius_plant_52kWpsensor_card1,2026-02-17 03:00:00,19.0,20.0,0.0
fronius_plant_52kWpsensor_card1,2026-02-17 05:00:00,19.0,19.5,0.0
fronius_plant_52kWpsensor_card1,2026-02-17 06:00:00,19.043478260869566,19.17391304347826,17.73913043478261
fronius_plant_52kWpsensor_card1,2026-02-17 07:00:00,21.34090909090909,20.704545454545453,130.13636363636363
fronius_plant_52kWpsensor_card1,2026-02-17 08:00:00,26.630434782608695,23.5,353.54347826086956
fronius_plant_52kWpsensor_card1,2026-02-17 09:00:00,35.41860465116279,27.325581395348838,686.4418604651163
fronius_plant_52kWpsensor_card1,2026-02-17 10:00:00,42.56818181818182,30.704545454545453,861.7272727272727
fronius_plant_52kWpsensor_card1,2026-02-17 11:00:00,45.955555555555556,32.91111111111111,941.5111111111111
fronius_plant_52kWpsensor_card1,2026-02-17 12:00:00,41.29545454545455,32.02272727272727,433.72727272727275
fronius_plant_52kWpsensor_card1,2026-02-17 13:00:00,31.77777777777778,28.377777777777776,276.1333333333333
fronius_plant_52kWpsensor_card1,2026-02-17 14:00:00,31.644444444444446,27.977777777777778,324.4222222222222
fronius_plant_52kWpsensor_card1,2026-02-17 15:00:00,25.153846153846153,24.41025641025641,104.12820512820512
fronius_plant_52kWpsensor_card1,2026-02-17 16:00:00,24.11111111111111,24.63888888888889,95.80555555555556
fronius_plant_52kWpsensor_card1,2026-02-17 17:00:00,24.0,23.896551724137932,25.586206896551722
fronius_plant_52kWpsensor_card1,2026-02-17 18:00:00,22.333333333333332,22.666666666666668,0.0
fronius_plant_52kWpsensor_card1,2026-02-17 21:00:00,21.0,21.0,0.0
fronius_plant_52kWpsensor_card1,2026-02-17 22:00:00,22.0,22.0,0.0
fronius_plant_52kWpsensor_card1,2026-02-18 01:00:00,21.0,21.0,0.0
fronius_plant_52kWpsensor_card1,2026-02-18 05:00:00,18.0,18.0,0.0
fronius_plant_52kWpsensor_card1,2026-02-18 06:00:00,18.043478260869566,18.043478260869566,20.608695652173914
fronius_plant_52kWpsensor_card1,2026-02-18 07:00:00,19.428571428571427,19.238095238095237,88.54761904761905
fronius_plant_52kWpsensor_card1,2026-02-18 08:00:00,22.89189189189189,21.35135135135135,226.3783783783784
fronius_plant_52kWpsensor_card1,2026-02-18 09:00:00,30.162790697674417,24.46511627906977,515.3023255813954
fronius_plant_52kWpsensor_card1,2026-02-18 10:00:00,37.422222222222224,28.11111111111111,678.3111111111111
fronius_plant_52kWpsensor_card1,2026-02-18 11:00:00,41.48888888888889,31.133333333333333,744.7555555555556
fronius_plant_52kWpsensor_card1,2026-02-18 12:00:00,45.75555555555555,33.355555555555554,862.8
fronius_plant_52kWpsensor_card1,2026-02-18 13:00:00,39.48888888888889,32.644444444444446,677.6222222222223
fronius_plant_52kWpsensor_card1,2026-02-18 14:00:00,33.79545454545455,30.136363636363637,334.47727272727275
fronius_plant_52kWpsensor_card1,2026-02-18 15:00:00,31.13157894736842,29.05263157894737,229.97368421052633
fronius_plant_52kWpsensor_card1,2026-02-18 16:00:00,30.22222222222222,27.42222222222222,246.37777777777777
fronius_plant_52kWpsensor_card1,2026-02-18 17:00:00,26.727272727272727,25.386363636363637,116.61363636363636
fronius_plant_52kWpsensor_card1,2026-02-18 18:00:00,24.625,24.0,2.75
fronius_plant_52kWpsensor_card1,2026-02-18 21:00:00,22.0,22.0,0.0
fronius_plant_52kWpsensor_card1,2026-02-18 22:00:00,22.0,21.0,0.0
fronius_plant_52kWpsensor_card1,2026-02-19 05:00:00,20.0,20.0,0.0
fronius_plant_52kWpsensor_card1,2026-02-19 06:00:00,19.966666666666665,20.0,36.7
fronius_plant_52kWpsensor_card1,2026-02-19 07:00:00,23.658536585365855,21.804878048780488,151.78048780487805
fronius_plant_52kWpsensor_card1,2026-02-19 08:00:00,29.34090909090909,24.84090909090909,347.79545454545456
fronius_plant_52kWpsensor_card1,2026-02-19 09:00:00,31.75,26.454545454545453,303.3863636363636
fronius_plant_52kWpsensor_card1,2026-02-19 10:00:00,34.77272727272727,28.454545454545453,522.6363636363636
fronius_plant_52kWpsensor_card1,2026-02-19 11:00:00,35.0,28.136363636363637,497.0
fronius_plant_52kWpsensor_card1,2026-02-19 12:00:00,41.31111111111111,31.066666666666666,926.9777777777778
fronius_plant_52kWpsensor_card1,2026-02-19 13:00:00,44.74418604651163,33.76744186046512,796.3953488372093
fronius_plant_52kWpsensor_card1,2026-02-19 14:00:00,33.023809523809526,29.88095238095238,191.0
fronius_plant_52kWpsensor_card1,2026-02-19 15:00:00,30.4390243902439,28.365853658536587,155.53658536585365
fronius_plant_52kWpsensor_card1,2026-02-19 16:00:00,28.62857142857143,27.114285714285714,98.05714285714286
fronius_plant_52kWpsensor_card1,2026-02-19 17:00:00,27.414634146341463,26.29268292682927,62.97560975609756
fronius_plant_52kWpsensor_card1,2026-02-19 18:00:00,24.88888888888889,24.666666666666668,2.888888888888889
fronius_plant_52kWpsensor_card1,2026-02-19 21:00:00,22.0,22.0,0.0
fronius_plant_52kWpsensor_card1,2026-02-20 01:00:00,20.0,20.0,0.0
fronius_plant_52kWpsensor_card1,2026-02-20 05:00:00,19.0,20.0,0.0
fronius_plant_52kWpsensor_card1,2026-02-20 06:00:00,19.42105263157895,20.0,17.526315789473685
fronius_plant_52kWpsensor_card1,2026-02-20 07:00:00,21.41025641025641,20.666666666666668,95.58974358974359
fronius_plant_52kWpsensor_card1,2026-02-20 08:00:00,26.73170731707317,23.73170731707317,347.5609756097561
fronius_plant_52kWpsensor_card1,2026-02-20 09:00:00,38.2,29.11111111111111,707.4
fronius_plant_52kWpsensor_card1,2026-02-20 10:00:00,39.77272727272727,29.636363636363637,766.4772727272727
fronius_plant_52kWpsensor_card1,2026-02-20 11:00:00,40.40909090909091,30.795454545454547,777.8181818181819
fronius_plant_52kWpsensor_card1,2026-02-20 12:00:00,38.54761904761905,30.404761904761905,614.2619047619048
fronius_plant_52kWpsensor_card1,2026-02-20 13:00:00,35.0,30.348837209302324,581.1627906976744
fronius_plant_52kWpsensor_card1,2026-02-20 14:00:00,36.65909090909091,31.318181818181817,542.0454545454545
fronius_plant_52kWpsensor_card1,2026-02-20 15:00:00,33.86046511627907,29.674418604651162,327.6279069767442
fronius_plant_52kWpsensor_card1,2026-02-20 16:00:00,28.763157894736842,27.105263157894736,95.13157894736842
fronius_plant_52kWpsensor_card1,2026-02-20 17:00:00,26.47222222222222,25.694444444444443,39.55555555555556
fronius_plant_52kWpsensor_card1,2026-02-20 18:00:00,25.0,24.5,0.0
fronius_plant_52kWpsensor_card1,2026-02-20 21:00:00,23.0,23.0,0.0
fronius_plant_52kWpsensor_card1,2026-02-20 22:00:00,23.0,22.0,0.0
fronius_plant_52kWpsensor_card1,2026-02-21 01:00:00,22.0,22.0,0.0
fronius_plant_52kWpsensor_card1,2026-02-21 05:00:00,19.5,20.0,0.0
fronius_plant_52kWpsensor_card1,2026-02-21 06:00:00,19.615384615384617,20.0,10.692307692307692
fronius_plant_52kWpsensor_card1,2026-02-21 07:00:00,21.689655172413794,21.103448275862068,65.55172413793103
fronius_plant_52kWpsensor_card1,2026-02-21 08:00:00,26.441860465116278,23.441860465116278,227.34883720930233
fronius_plant_52kWpsensor_card1,2026-02-21 09:00:00,34.08888888888889,27.11111111111111,513.2222222222222
fronius_plant_52kWpsensor_card1,2026-02-21 10:00:00,36.644444444444446,28.42222222222222,569.5777777777778
fronius_plant_52kWpsensor_card1,2026-02-21 11:00:00,40.31111111111111,31.466666666666665,677.0888888888888
fronius_plant_52kWpsensor_card1,2026-02-21 12:00:00,36.2093023255814,29.46511627906977,397.95348837209303
fronius_plant_52kWpsensor_card1,2026-02-21 13:00:00,28.071428571428573,25.071428571428573,224.0
fronius_plant_52kWpsensor_card1,2026-02-21 14:00:00,27.454545454545453,26.113636363636363,332.54545454545456
fronius_plant_52kWpsensor_card1,2026-02-21 15:00:00,28.953488372093023,26.74418604651163,312.3720930232558
fronius_plant_52kWpsensor_card1,2026-02-21 16:00:00,30.357142857142858,28.071428571428573,267.5238095238095
fronius_plant_52kWpsensor_card1,2026-02-21 17:00:00,28.488888888888887,27.377777777777776,84.77777777777777
fronius_plant_52kWpsensor_card1,2026-02-21 18:00:00,25.444444444444443,25.444444444444443,4.555555555555555
fronius_plant_52kWpsensor_card1,2026-02-21 21:00:00,22.0,22.0,0.0
fronius_plant_52kWpsensor_card1,2026-02-22 05:00:00,20.0,20.0,0.0
fronius_plant_52kWpsensor_card1,2026-02-22 06:00:00,20.105263157894736,20.263157894736842,10.210526315789474
fronius_plant_52kWpsensor_card1,2026-02-22 07:00:00,22.595238095238095,21.285714285714285,95.47619047619048
fronius_plant_52kWpsensor_card1,2026-02-22 08:00:00,28.09090909090909,23.795454545454547,277.09090909090907
fronius_plant_52kWpsensor_card1,2026-02-22 09:00:00,33.25,26.25,424.1818181818182
fronius_plant_52kWpsensor_card1,2026-02-22 10:00:00,34.53333333333333,27.933333333333334,491.93333333333334
fronius_plant_52kWpsensor_card1,2026-02-22 11:00:00,43.044444444444444,32.31111111111111,886.3555555555556
fronius_plant_52kWpsensor_card1,2026-02-22 12:00:00,35.22222222222222,30.022222222222222,494.5111111111111
fronius_plant_52kWpsensor_card1,2026-02-22 13:00:00,31.21951219512195,28.26829268292683,270.8292682926829
fronius_plant_52kWpsensor_card1,2026-02-22 14:00:00,31.066666666666666,27.022222222222222,239.62222222222223
fronius_plant_52kWpsensor_card1,2026-02-22 15:00:00,20.774193548387096,19.580645161290324,11.612903225806452
fronius_plant_52kWpsensor_card1,2026-02-22 16:00:00,20.26923076923077,19.884615384615383,26.0
fronius_plant_52kWpsensor_card1,2026-02-22 17:00:00,20.323529411764707,19.705882352941178,30.323529411764707
fronius_plant_52kWpsensor_card1,2026-02-22 18:00:00,20.0,19.25,1.75
fronius_plant_52kWpsensor_card1,2026-02-22 21:00:00,19.0,20.0,0.0
fronius_plant_52kWpsensor_card1,2026-02-23 05:00:00,20.0,20.0,0.0
fronius_plant_52kWpsensor_card1,2026-02-23 06:00:00,20.0,20.0,10.4375
fronius_plant_52kWpsensor_card1,2026-02-23 07:00:00,21.272727272727273,20.454545454545453,61.72727272727273
fronius_plant_52kWpsensor_card1,2026-02-23 08:00:00,23.72222222222222,21.36111111111111,168.94444444444446
fronius_plant_52kWpsensor_card1,2026-02-23 09:00:00,31.288888888888888,25.022222222222222,395.06666666666666
fronius_plant_52kWpsensor_card1,2026-02-23 10:00:00,30.930232558139537,25.41860465116279,364.13953488372096
fronius_plant_52kWpsensor_card1,2026-02-23 11:00:00,39.22222222222222,29.533333333333335,685.7555555555556
fronius_plant_52kWpsensor_card1,2026-02-23 12:00:00,35.333333333333336,28.666666666666668,482.26666666666665
fronius_plant_52kWpsensor_card1,2026-02-23 13:00:00,33.17777777777778,27.11111111111111,218.33333333333334
fronius_plant_52kWpsensor_card1,2026-02-23 14:00:00,23.266666666666666,21.844444444444445,240.73333333333332
fronius_plant_52kWpsensor_card1,2026-02-23 15:00:00,27.636363636363637,25.272727272727273,269.8863636363636
fronius_plant_52kWpsensor_card1,2026-02-23 16:00:00,24.083333333333332,23.305555555555557,69.63888888888889
fronius_plant_52kWpsensor_card1,2026-02-23 17:00:00,21.36,20.96,23.44
fronius_plant_52kWpsensor_card1,2026-02-23 18:00:00,21.0,21.0,9.75
fronius_plant_52kWpsensor_card1,2026-02-23 20:00:00,20.0,21.0,0.0
fronius_plant_52kWpsensor_card1,2026-02-23 21:00:00,19.0,20.0,0.0
fronius_plant_52kWpsensor_card1,2026-02-24 04:00:00,19.0,19.0,0.0
fronius_plant_52kWpsensor_card1,2026-02-24 06:00:00,19.63157894736842,19.789473684210527,17.473684210526315
fronius_plant_52kWpsensor_card1,2026-02-24 07:00:00,20.91176470588235,20.205882352941178,62.35294117647059
fronius_plant_52kWpsensor_card1,2026-02-24 08:00:00,22.51219512195122,20.78048780487805,176.02439024390245
fronius_plant_52kWpsensor_card1,2026-02-24 09:00:00,25.372093023255815,22.651162790697676,300.7906976744186
fronius_plant_52kWpsensor_card1,2026-02-24 10:00:00,31.155555555555555,25.555555555555557,535.9111111111112
fronius_plant_52kWpsensor_card1,2026-02-24 11:00:00,31.522727272727273,25.818181818181817,333.6363636363636
fronius_plant_52kWpsensor_card1,2026-02-24 12:00:00,30.023809523809526,25.666666666666668,316.23809523809524
fronius_plant_52kWpsensor_card1,2026-02-24 13:00:00,35.955555555555556,28.2,582.8888888888889
fronius_plant_52kWpsensor_card1,2026-02-24 14:00:00,36.68181818181818,28.704545454545453,569.0454545454545
fronius_plant_52kWpsensor_card1,2026-02-24 15:00:00,30.871794871794872,27.102564102564102,225.97435897435898
fronius_plant_52kWpsensor_card1,2026-02-24 16:00:00,28.65,25.975,201.825
fronius_plant_52kWpsensor_card1,2026-02-24 17:00:00,26.804878048780488,25.073170731707318,100.1219512195122
fronius_plant_52kWpsensor_card1,2026-02-24 18:00:00,23.818181818181817,23.272727272727273,0.0
fronius_plant_52kWpsensor_card1,2026-02-24 20:00:00,20.0,20.0,0.0
fronius_plant_52kWpsensor_card1,2026-02-25 05:00:00,19.0,19.0,0.0
fronius_plant_52kWpsensor_card1,2026-02-25 06:00:00,19.0,18.714285714285715,8.571428571428571
fronius_plant_52kWpsensor_card1,2026-02-25 07:00:00,19.533333333333335,18.933333333333334,32.766666666666666
fronius_plant_52kWpsensor_card1,2026-02-25 08:00:00,20.76923076923077,19.512820512820515,107.05128205128206
fronius_plant_52kWpsensor_card1,2026-02-25 09:00:00,26.047619047619047,22.571428571428573,330.2142857142857
fronius_plant_52kWpsensor_card1,2026-02-25 10:00:00,32.48888888888889,25.533333333333335,520.7111111111111
fronius_plant_52kWpsensor_card1,2026-02-25 11:00:00,40.34090909090909,29.454545454545453,845.4772727272727
fronius_plant_52kWpsensor_card1,2026-02-25 12:00:00,43.13333333333333,30.977777777777778,865.7333333333333
fronius_plant_52kWpsensor_card1,2026-02-25 13:00:00,33.93333333333333,28.177777777777777,316.35555555555555
fronius_plant_52kWpsensor_card1,2026-02-25 14:00:00,32.023809523809526,27.904761904761905,272.1904761904762
fronius_plant_52kWpsensor_card1,2026-02-25 15:00:00,30.225,27.425,196.1
fronius_plant_52kWpsensor_card1,2026-02-25 16:00:00,24.176470588235293,23.029411764705884,23.529411764705884
fronius_plant_52kWpsensor_card1,2026-02-25 17:00:00,21.88235294117647,21.88235294117647,12.470588235294118
fronius_plant_52kWpsensor_card1,2026-02-25 18:00:00,21.142857142857142,21.857142857142858,3.857142857142857
fronius_plant_52kWpsensor_card1,2026-02-25 22:00:00,20.0,21.0,0.0
fronius_plant_52kWpsensor_card1,2026-02-26 00:00:00,20.0,20.0,0.0
fronius_plant_52kWpsensor_card1,2026-02-26 04:00:00,19.0,20.0,0.0
fronius_plant_52kWpsensor_card1,2026-02-26 05:00:00,17.666666666666668,18.333333333333332,0.0
fronius_plant_52kWpsensor_card1,2026-02-26 06:00:00,18.217391304347824,19.0,18.434782608695652
fronius_plant_52kWpsensor_card1,2026-02-26 07:00:00,20.813953488372093,20.41860465116279,102.90697674418605
fronius_plant_52kWpsensor_card1,2026-02-26 08:00:00,31.27906976744186,25.372093023255815,495.1860465116279
fronius_plant_52kWpsensor_card1,2026-02-26 09:00:00,37.28888888888889,27.866666666666667,590.4888888888889
fronius_plant_52kWpsensor_card1,2026-02-26 10:00:00,41.357142857142854,30.238095238095237,837.8333333333334
fronius_plant_52kWpsensor_card1,2026-02-26 11:00:00,46.79545454545455,33.77272727272727,946.25
fronius_plant_52kWpsensor_card1,2026-02-26 12:00:00,45.86666666666667,34.06666666666667,813.4888888888889
fronius_plant_52kWpsensor_card1,2026-02-26 13:00:00,43.43181818181818,33.5,844.5
fronius_plant_52kWpsensor_card1,2026-02-26 14:00:00,40.666666666666664,32.88095238095238,837.3571428571429
fronius_plant_52kWpsensor_card1,2026-02-26 15:00:00,36.72093023255814,31.488372093023255,533.8604651162791
fronius_plant_52kWpsensor_card1,2026-02-26 16:00:00,28.87878787878788,27.78787878787879,69.15151515151516
fronius_plant_52kWpsensor_card1,2026-02-26 17:00:00,26.97222222222222,26.38888888888889,31.47222222222222
fronius_plant_52kWpsensor_card1,2026-02-26 18:00:00,25.666666666666668,25.333333333333332,0.5
fronius_plant_52kWpsensor_card1,2026-02-26 20:00:00,24.0,24.0,0.0
fronius_plant_52kWpsensor_card1,2026-02-26 22:00:00,23.0,23.0,0.0
fronius_plant_52kWpsensor_card1,2026-02-27 00:00:00,22.0,22.0,0.0
fronius_plant_52kWpsensor_card1,2026-02-27 02:00:00,21.0,22.0,0.0
fronius_plant_52kWpsensor_card1,2026-02-27 05:00:00,19.857142857142858,20.428571428571427,0.0
fronius_plant_52kWpsensor_card1,2026-02-27 06:00:00,20.586206896551722,20.896551724137932,22.96551724137931
fronius_plant_52kWpsensor_card1,2026-02-27 07:00:00,24.30952380952381,22.5,149.88095238095238
fronius_plant_52kWpsensor_card1,2026-02-27 08:00:00,29.69047619047619,24.857142857142858,303.4047619047619
fronius_plant_52kWpsensor_card1,2026-02-27 09:00:00,34.18604651162791,27.023255813953487,508.2325581395349
fronius_plant_52kWpsensor_card1,2026-02-27 10:00:00,40.644444444444446,30.155555555555555,746.3555555555556
fronius_plant_52kWpsensor_card1,2026-02-27 11:00:00,46.91111111111111,33.71111111111111,929.4666666666667
fronius_plant_52kWpsensor_card1,2026-02-27 12:00:00,47.83720930232558,34.86046511627907,973.1860465116279
fronius_plant_52kWpsensor_card1,2026-02-27 13:00:00,46.02272727272727,34.93181818181818,874.25
fronius_plant_52kWpsensor_card1,2026-02-27 14:00:00,32.97674418604651,30.3953488372093,184.46511627906978
fronius_plant_52kWpsensor_card1,2026-02-27 15:00:00,31.11111111111111,29.377777777777776,149.82222222222222
fronius_plant_52kWpsensor_card1,2026-02-27 16:00:00,28.975609756097562,27.926829268292682,89.29268292682927
fronius_plant_52kWpsensor_card1,2026-02-27 17:00:00,27.555555555555557,26.916666666666668,32.77777777777778
fronius_plant_52kWpsensor_card1,2026-02-27 18:00:00,26.666666666666668,26.0,0.3333333333333333
fronius_plant_52kWpsensor_card1,2026-02-27 20:00:00,24.0,24.0,0.0
fronius_plant_52kWpsensor_card1,2026-02-27 21:00:00,23.0,23.0,0.0
fronius_plant_52kWpsensor_card1,2026-02-28 00:00:00,22.0,22.0,0.0
fronius_plant_52kWpsensor_card1,2026-02-28 05:00:00,21.0,21.0,0.0
fronius_plant_52kWpsensor_card1,2026-02-28 06:00:00,21.105263157894736,21.0,17.473684210526315
fronius_plant_52kWpsensor_card1,2026-02-28 07:00:00,23.906976744186046,22.488372093023255,136.02325581395348
fronius_plant_52kWpsensor_card1,2026-02-28 08:00:00,30.704545454545453,25.886363636363637,363.1136363636364
fronius_plant_52kWpsensor_card1,2026-02-28 09:00:00,35.91111111111111,28.08888888888889,626.6222222222223
fronius_plant_52kWpsensor_card1,2026-02-28 10:00:00,42.54545454545455,31.636363636363637,879.1818181818181
fronius_plant_52kWpsensor_card1,2026-02-28 11:00:00,45.55813953488372,33.55813953488372,960.3488372093024
fronius_plant_52kWpsensor_card1,2026-02-28 12:00:00,45.95348837209303,34.53488372093023,927.7441860465116
fronius_plant_52kWpsensor_card1,2026-02-28 13:00:00,39.91304347826087,33.08695652173913,624.9347826086956
fronius_plant_52kWpsensor_card1,2026-02-28 14:00:00,30.975,29.2,119.2
fronius_plant_52kWpsensor_card1,2026-02-28 15:00:00,28.272727272727273,27.939393939393938,45.93939393939394
fronius_plant_52kWpsensor_card1,2026-02-28 16:00:00,27.813953488372093,26.74418604651163,88.11627906976744
fronius_plant_52kWpsensor_card1,2026-02-28 17:00:00,27.2,26.5,21.933333333333334
fronius_plant_52kWpsensor_card1,2026-02-28 18:00:00,26.4,26.0,0.0
fronius_plant_52kWpsensor_card1,2026-02-28 20:00:00,25.0,25.0,0.0
fronius_plant_52kWpsensor_card1,2026-02-28 21:00:00,24.0,24.0,0.0
fronius_plant_52kWpsensor_card1,2026-03-01 05:00:00,20.5,21.0,0.0
fronius_plant_52kWpsensor_card1,2026-03-01 06:00:00,20.642857142857142,21.0,20.964285714285715
fronius_plant_52kWpsensor_card1,2026-03-01 07:00:00,26.704545454545453,23.636363636363637,246.13636363636363
fronius_plant_52kWpsensor_card1,2026-03-01 08:00:00,33.31111111111111,26.57777777777778,479.64444444444445
fronius_plant_52kWpsensor_card1,2026-03-01 09:00:00,38.86363636363637,29.75,658.0681818181819
fronius_plant_52kWpsensor_card1,2026-03-01 10:00:00,44.76744186046512,32.95348837209303,868.3255813953489
fronius_plant_52kWpsensor_card1,2026-03-01 11:00:00,48.23255813953488,35.02325581395349,959.0232558139535
fronius_plant_52kWpsensor_card1,2026-03-01 12:00:00,45.29545454545455,34.68181818181818,930.6818181818181
fronius_plant_52kWpsensor_card1,2026-03-01 13:00:00,31.8,29.42222222222222,141.95555555555555
fronius_plant_52kWpsensor_card1,2026-03-01 14:00:00,30.4390243902439,29.097560975609756,185.78048780487805
fronius_plant_52kWpsensor_card1,2026-03-01 15:00:00,31.15,29.325,132.725
fronius_plant_52kWpsensor_card1,2026-03-01 16:00:00,30.463414634146343,29.121951219512194,156.26829268292684
fronius_plant_52kWpsensor_card1,2026-03-01 17:00:00,28.674418604651162,27.697674418604652,83.32558139534883
fronius_plant_52kWpsensor_card1,2026-03-01 18:00:00,26.90909090909091,26.363636363636363,5.0
fronius_plant_52kWpsensor_card1,2026-03-01 20:00:00,24.0,24.0,0.0
fronius_plant_52kWpsensor_card1,2026-03-01 21:00:00,23.0,23.0,0.0
fronius_plant_52kWpsensor_card1,2026-03-02 05:00:00,20.666666666666668,21.0,0.0
fronius_plant_52kWpsensor_card1,2026-03-02 06:00:00,21.0,21.0,19.11764705882353
fronius_plant_52kWpsensor_card1,2026-03-02 07:00:00,22.926829268292682,21.829268292682926,138.0731707317073
fronius_plant_52kWpsensor_card1,2026-03-02 08:00:00,31.41860465116279,25.441860465116278,429.27906976744185
fronius_plant_52kWpsensor_card1,2026-03-02 09:00:00,36.27272727272727,28.068181818181817,598.4772727272727
fronius_plant_52kWpsensor_card1,2026-03-02 10:00:00,41.395348837209305,31.046511627906977,769.2558139534884
fronius_plant_52kWpsensor_card1,2026-03-02 11:00:00,46.77272727272727,33.63636363636363,949.9090909090909
fronius_plant_52kWpsensor_card1,2026-03-02 12:00:00,47.31818181818182,34.54545454545455,939.5909090909091
fronius_plant_52kWpsensor_card1,2026-03-02 13:00:00,45.666666666666664,34.888888888888886,910.1111111111111
fronius_plant_52kWpsensor_card1,2026-03-02 14:00:00,36.72727272727273,30.5,516.5681818181819
fronius_plant_52kWpsensor_card1,2026-03-02 15:00:00,25.65909090909091,26.227272727272727,80.5
fronius_plant_52kWpsensor_card1,2026-03-02 16:00:00,26.606060606060606,26.272727272727273,61.121212121212125
fronius_plant_52kWpsensor_card1,2026-03-02 17:00:00,26.894736842105264,26.55263157894737,41.078947368421055
fronius_plant_52kWpsensor_card1,2026-03-02 18:00:00,25.583333333333332,25.833333333333332,3.25
fronius_plant_52kWpsensor_card1,2026-03-02 21:00:00,23.0,23.0,0.0
fronius_plant_52kWpsensor_card1,2026-03-03 00:00:00,22.0,22.0,0.0
fronius_plant_52kWpsensor_card1,2026-03-03 03:00:00,21.0,21.0,0.0
fronius_plant_52kWpsensor_card1,2026-03-03 06:00:00,21.19047619047619,21.095238095238095,19.333333333333332
fronius_plant_52kWpsensor_card1,2026-03-03 07:00:00,22.805555555555557,22.11111111111111,63.166666666666664
fronius_plant_52kWpsensor_card1,2026-03-03 08:00:00,26.785714285714285,23.761904761904763,194.97619047619048
fronius_plant_52kWpsensor_card1,2026-03-03 09:00:00,29.69047619047619,26.095238095238095,243.88095238095238
fronius_plant_52kWpsensor_card1,2026-03-03 10:00:00,32.13953488372093,27.58139534883721,396.06976744186045
fronius_plant_52kWpsensor_card1,2026-03-03 11:00:00,41.20454545454545,31.568181818181817,730.9090909090909
fronius_plant_52kWpsensor_card1,2026-03-03 12:00:00,45.84090909090909,33.22727272727273,972.7954545454545
fronius_plant_52kWpsensor_card1,2026-03-03 13:00:00,46.48888888888889,34.955555555555556,726.0666666666667
fronius_plant_52kWpsensor_card1,2026-03-03 14:00:00,34.45454545454545,30.613636363636363,199.0681818181818
fronius_plant_52kWpsensor_card1,2026-03-03 15:00:00,32.77272727272727,29.681818181818183,277.8863636363636
fronius_plant_52kWpsensor_card1,2026-03-03 16:00:00,22.12121212121212,20.848484848484848,16.78787878787879
fronius_plant_52kWpsensor_card1,2026-03-03 17:00:00,20.05,19.725,40.4
fronius_plant_52kWpsensor_card1,2026-03-03 18:00:00,20.142857142857142,20.571428571428573,1.8571428571428572
fronius_plant_52kWpsensor_card1,2026-03-03 21:00:00,19.0,21.0,0.0
fronius_plant_52kWpsensor_card1,2026-03-03 22:00:00,20.0,21.0,0.0
fronius_plant_52kWpsensor_card1,2026-03-04 01:00:00,21.0,21.0,0.0
fronius_plant_52kWpsensor_card1,2026-03-04 05:00:00,20.333333333333332,21.0,0.0
fronius_plant_52kWpsensor_card1,2026-03-04 06:00:00,20.40909090909091,21.0,8.454545454545455
fronius_plant_52kWpsensor_card1,2026-03-04 07:00:00,20.975609756097562,21.146341463414632,54.68292682926829
fronius_plant_52kWpsensor_card1,2026-03-04 08:00:00,24.155555555555555,23.488888888888887,257.24444444444447
fronius_plant_52kWpsensor_card1,2026-03-04 09:00:00,29.558139534883722,26.46511627906977,382.74418604651163
fronius_plant_52kWpsensor_card1,2026-03-04 10:00:00,31.704545454545453,27.15909090909091,317.4318181818182
fronius_plant_52kWpsensor_card1,2026-03-04 11:00:00,36.43181818181818,29.272727272727273,695.0681818181819
fronius_plant_52kWpsensor_card1,2026-03-04 12:00:00,42.355555555555554,32.355555555555554,599.4222222222222
fronius_plant_52kWpsensor_card1,2026-03-04 13:00:00,25.452380952380953,22.785714285714285,113.16666666666667
fronius_plant_52kWpsensor_card1,2026-03-04 14:00:00,21.204545454545453,20.136363636363637,131.0
fronius_plant_52kWpsensor_card1,2026-03-04 15:00:00,23.146341463414632,21.24390243902439,178.09756097560975
fronius_plant_52kWpsensor_card1,2026-03-04 16:00:00,25.045454545454547,24.522727272727273,251.1818181818182
fronius_plant_52kWpsensor_card1,2026-03-04 17:00:00,24.1875,24.25,53.59375
fronius_plant_52kWpsensor_card1,2026-03-04 18:00:00,21.7,22.7,4.4
fronius_plant_52kWpsensor_card1,2026-03-04 22:00:00,21.0,21.0,0.0
fronius_plant_52kWpsensor_card1,2026-03-05 05:00:00,20.0,20.0,0.0
fronius_plant_52kWpsensor_card1,2026-03-05 06:00:00,19.625,20.0,34.40625
fronius_plant_52kWpsensor_card1,2026-03-05 07:00:00,22.6046511627907,21.697674418604652,153.74418604651163
fronius_plant_52kWpsensor_card1,2026-03-05 08:00:00,28.40909090909091,24.5,297.4318181818182
fronius_plant_52kWpsensor_card1,2026-03-05 09:00:00,35.266666666666666,28.31111111111111,584.4444444444445
fronius_plant_52kWpsensor_card1,2026-03-05 10:00:00,40.22222222222222,30.977777777777778,754.8
fronius_plant_52kWpsensor_card1,2026-03-05 11:00:00,43.955555555555556,32.24444444444445,850.4222222222222
fronius_plant_52kWpsensor_card1,2026-03-05 12:00:00,45.71111111111111,33.71111111111111,909.8
fronius_plant_52kWpsensor_card1,2026-03-05 13:00:00,36.044444444444444,30.533333333333335,252.55555555555554
fronius_plant_52kWpsensor_card1,2026-03-05 14:00:00,24.904761904761905,23.428571428571427,103.80952380952381
fronius_plant_52kWpsensor_card1,2026-03-05 15:00:00,26.375,25.6,286.475
fronius_plant_52kWpsensor_card1,2026-03-05 16:00:00,29.977272727272727,27.431818181818183,173.02272727272728
fronius_plant_52kWpsensor_card1,2026-03-05 17:00:00,26.02857142857143,25.485714285714284,24.942857142857143
fronius_plant_52kWpsensor_card1,2026-03-05 18:00:00,24.8,24.2,2.2
fronius_plant_52kWpsensor_card1,2026-03-05 20:00:00,23.0,23.0,0.0
fronius_plant_52kWpsensor_card1,2026-03-05 21:00:00,22.0,22.0,0.0
fronius_plant_52kWpsensor_card1,2026-03-06 05:00:00,20.0,20.0,0.0
fronius_plant_52kWpsensor_card1,2026-03-06 06:00:00,20.045454545454547,20.045454545454547,18.59090909090909
fronius_plant_52kWpsensor_card1,2026-03-06 07:00:00,21.566666666666666,20.933333333333334,56.233333333333334
fronius_plant_52kWpsensor_card1,2026-03-06 08:00:00,23.902439024390244,21.829268292682926,144.09756097560975
fronius_plant_52kWpsensor_card1,2026-03-06 09:00:00,28.25,24.045454545454547,341.02272727272725
fronius_plant_52kWpsensor_card1,2026-03-06 10:00:00,31.555555555555557,26.194444444444443,351.52777777777777
fronius_plant_52kWpsensor_card1,2026-03-06 11:00:00,33.76190476190476,28.142857142857142,397.8095238095238
fronius_plant_52kWpsensor_card1,2026-03-06 12:00:00,38.59090909090909,30.84090909090909,705.4772727272727
fronius_plant_52kWpsensor_card1,2026-03-06 13:00:00,45.24444444444445,34.55555555555556,702.1777777777778
fronius_plant_52kWpsensor_card1,2026-03-06 14:00:00,34.0,29.069767441860463,340.4651162790698
fronius_plant_52kWpsensor_card1,2026-03-06 15:00:00,29.0,26.522727272727273,252.5681818181818
fronius_plant_52kWpsensor_card1,2026-03-06 16:00:00,26.875,25.15,148.0
fronius_plant_52kWpsensor_card1,2026-03-06 17:00:00,25.225,24.475,61.6
fronius_plant_52kWpsensor_card1,2026-03-06 18:00:00,23.88888888888889,23.77777777777778,7.555555555555555
fronius_plant_52kWpsensor_card1,2026-03-06 21:00:00,23.0,22.0,0.0
fronius_plant_52kWpsensor_card1,2026-03-06 22:00:00,21.0,21.0,0.0
fronius_plant_52kWpsensor_card1,2026-03-07 04:00:00,20.0,20.0,0.0
fronius_plant_52kWpsensor_card1,2026-03-07 05:00:00,21.0,20.333333333333332,0.0
fronius_plant_52kWpsensor_card1,2026-03-07 06:00:00,21.1875,20.8125,24.96875
fronius_plant_52kWpsensor_card1,2026-03-07 07:00:00,23.976190476190474,22.333333333333332,165.9047619047619
fronius_plant_52kWpsensor_card1,2026-03-07 08:00:00,30.204545454545453,24.954545454545453,425.1363636363636
fronius_plant_52kWpsensor_card1,2026-03-07 09:00:00,36.86666666666667,28.733333333333334,689.1111111111111
fronius_plant_52kWpsensor_card1,2026-03-07 10:00:00,39.91111111111111,30.822222222222223,749.4444444444445
fronius_plant_52kWpsensor_card1,2026-03-07 11:00:00,41.37777777777778,32.266666666666666,734.7111111111111
fronius_plant_52kWpsensor_card1,2026-03-07 12:00:00,43.666666666666664,33.644444444444446,915.9777777777778
fronius_plant_52kWpsensor_card1,2026-03-07 13:00:00,43.733333333333334,34.31111111111111,869.9111111111112
fronius_plant_52kWpsensor_card1,2026-03-07 14:00:00,42.666666666666664,34.355555555555554,738.9333333333333
fronius_plant_52kWpsensor_card1,2026-03-07 15:00:00,37.325581395348834,32.81395348837209,540.8139534883721
fronius_plant_52kWpsensor_card1,2026-03-07 16:00:00,34.17777777777778,31.4,316.8666666666667
fronius_plant_52kWpsensor_card1,2026-03-07 17:00:00,29.515151515151516,28.454545454545453,73.9090909090909
fronius_plant_52kWpsensor_card1,2026-03-07 18:00:00,26.833333333333332,26.666666666666668,1.6666666666666667
fronius_plant_52kWpsensor_card1,2026-03-07 22:00:00,23.0,23.0,0.0
fronius_plant_52kWpsensor_card1,2026-03-08 01:00:00,22.0,22.0,0.0
fronius_plant_52kWpsensor_card1,2026-03-08 06:00:00,20.0,20.0,0.0
fronius_plant_52kWpsensor_card1,2026-03-08 07:00:00,20.294117647058822,20.0,6.0
fronius_plant_52kWpsensor_card1,2026-03-08 08:00:00,20.11111111111111,19.666666666666668,22.5
fronius_plant_52kWpsensor_card1,2026-03-08 09:00:00,20.0,19.34285714285714,71.05714285714286
fronius_plant_52kWpsensor_card1,2026-03-08 10:00:00,20.86111111111111,20.583333333333332,110.63888888888889
fronius_plant_52kWpsensor_card1,2026-03-08 11:00:00,21.0,20.583333333333332,93.125
fronius_plant_52kWpsensor_card1,2026-03-08 12:00:00,21.435897435897434,20.871794871794872,129.53846153846155
fronius_plant_52kWpsensor_card1,2026-03-08 13:00:00,23.536585365853657,21.878048780487806,212.02439024390245
fronius_plant_52kWpsensor_card1,2026-03-08 14:00:00,25.853658536585368,23.195121951219512,220.390243902439
fronius_plant_52kWpsensor_card1,2026-03-08 15:00:00,25.65909090909091,23.318181818181817,149.4090909090909
fronius_plant_52kWpsensor_card1,2026-03-08 16:00:00,24.25,23.0,87.6875
fronius_plant_52kWpsensor_card1,2026-03-08 17:00:00,23.692307692307693,22.76923076923077,41.282051282051285
fronius_plant_52kWpsensor_card1,2026-03-08 18:00:00,21.88888888888889,21.77777777777778,4.111111111111111
fronius_plant_52kWpsensor_card1,2026-03-08 21:00:00,20.0,20.0,0.0
fronius_plant_52kWpsensor_card1,2026-03-08 22:00:00,18.0,19.0,0.0
fronius_plant_52kWpsensor_card1,2026-03-09 05:00:00,16.0,16.5,0.0
fronius_plant_52kWpsensor_card1,2026-03-09 06:00:00,16.321428571428573,16.892857142857142,24.821428571428573
fronius_plant_52kWpsensor_card1,2026-03-09 07:00:00,19.575,18.725,89.625
fronius_plant_52kWpsensor_card1,2026-03-09 08:00:00,26.227272727272727,22.0,351.02272727272725
fronius_plant_52kWpsensor_card1,2026-03-09 09:00:00,36.22727272727273,26.818181818181817,712.3181818181819
fronius_plant_52kWpsensor_card1,2026-03-09 10:00:00,42.19565217391305,30.847826086956523,865.1086956521739
fronius_plant_52kWpsensor_card1,2026-03-09 11:00:00,45.43478260869565,33.45652173913044,960.2608695652174
fronius_plant_52kWpsensor_card1,2026-03-09 12:00:00,46.46666666666667,34.86666666666667,943.5555555555555
fronius_plant_52kWpsensor_card1,2026-03-09 13:00:00,47.47826086956522,36.02173913043478,974.5217391304348
fronius_plant_52kWpsensor_card1,2026-03-09 14:00:00,42.34090909090909,34.29545454545455,800.6363636363636
fronius_plant_52kWpsensor_card1,2026-03-09 15:00:00,28.53488372093023,26.0,105.65116279069767
fronius_plant_52kWpsensor_card1,2026-03-09 16:00:00,21.2,20.425,42.225
fronius_plant_52kWpsensor_card1,2026-03-09 17:00:00,22.0,20.975,51.825
fronius_plant_52kWpsensor_card1,2026-03-09 18:00:00,21.4,21.0,4.0
fronius_plant_52kWpsensor_card1,2026-03-10 01:00:00,20.0,20.0,0.0
fronius_plant_52kWpsensor_card1,2026-03-10 05:00:00,19.0,19.0,0.0
fronius_plant_52kWpsensor_card1,2026-03-10 06:00:00,19.137931034482758,19.482758620689655,25.689655172413794
fronius_plant_52kWpsensor_card1,2026-03-10 07:00:00,22.977777777777778,21.466666666666665,185.17777777777778
fronius_plant_52kWpsensor_card1,2026-03-10 08:00:00,28.928571428571427,24.357142857142858,377.85714285714283
fronius_plant_52kWpsensor_card1,2026-03-10 09:00:00,36.52272727272727,27.772727272727273,621.9318181818181
fronius_plant_52kWpsensor_card1,2026-03-10 10:00:00,40.111111111111114,30.755555555555556,777.7777777777778
fronius_plant_52kWpsensor_card1,2026-03-10 11:00:00,44.75,33.36363636363637,885.2045454545455
fronius_plant_52kWpsensor_card1,2026-03-10 12:00:00,46.51111111111111,35.355555555555554,862.6
fronius_plant_52kWpsensor_card1,2026-03-10 13:00:00,45.46666666666667,35.37777777777778,779.8666666666667
fronius_plant_52kWpsensor_card1,2026-03-10 14:00:00,37.63636363636363,32.15909090909091,437.5681818181818
fronius_plant_52kWpsensor_card1,2026-03-10 15:00:00,32.13953488372093,29.767441860465116,213.37209302325581
fronius_plant_52kWpsensor_card1,2026-03-10 16:00:00,24.84375,23.71875,15.65625
fronius_plant_52kWpsensor_card1,2026-03-10 17:00:00,20.38235294117647,19.88235294117647,12.882352941176471
fronius_plant_52kWpsensor_card1,2026-03-10 18:00:00,20.714285714285715,20.285714285714285,0.0
fronius_plant_52kWpsensor_card1,2026-03-10 22:00:00,20.0,21.0,0.0
fronius_plant_52kWpsensor_card1,2026-03-11 01:00:00,20.0,20.0,0.0
fronius_plant_52kWpsensor_card1,2026-03-11 05:00:00,19.0,19.0,0.0
fronius_plant_52kWpsensor_card1,2026-03-11 06:00:00,19.238095238095237,19.0,17.61904761904762
fronius_plant_52kWpsensor_card1,2026-03-11 07:00:00,20.488372093023255,20.11627906976744,101.34883720930233
fronius_plant_52kWpsensor_card1,2026-03-11 08:00:00,23.261904761904763,21.61904761904762,169.0
fronius_plant_52kWpsensor_card1,2026-03-11 09:00:00,29.113636363636363,24.295454545454547,455.5
fronius_plant_52kWpsensor_card1,2026-03-11 10:00:00,35.48888888888889,27.444444444444443,650.3111111111111
fronius_plant_52kWpsensor_card1,2026-03-11 11:00:00,41.97727272727273,31.022727272727273,835.3181818181819
fronius_plant_52kWpsensor_card1,2026-03-11 12:00:00,44.30434782608695,32.76086956521739,884.5
fronius_plant_52kWpsensor_card1,2026-03-11 13:00:00,43.86363636363637,34.20454545454545,740.9545454545455
fronius_plant_52kWpsensor_card1,2026-03-11 14:00:00,43.57142857142857,34.904761904761905,791.5952380952381
fronius_plant_52kWpsensor_card1,2026-03-11 15:00:00,40.31111111111111,34.044444444444444,442.15555555555557
fronius_plant_52kWpsensor_card1,2026-03-11 16:00:00,34.47727272727273,31.636363636363637,295.25
fronius_plant_52kWpsensor_card1,2026-03-11 17:00:00,28.545454545454547,27.318181818181817,104.27272727272727
fronius_plant_52kWpsensor_card1,2026-03-11 18:00:00,26.357142857142858,25.857142857142858,17.214285714285715
fronius_plant_52kWpsensor_card1,2026-03-11 20:00:00,24.0,24.0,0.0
fronius_plant_52kWpsensor_card1,2026-03-11 21:00:00,23.0,23.0,0.0
fronius_plant_52kWpsensor_card1,2026-03-12 00:00:00,23.0,22.0,0.0
fronius_plant_52kWpsensor_card1,2026-03-12 04:00:00,21.0,21.0,0.0
fronius_plant_52kWpsensor_card1,2026-03-12 06:00:00,21.714285714285715,21.285714285714285,48.34285714285714
fronius_plant_52kWpsensor_card1,2026-03-12 07:00:00,23.55,22.15,126.325
fronius_plant_52kWpsensor_card1,2026-03-12 08:00:00,25.58974358974359,23.358974358974358,217.64102564102564
fronius_plant_52kWpsensor_card1,2026-03-12 09:00:00,32.266666666666666,26.955555555555556,532.3333333333334
fronius_plant_52kWpsensor_card1,2026-03-12 10:00:00,39.888888888888886,30.866666666666667,679.4222222222222
fronius_plant_52kWpsensor_card1,2026-03-12 11:00:00,44.15555555555556,32.91111111111111,847.2888888888889
fronius_plant_52kWpsensor_card1,2026-03-12 12:00:00,44.2,34.24444444444445,735.2666666666667
fronius_plant_52kWpsensor_card1,2026-03-12 13:00:00,37.74418604651163,32.25581395348837,427.74418604651163
fronius_plant_52kWpsensor_card1,2026-03-12 14:00:00,34.955555555555556,31.444444444444443,315.77777777777777
fronius_plant_52kWpsensor_card1,2026-03-12 15:00:00,35.24444444444445,31.57777777777778,358.64444444444445
fronius_plant_52kWpsensor_card1,2026-03-12 16:00:00,30.044444444444444,28.177777777777777,169.62222222222223
fronius_plant_52kWpsensor_card1,2026-03-12 17:00:00,26.952380952380953,25.666666666666668,93.71428571428571
fronius_plant_52kWpsensor_card1,2026-03-12 18:00:00,24.055555555555557,23.77777777777778,5.222222222222222
fronius_plant_52kWpsensor_card1,2026-03-12 22:00:00,20.0,20.0,0.0
fronius_plant_52kWpsensor_card1,2026-03-13 06:00:00,20.285714285714285,20.0,44.476190476190474
fronius_plant_52kWpsensor_card1,2026-03-13 07:00:00,22.658536585365855,21.414634146341463,162.5121951219512
fronius_plant_52kWpsensor_card1,2026-03-13 08:00:00,31.674418604651162,25.790697674418606,468.0232558139535
fronius_plant_52kWpsensor_card1,2026-03-13 09:00:00,37.34782608695652,28.58695652173913,691.4130434782609
fronius_plant_52kWpsensor_card1,2026-03-13 10:00:00,41.275,31.225,845.8
fronius_plant_52kWpsensor_card1,2026-03-13 11:00:00,44.86046511627907,33.13953488372093,958.1162790697674
fronius_plant_52kWpsensor_card1,2026-03-13 12:00:00,45.7906976744186,34.25581395348837,1020.8604651162791
fronius_plant_52kWpsensor_card1,2026-03-13 13:00:00,44.785714285714285,34.904761904761905,924.5238095238095
fronius_plant_52kWpsensor_card1,2026-03-13 14:00:00,38.95454545454545,32.63636363636363,681.6363636363636
fronius_plant_52kWpsensor_card1,2026-03-13 15:00:00,30.386363636363637,28.40909090909091,140.4318181818182
fronius_plant_52kWpsensor_card1,2026-03-13 16:00:00,27.833333333333332,26.88095238095238,70.78571428571429
fronius_plant_52kWpsensor_card1,2026-03-13 17:00:00,25.944444444444443,25.083333333333332,26.583333333333332
fronius_plant_52kWpsensor_card1,2026-03-13 18:00:00,24.8,24.0,8.6
fronius_plant_52kWpsensor_card1,2026-03-13 22:00:00,23.0,22.0,0.0
fronius_plant_52kWpsensor_card1,2026-03-14 00:00:00,22.0,21.0,0.0
fronius_plant_52kWpsensor_card1,2026-03-14 01:00:00,21.0,21.0,0.0
fronius_plant_52kWpsensor_card1,2026-03-14 05:00:00,19.0,19.666666666666668,0.0
fronius_plant_52kWpsensor_card1,2026-03-14 06:00:00,19.875,19.90625,23.0625
fronius_plant_52kWpsensor_card1,2026-03-14 07:00:00,22.609756097560975,21.341463414634145,119.39024390243902
fronius_plant_52kWpsensor_card1,2026-03-14 08:00:00,29.454545454545453,24.84090909090909,437.65909090909093
fronius_plant_52kWpsensor_card1,2026-03-14 09:00:00,37.142857142857146,28.952380952380953,693.047619047619
fronius_plant_52kWpsensor_card1,2026-03-14 10:00:00,42.883720930232556,31.674418604651162,875.0697674418604
fronius_plant_52kWpsensor_card1,2026-03-14 11:00:00,46.75,34.84090909090909,981.8181818181819
fronius_plant_52kWpsensor_card1,2026-03-14 12:00:00,48.36363636363637,36.25,860.7954545454545
fronius_plant_52kWpsensor_card1,2026-03-14 13:00:00,43.355555555555554,35.044444444444444,813.0666666666667
fronius_plant_52kWpsensor_card1,2026-03-14 14:00:00,44.72093023255814,35.651162790697676,692.8139534883721
fronius_plant_52kWpsensor_card1,2026-03-14 15:00:00,34.41860465116279,31.558139534883722,349.13953488372096
fronius_plant_52kWpsensor_card1,2026-03-14 16:00:00,31.113636363636363,29.25,149.1590909090909
fronius_plant_52kWpsensor_card1,2026-03-14 17:00:00,27.595238095238095,26.547619047619047,86.73809523809524
fronius_plant_52kWpsensor_card1,2026-03-14 18:00:00,25.6,24.8,7.4
fronius_plant_52kWpsensor_card1,2026-03-14 22:00:00,23.0,22.0,0.0
fronius_plant_52kWpsensor_card1,2026-03-15 00:00:00,22.0,22.0,0.0
fronius_plant_52kWpsensor_card1,2026-03-15 03:00:00,21.0,21.0,0.0
fronius_plant_52kWpsensor_card1,2026-03-15 05:00:00,20.0,20.0,0.0
fronius_plant_52kWpsensor_card1,2026-03-15 06:00:00,21.333333333333332,20.96969696969697,41.484848484848484
fronius_plant_52kWpsensor_card1,2026-03-15 07:00:00,24.558139534883722,22.488372093023255,176.13953488372093
fronius_plant_52kWpsensor_card1,2026-03-15 08:00:00,31.232558139534884,25.930232558139537,474.5581395348837
fronius_plant_52kWpsensor_card1,2026-03-15 09:00:00,38.595238095238095,29.976190476190474,710.9047619047619
fronius_plant_52kWpsensor_card1,2026-03-15 10:00:00,42.422222222222224,31.866666666666667,871.9333333333333
fronius_plant_52kWpsensor_card1,2026-03-15 11:00:00,43.83720930232558,33.76744186046512,850.0232558139535
fronius_plant_52kWpsensor_card1,2026-03-15 12:00:00,47.55555555555556,36.48888888888889,1002.7111111111111
fronius_plant_52kWpsensor_card1,2026-03-15 13:00:00,48.31111111111111,37.91111111111111,754.4444444444445
fronius_plant_52kWpsensor_card1,2026-03-15 14:00:00,40.06666666666667,34.17777777777778,524.9555555555555
fronius_plant_52kWpsensor_card1,2026-03-15 15:00:00,34.13636363636363,31.25,357.04545454545456
fronius_plant_52kWpsensor_card1,2026-03-15 16:00:00,29.475,28.125,144.175
fronius_plant_52kWpsensor_card1,2026-03-15 17:00:00,27.393939393939394,26.454545454545453,45.96969696969697
fronius_plant_52kWpsensor_card1,2026-03-15 18:00:00,25.833333333333332,25.166666666666668,2.1666666666666665
fronius_plant_52kWpsensor_card1,2026-03-15 21:00:00,24.0,23.0,0.0
fronius_plant_52kWpsensor_card1,2026-03-15 22:00:00,23.0,23.0,0.0
fronius_plant_52kWpsensor_card1,2026-03-16 04:00:00,21.0,21.0,0.0
fronius_plant_52kWpsensor_card1,2026-03-16 05:00:00,20.4,21.0,0.0
fronius_plant_52kWpsensor_card1,2026-03-16 06:00:00,20.666666666666668,20.916666666666668,39.833333333333336
fronius_plant_52kWpsensor_card1,2026-03-16 07:00:00,25.136363636363637,23.045454545454547,201.1818181818182
fronius_plant_52kWpsensor_card1,2026-03-16 08:00:00,31.88888888888889,26.57777777777778,472.44444444444446
fronius_plant_52kWpsensor_card1,2026-03-16 09:00:00,37.170731707317074,29.585365853658537,702.9512195121952
fronius_plant_52kWpsensor_card1,2026-03-16 10:00:00,41.24444444444445,31.91111111111111,866.6666666666666
fronius_plant_52kWpsensor_card1,2026-03-16 11:00:00,44.93181818181818,34.40909090909091,960.6363636363636
fronius_plant_52kWpsensor_card1,2026-03-16 12:00:00,47.111111111111114,36.0,996.3333333333334
fronius_plant_52kWpsensor_card1,2026-03-16 13:00:00,45.68181818181818,36.22727272727273,912.7272727272727
fronius_plant_52kWpsensor_card1,2026-03-16 14:00:00,41.84444444444444,34.86666666666667,719.4
fronius_plant_52kWpsensor_card1,2026-03-16 15:00:00,34.577777777777776,31.755555555555556,342.2888888888889
fronius_plant_52kWpsensor_card1,2026-03-16 16:00:00,33.06976744186046,30.674418604651162,239.2093023255814
fronius_plant_52kWpsensor_card1,2026-03-16 17:00:00,28.387096774193548,27.612903225806452,34.483870967741936
fronius_plant_52kWpsensor_card1,2026-03-16 18:00:00,27.0,26.8,0.8
fronius_plant_52kWpsensor_card1,2026-03-16 21:00:00,25.0,24.0,0.0
fronius_plant_52kWpsensor_card1,2026-03-16 22:00:00,24.0,23.0,0.0
fronius_plant_52kWpsensor_card1,2026-03-17 04:00:00,23.0,22.0,0.0
fronius_plant_52kWpsensor_card1,2026-03-17 05:00:00,22.0,22.0,0.0
fronius_plant_52kWpsensor_card1,2026-03-17 06:00:00,22.0,22.0,14.0
fronius_plant_52kWpsensor_card1,2026-03-17 07:00:00,23.238095238095237,22.404761904761905,70.73809523809524
fronius_plant_52kWpsensor_card1,2026-03-17 08:00:00,27.488888888888887,24.6,284.2888888888889
fronius_plant_52kWpsensor_card1,2026-03-17 09:00:00,35.93181818181818,29.386363636363637,574.9772727272727
fronius_plant_52kWpsensor_card1,2026-03-17 10:00:00,39.79545454545455,31.40909090909091,711.25
fronius_plant_52kWpsensor_card1,2026-03-17 11:00:00,39.86666666666667,31.466666666666665,794.1333333333333
fronius_plant_52kWpsensor_card1,2026-03-17 12:00:00,39.0,32.13636363636363,587.5
fronius_plant_52kWpsensor_card1,2026-03-17 13:00:00,40.0,32.84444444444444,648.7333333333333
fronius_plant_52kWpsensor_card1,2026-03-17 14:00:00,40.79545454545455,33.84090909090909,638.2272727272727
fronius_plant_52kWpsensor_card1,2026-03-17 15:00:00,34.77777777777778,31.355555555555554,305.8666666666667
fronius_plant_52kWpsensor_card1,2026-03-17 16:00:00,28.28205128205128,26.923076923076923,83.23076923076923
fronius_plant_52kWpsensor_card1,2026-03-17 17:00:00,20.512820512820515,20.025641025641026,41.07692307692308
fronius_plant_52kWpsensor_card1,2026-03-17 18:00:00,20.818181818181817,20.545454545454547,1.4545454545454546
fronius_plant_52kWpsensor_card1,2026-03-18 05:00:00,20.0,20.5,0.0
fronius_plant_52kWpsensor_card1,2026-03-18 06:00:00,20.580645161290324,20.838709677419356,16.967741935483872
fronius_plant_52kWpsensor_card1,2026-03-18 07:00:00,24.113636363636363,22.84090909090909,211.86363636363637
fronius_plant_52kWpsensor_card1,2026-03-18 08:00:00,24.973684210526315,23.342105263157894,126.63157894736842
fronius_plant_52kWpsensor_card1,2026-03-18 09:00:00,23.25581395348837,22.53488372093023,204.41860465116278
fronius_plant_52kWpsensor_card1,2026-03-18 10:00:00,26.35,24.325,278.325
fronius_plant_52kWpsensor_card1,2026-03-18 11:00:00,33.476190476190474,28.38095238095238,471.5
fronius_plant_52kWpsensor_card1,2026-03-18 12:00:00,42.06666666666667,32.77777777777778,832.3555555555556
fronius_plant_52kWpsensor_card1,2026-03-18 13:00:00,33.53658536585366,28.121951219512194,294.0731707317073
fronius_plant_52kWpsensor_card1,2026-03-18 14:00:00,27.613636363636363,25.568181818181817,229.38636363636363
fronius_plant_52kWpsensor_card1,2026-03-18 15:00:00,24.9,23.525,111.35
fronius_plant_52kWpsensor_card1,2026-03-18 16:00:00,25.78048780487805,24.0,109.65853658536585
fronius_plant_52kWpsensor_card1,2026-03-18 17:00:00,22.72222222222222,21.833333333333332,27.333333333333332
fronius_plant_52kWpsensor_card1,2026-03-18 18:00:00,20.214285714285715,20.357142857142858,1.2142857142857142
fronius_plant_52kWpsensor_card1,2026-03-18 21:00:00,21.0,21.0,0.0
fronius_plant_52kWpsensor_card1,2026-03-18 22:00:00,21.0,20.0,0.0
fronius_plant_52kWpsensor_card1,2026-03-19 05:00:00,20.0,20.0,0.0
fronius_plant_52kWpsensor_card1,2026-03-19 06:00:00,19.071428571428573,19.321428571428573,20.0
fronius_plant_52kWpsensor_card1,2026-03-19 07:00:00,21.261904761904763,20.595238095238095,100.85714285714286
fronius_plant_52kWpsensor_card1,2026-03-19 08:00:00,26.931818181818183,23.65909090909091,291.65909090909093
fronius_plant_52kWpsensor_card1,2026-03-19 09:00:00,35.93181818181818,28.59090909090909,704.75
fronius_plant_52kWpsensor_card1,2026-03-19 10:00:00,41.63636363636363,32.52272727272727,829.4545454545455
fronius_plant_52kWpsensor_card1,2026-03-19 11:00:00,38.82222222222222,31.977777777777778,783.7555555555556
fronius_plant_52kWpsensor_card1,2026-03-19 12:00:00,43.093023255813954,34.325581395348834,1038.046511627907
fronius_plant_52kWpsensor_card1,2026-03-19 13:00:00,42.28888888888889,34.37777777777778,829.7555555555556
fronius_plant_52kWpsensor_card1,2026-03-19 14:00:00,42.04651162790697,34.69767441860465,598.5116279069767
fronius_plant_52kWpsensor_card1,2026-03-19 15:00:00,32.79545454545455,29.795454545454547,328.1136363636364
fronius_plant_52kWpsensor_card1,2026-03-19 16:00:00,31.214285714285715,28.928571428571427,277.7857142857143
fronius_plant_52kWpsensor_card1,2026-03-19 17:00:00,25.92105263157895,25.31578947368421,29.342105263157894
fronius_plant_52kWpsensor_card1,2026-03-19 18:00:00,24.666666666666668,24.0,1.0
fronius_plant_52kWpsensor_card1,2026-03-19 23:00:00,22.0,22.0,0.0
fronius_plant_52kWpsensor_card1,2026-03-20 04:00:00,21.0,21.0,0.0
fronius_plant_52kWpsensor_card1,2026-03-20 05:00:00,20.75,20.5,0.0
fronius_plant_52kWpsensor_card1,2026-03-20 06:00:00,21.416666666666668,21.083333333333332,40.25
fronius_plant_52kWpsensor_card1,2026-03-20 07:00:00,24.844444444444445,22.68888888888889,182.57777777777778
fronius_plant_52kWpsensor_card1,2026-03-20 08:00:00,29.930232558139537,25.6046511627907,343.69767441860466
fronius_plant_52kWpsensor_card1,2026-03-20 09:00:00,35.92857142857143,28.904761904761905,684.6904761904761
fronius_plant_52kWpsensor_card1,2026-03-20 10:00:00,41.34090909090909,31.795454545454547,867.3409090909091
fronius_plant_52kWpsensor_card1,2026-03-20 11:00:00,42.52272727272727,33.72727272727273,783.5681818181819
fronius_plant_52kWpsensor_card1,2026-03-20 12:00:00,40.02272727272727,33.38636363636363,806.2045454545455
fronius_plant_52kWpsensor_card1,2026-03-20 13:00:00,41.40909090909091,34.45454545454545,814.2272727272727
fronius_plant_52kWpsensor_card1,2026-03-20 14:00:00,39.53333333333333,32.8,583.7777777777778
fronius_plant_52kWpsensor_card1,2026-03-20 15:00:00,32.15555555555556,29.377777777777776,310.4222222222222
fronius_plant_52kWpsensor_card1,2026-03-20 16:00:00,29.333333333333332,27.644444444444446,221.53333333333333
fronius_plant_52kWpsensor_card1,2026-03-20 17:00:00,25.857142857142858,24.857142857142858,51.095238095238095
fronius_plant_52kWpsensor_card1,2026-03-20 18:00:00,24.0,23.77777777777778,3.6666666666666665
fronius_plant_52kWpsensor_card1,2026-03-20 21:00:00,23.0,22.0,0.0
fronius_plant_52kWpsensor_card1,2026-03-20 22:00:00,22.0,21.0,0.0
fronius_plant_52kWpsensor_card1,2026-03-21 04:00:00,21.0,21.0,0.0
fronius_plant_52kWpsensor_card1,2026-03-21 05:00:00,21.0,20.4,0.0
fronius_plant_52kWpsensor_card1,2026-03-21 06:00:00,21.363636363636363,20.848484848484848,35.24242424242424
fronius_plant_52kWpsensor_card1,2026-03-21 07:00:00,23.8,22.275,130.675
fronius_plant_52kWpsensor_card1,2026-03-21 08:00:00,26.833333333333332,23.761904761904763,242.3095238095238
fronius_plant_52kWpsensor_card1,2026-03-21 09:00:00,29.113636363636363,25.09090909090909,257.3636363636364
fronius_plant_52kWpsensor_card1,2026-03-21 10:00:00,30.75,26.386363636363637,398.09090909090907
fronius_plant_52kWpsensor_card1,2026-03-21 11:00:00,33.41860465116279,28.27906976744186,331.25581395348837
fronius_plant_52kWpsensor_card1,2026-03-21 12:00:00,35.68888888888889,29.622222222222224,573.5333333333333
fronius_plant_52kWpsensor_card1,2026-03-21 13:00:00,42.09090909090909,32.65909090909091,841.4545454545455
fronius_plant_52kWpsensor_card1,2026-03-21 14:00:00,35.84090909090909,30.272727272727273,575.9318181818181
fronius_plant_52kWpsensor_card1,2026-03-21 15:00:00,26.463414634146343,25.097560975609756,127.36585365853658
fronius_plant_52kWpsensor_card1,2026-03-21 16:00:00,23.633333333333333,22.633333333333333,25.566666666666666
fronius_plant_52kWpsensor_card1,2026-03-21 17:00:00,20.59090909090909,19.636363636363637,6.590909090909091
fronius_plant_52kWpsensor_card1,2026-03-21 18:00:00,20.857142857142858,19.428571428571427,0.0
fronius_plant_52kWpsensor_card1,2026-03-21 21:00:00,19.0,18.0,0.0
fronius_plant_52kWpsensor_card1,2026-03-21 22:00:00,19.0,19.0,0.0
fronius_plant_52kWpsensor_card1,2026-03-22 05:00:00,19.0,18.0,0.0
fronius_plant_52kWpsensor_card1,2026-03-22 06:00:00,19.0,18.13888888888889,35.27777777777778
fronius_plant_52kWpsensor_card1,2026-03-22 07:00:00,20.755555555555556,19.2,146.0888888888889
fronius_plant_52kWpsensor_card1,2026-03-22 08:00:00,25.681818181818183,21.90909090909091,321.25
fronius_plant_52kWpsensor_card1,2026-03-22 09:00:00,31.755555555555556,25.244444444444444,609.3333333333334
fronius_plant_52kWpsensor_card1,2026-03-22 10:00:00,38.63636363636363,29.318181818181817,859.9545454545455
fronius_plant_52kWpsensor_card1,2026-03-22 11:00:00,44.84090909090909,32.59090909090909,984.0
fronius_plant_52kWpsensor_card1,2026-03-22 12:00:00,46.02325581395349,34.30232558139535,898.6046511627907
fronius_plant_52kWpsensor_card1,2026-03-22 13:00:00,44.41860465116279,34.25581395348837,935.3953488372093
fronius_plant_52kWpsensor_card1,2026-03-22 14:00:00,41.4390243902439,33.51219512195122,809.4634146341464
fronius_plant_52kWpsensor_card1,2026-03-22 15:00:00,35.71111111111111,31.377777777777776,609.2444444444444
fronius_plant_52kWpsensor_card1,2026-03-22 16:00:00,31.214285714285715,29.071428571428573,264.7857142857143
fronius_plant_52kWpsensor_card1,2026-03-22 17:00:00,27.0,26.0,46.05263157894737
fronius_plant_52kWpsensor_card1,2026-03-22 18:00:00,25.25,24.875,5.75
fronius_plant_52kWpsensor_card1,2026-03-22 21:00:00,22.0,22.0,0.0
fronius_plant_52kWpsensor_card1,2026-03-22 22:00:00,23.0,22.0,0.0
fronius_plant_52kWpsensor_card1,2026-03-23 05:00:00,20.0,20.0,0.0
fronius_plant_52kWpsensor_card1,2026-03-23 06:00:00,20.03846153846154,20.115384615384617,22.26923076923077
fronius_plant_52kWpsensor_card1,2026-03-23 07:00:00,22.51219512195122,21.536585365853657,112.92682926829268
fronius_plant_52kWpsensor_card1,2026-03-23 08:00:00,26.093023255813954,23.25581395348837,236.5581395348837
fronius_plant_52kWpsensor_card1,2026-03-23 09:00:00,29.477272727272727,25.068181818181817,396.52272727272725
fronius_plant_52kWpsensor_card1,2026-03-23 10:00:00,41.355555555555554,31.0,892.8
fronius_plant_52kWpsensor_card1,2026-03-23 11:00:00,46.38636363636363,34.54545454545455,970.9318181818181
fronius_plant_52kWpsensor_card1,2026-03-23 12:00:00,46.666666666666664,34.857142857142854,974.8571428571429
fronius_plant_52kWpsensor_card1,2026-03-23 13:00:00,46.02272727272727,35.63636363636363,873.2272727272727
fronius_plant_52kWpsensor_card1,2026-03-23 14:00:00,34.13333333333333,30.11111111111111,550.6888888888889
fronius_plant_52kWpsensor_card1,2026-03-23 15:00:00,29.743589743589745,28.025641025641026,158.0
fronius_plant_52kWpsensor_card1,2026-03-23 16:00:00,27.655172413793103,26.586206896551722,107.75862068965517
fronius_plant_52kWpsensor_card1,2026-03-23 17:00:00,26.121951219512194,25.414634146341463,46.21951219512195
fronius_plant_52kWpsensor_card1,2026-03-23 18:00:00,24.714285714285715,24.142857142857142,0.5714285714285714
fronius_plant_52kWpsensor_card1,2026-03-23 20:00:00,23.0,23.0,0.0
fronius_plant_52kWpsensor_card1,2026-03-23 22:00:00,22.0,22.0,0.0
fronius_plant_52kWpsensor_card1,2026-03-24 04:00:00,22.0,21.0,0.0
fronius_plant_52kWpsensor_card1,2026-03-24 05:00:00,21.0,21.0,0.0
fronius_plant_52kWpsensor_card1,2026-03-24 06:00:00,21.434782608695652,21.0,19.304347826086957
fronius_plant_52kWpsensor_card1,2026-03-24 07:00:00,23.5,21.976190476190474,128.71428571428572
fronius_plant_52kWpsensor_card1,2026-03-24 08:00:00,26.333333333333332,23.622222222222224,166.51111111111112
fronius_plant_52kWpsensor_card1,2026-03-24 09:00:00,27.511627906976745,24.348837209302324,285.1162790697674
fronius_plant_52kWpsensor_card1,2026-03-24 10:00:00,29.863636363636363,26.227272727272727,365.02272727272725
fronius_plant_52kWpsensor_card1,2026-03-24 11:00:00,38.8,30.711111111111112,586.0888888888888
fronius_plant_52kWpsensor_card1,2026-03-24 12:00:00,31.522727272727273,27.363636363636363,286.59090909090907
fronius_plant_52kWpsensor_card1,2026-03-24 13:00:00,30.186046511627907,27.209302325581394,297.4418604651163
fronius_plant_52kWpsensor_card1,2026-03-24 14:00:00,27.681818181818183,25.068181818181817,305.5681818181818
fronius_plant_52kWpsensor_card1,2026-03-24 15:00:00,26.317073170731707,24.829268292682926,155.53658536585365
fronius_plant_52kWpsensor_card1,2026-03-24 16:00:00,26.736842105263158,25.263157894736842,183.71052631578948
fronius_plant_52kWpsensor_card1,2026-03-24 17:00:00,26.238095238095237,24.952380952380953,74.71428571428571
fronius_plant_52kWpsensor_card1,2026-03-24 18:00:00,23.923076923076923,23.846153846153847,8.076923076923077
fronius_plant_52kWpsensor_card1,2026-03-24 21:00:00,22.0,22.0,0.0
fronius_plant_52kWpsensor_card1,2026-03-25 00:00:00,21.0,21.0,0.0
fronius_plant_52kWpsensor_card1,2026-03-25 05:00:00,19.0,19.5,0.0
fronius_plant_52kWpsensor_card1,2026-03-25 06:00:00,19.394736842105264,19.394736842105264,37.63157894736842
fronius_plant_52kWpsensor_card1,2026-03-25 07:00:00,24.047619047619047,21.857142857142858,234.4047619047619
fronius_plant_52kWpsensor_card1,2026-03-25 08:00:00,31.822222222222223,25.711111111111112,487.0444444444444
fronius_plant_52kWpsensor_card1,2026-03-25 09:00:00,38.372093023255815,29.41860465116279,660.046511627907
fronius_plant_52kWpsensor_card1,2026-03-25 10:00:00,39.04545454545455,30.75,729.2272727272727
fronius_plant_52kWpsensor_card1,2026-03-25 11:00:00,42.53333333333333,32.577777777777776,866.3777777777777
fronius_plant_52kWpsensor_card1,2026-03-25 12:00:00,44.333333333333336,34.266666666666666,719.0888888888888
fronius_plant_52kWpsensor_card1,2026-03-25 13:00:00,40.72727272727273,33.25,794.3636363636364
fronius_plant_52kWpsensor_card1,2026-03-25 14:00:00,40.17777777777778,33.44444444444444,715.6666666666666
fronius_plant_52kWpsensor_card1,2026-03-25 15:00:00,29.11627906976744,25.627906976744185,251.95348837209303
fronius_plant_52kWpsensor_card1,2026-03-25 16:00:00,22.441176470588236,20.5,17.147058823529413
fronius_plant_52kWpsensor_card1,2026-03-25 17:00:00,21.0,20.107142857142858,14.178571428571429
fronius_plant_52kWpsensor_card1,2026-03-25 18:00:00,21.0,21.0,3.5
fronius_plant_52kWpsensor_card1,2026-03-26 05:00:00,20.5,20.0,0.0
fronius_plant_52kWpsensor_card1,2026-03-26 06:00:00,20.28125,20.34375,21.5
fronius_plant_52kWpsensor_card1,2026-03-26 07:00:00,22.42105263157895,21.394736842105264,89.07894736842105
fronius_plant_52kWpsensor_card1,2026-03-26 08:00:00,30.34090909090909,25.068181818181817,454.59090909090907
fronius_plant_52kWpsensor_card1,2026-03-26 09:00:00,33.666666666666664,27.288888888888888,465.0
fronius_plant_52kWpsensor_card1,2026-03-26 10:00:00,34.61904761904762,28.761904761904763,425.6904761904762
fronius_plant_52kWpsensor_card1,2026-03-26 11:00:00,39.666666666666664,31.31111111111111,648.3777777777777
fronius_plant_52kWpsensor_card1,2026-03-26 12:00:00,43.77272727272727,33.59090909090909,895.1136363636364
fronius_plant_52kWpsensor_card1,2026-03-26 13:00:00,46.37777777777778,35.37777777777778,873.7111111111111
fronius_plant_52kWpsensor_card1,2026-03-26 14:00:00,42.73809523809524,34.54761904761905,736.7857142857143
fronius_plant_52kWpsensor_card1,2026-03-26 15:00:00,35.333333333333336,31.511111111111113,422.46666666666664
fronius_plant_52kWpsensor_card1,2026-03-26 16:00:00,25.666666666666668,24.515151515151516,11.090909090909092
fronius_plant_52kWpsensor_card1,2026-03-26 17:00:00,20.11111111111111,19.88888888888889,0.8333333333333334
fronius_plant_52kWpsensor_card1,2026-03-26 18:00:00,20.0,19.5,0.0
fronius_plant_52kWpsensor_card1,2026-03-26 22:00:00,20.0,21.0,0.0
fronius_plant_52kWpsensor_card1,2026-03-27 01:00:00,21.0,21.0,0.0
fronius_plant_52kWpsensor_card1,2026-03-27 05:00:00,20.5,21.0,0.0
fronius_plant_52kWpsensor_card1,2026-03-27 06:00:00,21.0,21.0,11.0
fronius_plant_52kWpsensor_card1,2026-03-27 07:00:00,21.642857142857142,21.404761904761905,49.42857142857143
fronius_plant_52kWpsensor_card1,2026-03-27 08:00:00,23.5609756097561,22.48780487804878,104.02439024390245
fronius_plant_52kWpsensor_card1,2026-03-27 09:00:00,23.25,21.931818181818183,92.5909090909091
fronius_plant_52kWpsensor_card1,2026-03-27 10:00:00,24.51219512195122,22.585365853658537,148.14634146341464
fronius_plant_52kWpsensor_card1,2026-03-27 11:00:00,21.431818181818183,20.40909090909091,140.8409090909091
fronius_plant_52kWpsensor_card1,2026-03-27 12:00:00,22.785714285714285,21.214285714285715,157.66666666666666
fronius_plant_52kWpsensor_card1,2026-03-27 13:00:00,23.348837209302324,21.3953488372093,237.53488372093022
fronius_plant_52kWpsensor_card1,2026-03-27 14:00:00,25.666666666666668,23.307692307692307,250.71794871794873
fronius_plant_52kWpsensor_card1,2026-03-27 15:00:00,26.256410256410255,23.94871794871795,222.66666666666666
fronius_plant_52kWpsensor_card1,2026-03-27 16:00:00,25.904761904761905,23.88095238095238,131.83333333333334
fronius_plant_52kWpsensor_card1,2026-03-27 17:00:00,23.785714285714285,23.095238095238095,49.11904761904762
fronius_plant_52kWpsensor_card1,2026-03-27 18:00:00,22.8,22.6,2.0
fronius_plant_52kWpsensor_card1,2026-03-27 20:00:00,20.0,21.0,0.0
fronius_plant_52kWpsensor_card1,2026-03-27 21:00:00,20.0,20.0,0.0
fronius_plant_52kWpsensor_card1,2026-03-28 05:00:00,19.0,19.0,0.0
fronius_plant_52kWpsensor_card1,2026-03-28 06:00:00,19.710526315789473,19.473684210526315,37.28947368421053
fronius_plant_52kWpsensor_card1,2026-03-28 07:00:00,21.829268292682926,20.853658536585368,159.2439024390244
fronius_plant_52kWpsensor_card1,2026-03-28 08:00:00,28.108695652173914,23.82608695652174,369.5
fronius_plant_52kWpsensor_card1,2026-03-28 09:00:00,36.977777777777774,28.288888888888888,695.1777777777778
fronius_plant_52kWpsensor_card1,2026-03-28 10:00:00,41.95744680851064,31.48936170212766,822.5957446808511
fronius_plant_52kWpsensor_card1,2026-03-28 11:00:00,45.75555555555555,33.666666666666664,936.9777777777778
fronius_plant_52kWpsensor_card1,2026-03-28 12:00:00,45.45454545454545,34.61363636363637,951.0681818181819
fronius_plant_52kWpsensor_card1,2026-03-28 13:00:00,44.55813953488372,35.16279069767442,934.953488372093
fronius_plant_52kWpsensor_card1,2026-03-28 14:00:00,38.26086956521739,33.04347826086956,476.95652173913044
fronius_plant_52kWpsensor_card1,2026-03-28 15:00:00,28.2,27.375,33.275
fronius_plant_52kWpsensor_card1,2026-03-28 16:00:00,22.333333333333332,22.333333333333332,4.541666666666667
fronius_plant_52kWpsensor_card1,2026-03-28 17:00:00,20.56,20.12,15.96
fronius_plant_52kWpsensor_card1,2026-03-28 18:00:00,20.642857142857142,20.357142857142858,2.642857142857143
fronius_plant_52kWpsensor_card1,2026-03-28 21:00:00,20.0,21.0,0.0
fronius_plant_52kWpsensor_card1,2026-03-29 02:00:00,21.0,21.0,0.0
fronius_plant_52kWpsensor_card1,2026-03-29 05:00:00,19.5,20.0,0.0
fronius_plant_52kWpsensor_card1,2026-03-29 06:00:00,19.96875,20.09375,24.40625
fronius_plant_52kWpsensor_card1,2026-03-29 07:00:00,22.795454545454547,21.75,140.70454545454547
fronius_plant_52kWpsensor_card1,2026-03-29 08:00:00,28.511111111111113,24.533333333333335,396.26666666666665
fronius_plant_52kWpsensor_card1,2026-03-29 09:00:00,37.09090909090909,29.113636363636363,717.6136363636364
fronius_plant_52kWpsensor_card1,2026-03-29 10:00:00,41.52272727272727,31.59090909090909,875.5227272727273
fronius_plant_52kWpsensor_card1,2026-03-29 11:00:00,43.906976744186046,33.46511627906977,965.2790697674419
fronius_plant_52kWpsensor_card1,2026-03-29 12:00:00,46.11764705882353,35.411764705882355,1014.1176470588235
fronius_plant_52kWpsensor_card1,2026-04-06 19:00:00,24.0,23.0,0.0
fronius_plant_52kWpsensor_card1,2026-04-06 21:00:00,23.0,23.0,0.0
fronius_plant_52kWpsensor_card1,2026-04-06 22:00:00,22.0,22.0,0.0
fronius_plant_52kWpsensor_card1,2026-04-07 05:00:00,21.0,21.0,0.0
fronius_plant_52kWpsensor_card1,2026-04-07 06:00:00,21.87878787878788,21.606060606060606,35.333333333333336
fronius_plant_52kWpsensor_card1,2026-04-07 07:00:00,24.0,22.595238095238095,94.23809523809524
fronius_plant_52kWpsensor_card1,2026-04-07 08:00:00,27.680851063829788,24.78723404255319,281.9574468085106
fronius_plant_52kWpsensor_card1,2026-04-07 09:00:00,35.51063829787234,29.02127659574468,497.6808510638298
fronius_plant_52kWpsensor_card1,2026-04-07 10:00:00,35.48936170212766,29.53191489361702,612.0851063829788
fronius_plant_52kWpsensor_card1,2026-04-07 11:00:00,40.32608695652174,32.32608695652174,863.0434782608696
fronius_plant_52kWpsensor_card1,2026-04-07 12:00:00,43.04545454545455,34.43181818181818,921.3181818181819
fronius_plant_52kWpsensor_card1,2026-04-07 13:00:00,44.583333333333336,35.5625,912.9583333333334
fronius_plant_52kWpsensor_card1,2026-04-07 14:00:00,41.91304347826087,35.08695652173913,718.9782608695652
fronius_plant_52kWpsensor_card1,2026-04-07 15:00:00,32.0,30.341463414634145,101.3170731707317
fronius_plant_52kWpsensor_card1,2026-04-07 16:00:00,30.925,29.75,78.7
fronius_plant_52kWpsensor_card1,2026-04-07 17:00:00,28.071428571428573,27.214285714285715,24.642857142857142
fronius_plant_52kWpsensor_card1,2026-04-07 18:00:00,26.5,26.0,0.0
fronius_plant_52kWpsensor_card1,2026-04-07 21:00:00,24.0,24.0,0.0
fronius_plant_52kWpsensor_card1,2026-04-07 22:00:00,24.0,23.5,0.0
fronius_plant_52kWpsensor_card1,2026-04-08 02:00:00,22.0,22.0,0.0
fronius_plant_52kWpsensor_card1,2026-04-08 05:00:00,23.0,23.0,0.0
fronius_plant_52kWpsensor_card1,2026-04-08 06:00:00,22.77777777777778,22.5,8.444444444444445
fronius_plant_52kWpsensor_card1,2026-04-08 07:00:00,22.0,21.31578947368421,54.473684210526315
fronius_plant_52kWpsensor_card1,2026-04-08 08:00:00,23.102564102564102,21.564102564102566,151.51282051282053
fronius_plant_52kWpsensor_card1,2026-04-08 09:00:00,24.63157894736842,23.05263157894737,180.07894736842104
fronius_plant_52kWpsensor_card1,2026-04-08 10:00:00,27.34090909090909,24.931818181818183,267.79545454545456
fronius_plant_52kWpsensor_card1,2026-04-08 11:00:00,32.13333333333333,27.42222222222222,387.8666666666667
fronius_plant_52kWpsensor_card1,2026-04-08 12:00:00,34.67391304347826,29.543478260869566,378.4347826086956
fronius_plant_52kWpsensor_card1,2026-04-08 13:00:00,33.391304347826086,29.17391304347826,290.9782608695652
fronius_plant_52kWpsensor_card1,2026-04-08 14:00:00,34.0,29.285714285714285,310.76190476190476
fronius_plant_52kWpsensor_card1,2026-04-08 15:00:00,32.97727272727273,29.454545454545453,259.84090909090907
fronius_plant_52kWpsensor_card1,2026-04-08 16:00:00,31.214285714285715,28.80952380952381,161.8095238095238
fronius_plant_52kWpsensor_card1,2026-04-08 17:00:00,27.043478260869566,26.23913043478261,42.95652173913044
fronius_plant_52kWpsensor_card1,2026-04-08 18:00:00,24.833333333333332,24.666666666666668,1.8333333333333333
fronius_plant_52kWpsensor_card1,2026-04-08 19:00:00,23.0,23.0,0.0
fronius_plant_52kWpsensor_card1,2026-04-09 05:00:00,19.5,20.0,0.0
fronius_plant_52kWpsensor_card1,2026-04-09 06:00:00,20.025641025641026,20.0,34.41025641025641
fronius_plant_52kWpsensor_card1,2026-04-09 07:00:00,21.25581395348837,21.023255813953487,72.37209302325581
fronius_plant_52kWpsensor_card1,2026-04-09 08:00:00,28.6046511627907,24.651162790697676,449.69767441860466
fronius_plant_52kWpsensor_card1,2026-04-09 09:00:00,37.48888888888889,29.31111111111111,692.9555555555555
fronius_plant_52kWpsensor_card1,2026-04-09 10:00:00,39.34782608695652,31.304347826086957,744.2173913043479
fronius_plant_52kWpsensor_card1,2026-04-09 11:00:00,39.52272727272727,32.70454545454545,791.2727272727273
fronius_plant_52kWpsensor_card1,2026-04-09 12:00:00,42.65217391304348,35.17391304347826,869.9130434782609
fronius_plant_52kWpsensor_card1,2026-04-09 13:00:00,40.58695652173913,34.391304347826086,533.8695652173913
fronius_plant_52kWpsensor_card1,2026-04-09 14:00:00,37.25,33.18181818181818,396.79545454545456
fronius_plant_52kWpsensor_card1,2026-04-09 15:00:00,32.48780487804878,30.21951219512195,200.73170731707316
fronius_plant_52kWpsensor_card1,2026-04-09 16:00:00,30.7,29.575,102.875
fronius_plant_52kWpsensor_card1,2026-04-09 17:00:00,28.272727272727273,27.727272727272727,26.727272727272727
fronius_plant_52kWpsensor_card1,2026-04-09 18:00:00,26.25,26.625,0.125
fronius_plant_52kWpsensor_card1,2026-04-09 21:00:00,24.0,24.0,0.0
fronius_plant_52kWpsensor_card1,2026-04-10 05:00:00,20.0,20.666666666666668,0.0
fronius_plant_52kWpsensor_card1,2026-04-10 06:00:00,20.789473684210527,21.13157894736842,36.8421052631579
fronius_plant_52kWpsensor_card1,2026-04-10 07:00:00,26.80952380952381,24.261904761904763,254.35714285714286
fronius_plant_52kWpsensor_card1,2026-04-10 08:00:00,33.26190476190476,27.5,436.0952380952381
fronius_plant_52kWpsensor_card1,2026-04-10 09:00:00,36.355555555555554,29.866666666666667,519.8444444444444
fronius_plant_52kWpsensor_card1,2026-04-10 10:00:00,36.36363636363637,30.931818181818183,592.6136363636364
fronius_plant_52kWpsensor_card1,2026-04-10 11:00:00,36.45454545454545,31.65909090909091,613.8863636363636
fronius_plant_52kWpsensor_card1,2026-04-10 12:00:00,40.34782608695652,33.65217391304348,608.7608695652174
fronius_plant_52kWpsensor_card1,2026-04-10 13:00:00,40.111111111111114,33.86666666666667,606.9333333333333
fronius_plant_52kWpsensor_card1,2026-04-10 14:00:00,38.022222222222226,33.44444444444444,280.0888888888889
fronius_plant_52kWpsensor_card1,2026-04-10 15:00:00,38.0,34.47727272727273,348.29545454545456
fronius_plant_52kWpsensor_card1,2026-04-10 16:00:00,31.818181818181817,30.727272727272727,98.33333333333333
fronius_plant_52kWpsensor_card1,2026-04-10 17:00:00,29.414634146341463,28.902439024390244,36.292682926829265
fronius_plant_52kWpsensor_card1,2026-04-10 18:00:00,26.666666666666668,26.333333333333332,0.0
fronius_plant_52kWpsensor_card1,2026-04-10 21:00:00,24.0,24.0,0.0
fronius_plant_52kWpsensor_card1,2026-04-10 22:00:00,23.0,23.0,0.0
fronius_plant_52kWpsensor_card1,2026-04-11 05:00:00,20.0,20.0,0.0
fronius_plant_52kWpsensor_card1,2026-04-11 06:00:00,20.25925925925926,20.0,24.77777777777778
fronius_plant_52kWpsensor_card1,2026-04-11 07:00:00,22.355555555555554,21.68888888888889,132.04444444444445
fronius_plant_52kWpsensor_card1,2026-04-11 08:00:00,27.652173913043477,23.891304347826086,363.4130434782609
fronius_plant_52kWpsensor_card1,2026-04-11 09:00:00,33.56818181818182,27.0,449.29545454545456
fronius_plant_52kWpsensor_card1,2026-04-11 10:00:00,32.54761904761905,28.023809523809526,395.8095238095238
fronius_plant_52kWpsensor_card1,2026-04-11 11:00:00,38.15217391304348,30.97826086956522,723.304347826087
fronius_plant_52kWpsensor_card1,2026-04-11 12:00:00,42.22727272727273,33.72727272727273,698.6136363636364
fronius_plant_52kWpsensor_card1,2026-04-11 13:00:00,42.44444444444444,34.82222222222222,661.9111111111112
fronius_plant_52kWpsensor_card1,2026-04-11 14:00:00,37.91111111111111,33.266666666666666,380.5777777777778
fronius_plant_52kWpsensor_card1,2026-04-11 15:00:00,34.54761904761905,31.738095238095237,198.35714285714286
fronius_plant_52kWpsensor_card1,2026-04-11 16:00:00,27.28125,26.71875,35.6875
fronius_plant_52kWpsensor_card1,2026-04-11 17:00:00,25.6,25.16,22.88
fronius_plant_52kWpsensor_card1,2026-04-11 18:00:00,24.833333333333332,24.666666666666668,1.8333333333333333
fronius_plant_52kWpsensor_card1,2026-04-11 21:00:00,23.0,23.0,0.0
fronius_plant_52kWpsensor_card1,2026-04-12 05:00:00,19.0,20.0,1.5
fronius_plant_52kWpsensor_card1,2026-04-12 06:00:00,20.416666666666668,20.694444444444443,50.666666666666664
fronius_plant_52kWpsensor_card1,2026-04-12 07:00:00,26.733333333333334,23.666666666666668,236.55555555555554
fronius_plant_52kWpsensor_card1,2026-04-12 08:00:00,33.891304347826086,27.369565217391305,489.30434782608694
fronius_plant_52kWpsensor_card1,2026-04-12 09:00:00,39.93333333333333,31.377777777777776,700.9777777777778
fronius_plant_52kWpsensor_card1,2026-04-12 10:00:00,43.733333333333334,33.666666666666664,845.4444444444445
fronius_plant_52kWpsensor_card1,2026-04-12 11:00:00,43.76086956521739,34.47826086956522,931.3913043478261
fronius_plant_52kWpsensor_card1,2026-04-12 12:00:00,42.951219512195124,35.02439024390244,955.0
fronius_plant_52kWpsensor_card1,2026-04-12 13:00:00,38.84444444444444,33.46666666666667,508.3333333333333
fronius_plant_52kWpsensor_card1,2026-04-12 14:00:00,25.76,25.16,25.08
fronius_plant_52kWpsensor_card1,2026-04-12 15:00:00,23.333333333333332,23.366666666666667,35.63333333333333
fronius_plant_52kWpsensor_card1,2026-04-12 16:00:00,24.547619047619047,24.071428571428573,87.76190476190476
fronius_plant_52kWpsensor_card1,2026-04-12 17:00:00,24.558823529411764,24.38235294117647,33.85294117647059
fronius_plant_52kWpsensor_card1,2026-04-12 18:00:00,23.333333333333332,23.666666666666668,0.0
fronius_plant_52kWpsensor_card1,2026-04-13 05:00:00,22.0,22.0,0.0
fronius_plant_52kWpsensor_card1,2026-04-13 06:00:00,22.52777777777778,22.0,37.583333333333336
fronius_plant_52kWpsensor_card1,2026-04-13 07:00:00,24.88372093023256,23.186046511627907,199.3953488372093
fronius_plant_52kWpsensor_card1,2026-04-13 08:00:00,30.023255813953487,26.046511627906977,349.30232558139534
fronius_plant_52kWpsensor_card1,2026-04-13 09:00:00,30.88372093023256,26.72093023255814,417.6744186046512
fronius_plant_52kWpsensor_card1,2026-04-13 10:00:00,36.02272727272727,29.977272727272727,572.4318181818181
fronius_plant_52kWpsensor_card1,2026-04-13 11:00:00,36.977777777777774,31.022222222222222,519.0222222222222
fronius_plant_52kWpsensor_card1,2026-04-13 12:00:00,37.52272727272727,31.204545454545453,516.0
fronius_plant_52kWpsensor_card1,2026-04-13 13:00:00,34.630434782608695,30.32608695652174,357.17391304347825
fronius_plant_52kWpsensor_card1,2026-04-13 14:00:00,26.294117647058822,24.705882352941178,37.470588235294116
fronius_plant_52kWpsensor_card1,2026-04-13 15:00:00,21.95,21.5,26.9
fronius_plant_52kWpsensor_card1,2026-04-13 16:00:00,22.94736842105263,22.157894736842106,34.36842105263158
fronius_plant_52kWpsensor_card1,2026-04-13 17:00:00,22.166666666666668,22.0,17.791666666666668
fronius_plant_52kWpsensor_card1,2026-04-13 18:00:00,22.0,22.0,0.0
fronius_plant_52kWpsensor_card1,2026-04-13 21:00:00,21.0,21.0,0.0
fronius_plant_52kWpsensor_card1,2026-04-13 22:00:00,22.0,21.0,0.0
fronius_plant_52kWpsensor_card1,2026-04-14 01:00:00,21.0,21.0,0.0
fronius_plant_52kWpsensor_card1,2026-04-14 05:00:00,20.0,20.0,1.5
fronius_plant_52kWpsensor_card1,2026-04-14 06:00:00,20.609756097560975,20.609756097560975,51.048780487804876
fronius_plant_52kWpsensor_card1,2026-04-14 07:00:00,25.733333333333334,23.288888888888888,226.84444444444443
fronius_plant_52kWpsensor_card1,2026-04-14 08:00:00,32.95454545454545,26.75,477.52272727272725
fronius_plant_52kWpsensor_card1,2026-04-14 09:00:00,39.04347826086956,30.195652173913043,737.9565217391304
fronius_plant_52kWpsensor_card1,2026-04-14 10:00:00,40.5,31.456521739130434,637.0869565217391
fronius_plant_52kWpsensor_card1,2026-04-14 11:00:00,41.022222222222226,32.93333333333333,596.6
fronius_plant_52kWpsensor_card1,2026-04-14 12:00:00,37.82222222222222,31.666666666666668,720.2666666666667
fronius_plant_52kWpsensor_card1,2026-04-14 13:00:00,28.136363636363637,25.431818181818183,152.0
fronius_plant_52kWpsensor_card1,2026-04-14 14:00:00,25.75,23.90909090909091,245.72727272727272
fronius_plant_52kWpsensor_card1,2026-04-14 15:00:00,25.03030303030303,24.0,132.6060606060606
fronius_plant_52kWpsensor_card1,2026-04-14 16:00:00,28.76086956521739,27.195652173913043,254.52173913043478
fronius_plant_52kWpsensor_card1,2026-04-14 17:00:00,25.3,24.666666666666668,37.36666666666667
fronius_plant_52kWpsensor_card1,2026-04-14 18:00:00,23.583333333333332,23.75,9.25
fronius_plant_52kWpsensor_card1,2026-04-14 21:00:00,22.0,22.0,0.0
fronius_plant_52kWpsensor_card1,2026-04-15 05:00:00,20.5,20.0,0.0
fronius_plant_52kWpsensor_card1,2026-04-15 06:00:00,21.093023255813954,20.6046511627907,44.883720930232556
fronius_plant_52kWpsensor_card1,2026-04-15 07:00:00,25.933333333333334,23.355555555555554,224.88888888888889
fronius_plant_52kWpsensor_card1,2026-04-15 08:00:00,29.186046511627907,25.0,328.09302325581393
fronius_plant_52kWpsensor_card1,2026-04-15 09:00:00,33.369565217391305,27.543478260869566,647.3695652173913
fronius_plant_52kWpsensor_card1,2026-04-15 10:00:00,38.06666666666667,30.266666666666666,815.7333333333333
fronius_plant_52kWpsensor_card1,2026-04-15 11:00:00,42.69565217391305,32.97826086956522,855.5
fronius_plant_52kWpsensor_card1,2026-04-15 12:00:00,46.333333333333336,35.93333333333333,800.8444444444444
fronius_plant_52kWpsensor_card1,2026-04-15 13:00:00,33.95238095238095,30.666666666666668,234.42857142857142
fronius_plant_52kWpsensor_card1,2026-04-15 14:00:00,25.571428571428573,24.285714285714285,44.76190476190476
fronius_plant_52kWpsensor_card1,2026-04-15 15:00:00,22.022222222222222,21.133333333333333,87.0
fronius_plant_52kWpsensor_card1,2026-04-15 16:00:00,24.0,24.068181818181817,180.95454545454547
fronius_plant_52kWpsensor_card1,2026-04-15 17:00:00,25.128205128205128,24.384615384615383,59.92307692307692
fronius_plant_52kWpsensor_card1,2026-04-15 18:00:00,22.0,22.333333333333332,0.0
fronius_plant_52kWpsensor_card1,2026-04-16 00:00:00,21.0,21.0,0.0
fronius_plant_52kWpsensor_card1,2026-04-16 05:00:00,19.5,19.0,0.0
fronius_plant_52kWpsensor_card1,2026-04-16 06:00:00,19.0,19.0,17.952380952380953
fronius_plant_52kWpsensor_card1,2026-04-16 07:00:00,19.837209302325583,19.093023255813954,94.83720930232558
fronius_plant_52kWpsensor_card1,2026-04-16 08:00:00,23.285714285714285,20.857142857142858,264.5952380952381
fronius_plant_52kWpsensor_card1,2026-04-16 09:00:00,26.866666666666667,23.333333333333332,474.9555555555556
fronius_plant_52kWpsensor_card1,2026-04-16 10:00:00,33.23913043478261,26.52173913043478,557.695652173913
fronius_plant_52kWpsensor_card1,2026-04-16 11:00:00,40.5,30.5,885.5217391304348
fronius_plant_52kWpsensor_card1,2026-04-16 12:00:00,41.28888888888889,32.422222222222224,636.4
fronius_plant_52kWpsensor_card1,2026-04-16 13:00:00,40.26086956521739,32.30434782608695,835.1739130434783
fronius_plant_52kWpsensor_card1,2026-04-16 14:00:00,34.608695652173914,29.934782608695652,529.7826086956521
fronius_plant_52kWpsensor_card1,2026-04-16 15:00:00,31.347826086956523,28.347826086956523,359.0
fronius_plant_52kWpsensor_card1,2026-04-16 16:00:00,26.704545454545453,25.863636363636363,141.9090909090909
fronius_plant_52kWpsensor_card1,2026-04-16 17:00:00,25.46511627906977,24.232558139534884,68.09302325581395
fronius_plant_52kWpsensor_card1,2026-04-16 18:00:00,24.0,23.0,1.3333333333333333
fronius_plant_52kWpsensor_card1,2026-04-16 21:00:00,21.0,21.0,0.0
fronius_plant_52kWpsensor_card1,2026-04-16 22:00:00,20.0,19.0,0.0
fronius_plant_52kWpsensor_card1,2026-04-16 23:00:00,19.0,19.0,0.0
fronius_plant_52kWpsensor_card1,2026-04-17 06:00:00,19.605263157894736,19.263157894736842,35.3421052631579
fronius_plant_52kWpsensor_card1,2026-04-17 07:00:00,22.282608695652176,20.934782608695652,152.6086956521739
fronius_plant_52kWpsensor_card1,2026-04-17 08:00:00,28.340425531914892,23.74468085106383,380.82978723404256
fronius_plant_52kWpsensor_card1,2026-04-17 09:00:00,32.59574468085106,26.638297872340427,457.8085106382979
fronius_plant_52kWpsensor_card1,2026-04-17 10:00:00,32.0,27.23913043478261,427.7826086956522
fronius_plant_52kWpsensor_card1,2026-04-17 11:00:00,38.12765957446808,30.829787234042552,765.1489361702128
fronius_plant_52kWpsensor_card1,2026-04-17 12:00:00,39.17777777777778,31.88888888888889,580.4666666666667
fronius_plant_52kWpsensor_card1,2026-04-17 13:00:00,32.5531914893617,29.574468085106382,300.8085106382979
fronius_plant_52kWpsensor_card1,2026-04-17 14:00:00,29.348837209302324,27.023255813953487,212.11627906976744
fronius_plant_52kWpsensor_card1,2026-04-17 15:00:00,35.95652173913044,30.891304347826086,537.2391304347826
fronius_plant_52kWpsensor_card1,2026-04-17 16:00:00,30.066666666666666,28.266666666666666,191.84444444444443
fronius_plant_52kWpsensor_card1,2026-04-17 17:00:00,25.135135135135137,24.324324324324323,41.027027027027025
fronius_plant_52kWpsensor_card1,2026-04-17 18:00:00,23.0,22.75,1.75
fronius_plant_52kWpsensor_card1,2026-04-17 21:00:00,21.0,20.0,0.0
fronius_plant_52kWpsensor_card1,2026-04-18 05:00:00,19.0,19.0,1.6666666666666667
fronius_plant_52kWpsensor_card1,2026-04-18 06:00:00,19.45,19.35,31.975
fronius_plant_52kWpsensor_card1,2026-04-18 07:00:00,24.733333333333334,22.022222222222222,224.55555555555554
fronius_plant_52kWpsensor_card1,2026-04-18 08:00:00,31.717391304347824,25.565217391304348,507.8478260869565
fronius_plant_52kWpsensor_card1,2026-04-18 09:00:00,36.95652173913044,28.869565217391305,656.195652173913
fronius_plant_52kWpsensor_card1,2026-04-18 10:00:00,40.32608695652174,31.934782608695652,733.1304347826087
fronius_plant_52kWpsensor_card1,2026-04-18 11:00:00,38.20454545454545,31.227272727272727,561.1363636363636
fronius_plant_52kWpsensor_card1,2026-04-18 12:00:00,41.851063829787236,33.659574468085104,743.468085106383
fronius_plant_52kWpsensor_card1,2026-04-18 13:00:00,38.68888888888889,32.53333333333333,429.4888888888889
fronius_plant_52kWpsensor_card1,2026-04-18 14:00:00,35.91489361702128,31.48936170212766,398.1276595744681
fronius_plant_52kWpsensor_card1,2026-04-18 15:00:00,32.0,29.52173913043478,319.39130434782606
fronius_plant_52kWpsensor_card1,2026-04-18 16:00:00,28.674418604651162,27.093023255813954,190.4418604651163
fronius_plant_52kWpsensor_card1,2026-04-18 17:00:00,25.18421052631579,24.42105263157895,56.23684210526316
fronius_plant_52kWpsensor_card1,2026-04-18 18:00:00,23.9,23.5,5.4
fronius_plant_52kWpsensor_card1,2026-04-18 21:00:00,23.0,22.0,0.0
fronius_plant_52kWpsensor_card1,2026-04-18 22:00:00,22.0,22.0,0.0
fronius_plant_52kWpsensor_card1,2026-04-19 01:00:00,21.0,21.0,0.0
fronius_plant_52kWpsensor_card1,2026-04-19 05:00:00,20.0,20.0,1.5
fronius_plant_52kWpsensor_card1,2026-04-19 06:00:00,21.166666666666668,20.97222222222222,36.80555555555556
fronius_plant_52kWpsensor_card1,2026-04-19 07:00:00,24.069767441860463,22.093023255813954,195.67441860465115
fronius_plant_52kWpsensor_card1,2026-04-19 08:00:00,30.23913043478261,25.434782608695652,455.5
fronius_plant_52kWpsensor_card1,2026-04-19 09:00:00,34.787234042553195,27.93617021276596,536.3829787234042
fronius_plant_52kWpsensor_card1,2026-04-19 10:00:00,41.829787234042556,32.297872340425535,830.1489361702128
fronius_plant_52kWpsensor_card1,2026-04-19 11:00:00,39.38297872340426,32.06382978723404,457.51063829787233
fronius_plant_52kWpsensor_card1,2026-04-19 12:00:00,37.723404255319146,31.29787234042553,547.7872340425532
fronius_plant_52kWpsensor_card1,2026-04-19 13:00:00,39.12765957446808,32.5531914893617,705.8510638297872
fronius_plant_52kWpsensor_card1,2026-04-19 14:00:00,37.88636363636363,32.47727272727273,521.0
fronius_plant_52kWpsensor_card1,2026-04-19 15:00:00,29.19047619047619,27.523809523809526,151.5
fronius_plant_52kWpsensor_card1,2026-04-19 16:00:00,27.75,26.225,144.55
fronius_plant_52kWpsensor_card1,2026-04-19 17:00:00,25.761904761904763,25.11904761904762,36.5
fronius_plant_52kWpsensor_card1,2026-04-19 18:00:00,23.0,23.0,0.0
fronius_plant_52kWpsensor_card1,2026-04-19 20:00:00,23.0,22.0,0.0
fronius_plant_52kWpsensor_card1,2026-04-19 21:00:00,22.0,22.0,0.0
fronius_plant_52kWpsensor_card1,2026-04-20 00:00:00,21.0,21.0,0.0
fronius_plant_52kWpsensor_card1,2026-04-20 04:00:00,20.0,20.0,0.0
fronius_plant_52kWpsensor_card1,2026-04-20 05:00:00,19.5,20.0,0.0
fronius_plant_52kWpsensor_card1,2026-04-20 06:00:00,20.56756756756757,20.2972972972973,34.648648648648646
fronius_plant_52kWpsensor_card1,2026-04-20 07:00:00,24.369565217391305,22.41304347826087,190.04347826086956
fronius_plant_52kWpsensor_card1,2026-04-20 08:00:00,30.866666666666667,25.288888888888888,469.15555555555557
fronius_plant_52kWpsensor_card1,2026-04-20 09:00:00,36.71739130434783,28.76086956521739,692.804347826087
fronius_plant_52kWpsensor_card1,2026-04-20 10:00:00,41.06521739130435,31.391304347826086,827.3260869565217
fronius_plant_52kWpsensor_card1,2026-04-20 11:00:00,45.0,34.5,941.6739130434783
fronius_plant_52kWpsensor_card1,2026-04-20 12:00:00,41.53333333333333,33.8,669.7777777777778
fronius_plant_52kWpsensor_card1,2026-04-20 13:00:00,39.71111111111111,33.111111111111114,517.8
fronius_plant_52kWpsensor_card1,2026-04-20 14:00:00,35.638297872340424,31.595744680851062,548.1489361702128
fronius_plant_52kWpsensor_card1,2026-04-20 15:00:00,29.441860465116278,27.488372093023255,160.69767441860466
fronius_plant_52kWpsensor_card1,2026-04-20 16:00:00,20.763157894736842,19.55263157894737,29.42105263157895
fronius_plant_52kWpsensor_card1,2026-04-20 17:00:00,21.725,21.575,56.275
fronius_plant_52kWpsensor_card1,2026-04-20 18:00:00,22.0,22.333333333333332,0.0
fronius_plant_52kWpsensor_card1,2026-04-20 21:00:00,22.0,22.0,0.0
fronius_plant_52kWpsensor_card1,2026-04-21 01:00:00,22.0,21.0,0.0
fronius_plant_52kWpsensor_card1,2026-04-21 05:00:00,20.0,19.5,0.0
fronius_plant_52kWpsensor_card1,2026-04-21 06:00:00,20.06451612903226,19.806451612903224,18.677419354838708
fronius_plant_52kWpsensor_card1,2026-04-21 07:00:00,22.08108108108108,20.864864864864863,87.27027027027027
fronius_plant_52kWpsensor_card1,2026-04-21 08:00:00,26.91111111111111,23.42222222222222,331.84444444444443
fronius_plant_52kWpsensor_card1,2026-04-21 09:00:00,34.84782608695652,27.32608695652174,663.8478260869565
fronius_plant_52kWpsensor_card1,2026-04-21 10:00:00,40.23913043478261,30.608695652173914,816.1086956521739
fronius_plant_52kWpsensor_card1,2026-04-21 11:00:00,40.47826086956522,31.934782608695652,788.0217391304348
fronius_plant_52kWpsensor_card1,2026-04-21 12:00:00,37.87234042553192,31.170212765957448,543.3617021276596
fronius_plant_52kWpsensor_card1,2026-04-21 13:00:00,36.255319148936174,30.93617021276596,532.2553191489362
fronius_plant_52kWpsensor_card1,2026-04-21 14:00:00,32.28260869565217,29.23913043478261,365.32608695652175
fronius_plant_52kWpsensor_card1,2026-04-21 15:00:00,29.244444444444444,27.622222222222224,139.64444444444445
fronius_plant_52kWpsensor_card1,2026-04-21 16:00:00,27.463414634146343,26.097560975609756,117.60975609756098
fronius_plant_52kWpsensor_card1,2026-04-21 17:00:00,25.69047619047619,24.61904761904762,61.476190476190474
fronius_plant_52kWpsensor_card1,2026-04-21 18:00:00,23.833333333333332,23.166666666666668,0.8333333333333334
fronius_plant_52kWpsensor_card1,2026-04-21 21:00:00,20.0,20.0,0.0
fronius_plant_52kWpsensor_card1,2026-04-21 22:00:00,20.0,20.0,0.0
fronius_plant_52kWpsensor_card1,2026-04-22 00:00:00,19.0,20.0,0.0
fronius_plant_52kWpsensor_card1,2026-04-22 04:00:00,20.0,20.0,0.0
fronius_plant_52kWpsensor_card1,2026-04-22 05:00:00,20.0,20.0,4.0
fronius_plant_52kWpsensor_card1,2026-04-22 06:00:00,19.785714285714285,19.785714285714285,19.321428571428573
fronius_plant_52kWpsensor_card1,2026-04-22 07:00:00,22.851063829787233,21.46808510638298,149.51063829787233
fronius_plant_52kWpsensor_card1,2026-04-22 08:00:00,29.866666666666667,25.044444444444444,420.97777777777776
fronius_plant_52kWpsensor_card1,2026-04-22 09:00:00,36.95744680851064,28.659574468085108,701.4042553191489
fronius_plant_52kWpsensor_card1,2026-04-22 10:00:00,41.47826086956522,31.630434782608695,737.6304347826087
fronius_plant_52kWpsensor_card1,2026-04-22 11:00:00,39.73913043478261,32.08695652173913,872.5
fronius_plant_52kWpsensor_card1,2026-04-22 12:00:00,40.577777777777776,32.77777777777778,776.2444444444444
fronius_plant_52kWpsensor_card1,2026-04-22 13:00:00,35.5531914893617,31.127659574468087,551.1276595744681
fronius_plant_52kWpsensor_card1,2026-04-22 14:00:00,36.108695652173914,31.217391304347824,568.7826086956521
fronius_plant_52kWpsensor_card1,2026-04-22 15:00:00,33.97826086956522,30.782608695652176,309.5869565217391
fronius_plant_52kWpsensor_card1,2026-04-22 16:00:00,31.204545454545453,28.227272727272727,149.27272727272728
fronius_plant_52kWpsensor_card1,2026-04-22 17:00:00,24.666666666666668,24.333333333333332,10.472222222222221
fronius_plant_52kWpsensor_card1,2026-04-22 18:00:00,23.5,23.333333333333332,0.0
fronius_plant_52kWpsensor_card1,2026-04-22 21:00:00,23.0,22.0,0.0
fronius_plant_52kWpsensor_card1,2026-04-22 22:00:00,21.0,21.0,0.0
fronius_plant_52kWpsensor_card1,2026-04-23 05:00:00,20.4,20.0,5.2
fronius_plant_52kWpsensor_card1,2026-04-23 06:00:00,21.314285714285713,20.714285714285715,32.02857142857143
fronius_plant_52kWpsensor_card1,2026-04-23 07:00:00,26.822222222222223,23.644444444444446,300.35555555555555
fronius_plant_52kWpsensor_card1,2026-04-23 08:00:00,31.40909090909091,25.954545454545453,443.40909090909093
fronius_plant_52kWpsensor_card1,2026-04-23 09:00:00,37.53333333333333,29.488888888888887,650.3333333333334
fronius_plant_52kWpsensor_card1,2026-04-23 10:00:00,41.84782608695652,32.5,840.7608695652174
fronius_plant_52kWpsensor_card1,2026-04-23 11:00:00,43.212765957446805,33.91489361702128,759.0851063829788
fronius_plant_52kWpsensor_card1,2026-04-23 12:00:00,39.52173913043478,32.78260869565217,623.0217391304348
fronius_plant_52kWpsensor_card1,2026-04-23 13:00:00,40.78260869565217,34.108695652173914,845.1086956521739
fronius_plant_52kWpsensor_card1,2026-04-23 14:00:00,40.68181818181818,34.56818181818182,731.9090909090909
fronius_plant_52kWpsensor_card1,2026-04-23 15:00:00,37.40425531914894,33.38297872340426,482.29787234042556
fronius_plant_52kWpsensor_card1,2026-04-23 16:00:00,32.255319148936174,30.25531914893617,219.38297872340425
fronius_plant_52kWpsensor_card1,2026-04-23 17:00:00,25.97142857142857,25.285714285714285,23.542857142857144
fronius_plant_52kWpsensor_card1,2026-04-23 18:00:00,23.833333333333332,23.333333333333332,0.0
fronius_plant_52kWpsensor_card1,2026-04-23 21:00:00,23.0,22.0,0.0
fronius_plant_52kWpsensor_card1,2026-04-24 00:00:00,22.0,22.0,0.0
fronius_plant_52kWpsensor_card1,2026-04-24 05:00:00,21.0,21.0,0.0
fronius_plant_52kWpsensor_card1,2026-04-24 06:00:00,21.944444444444443,21.416666666666668,31.27777777777778
fronius_plant_52kWpsensor_card1,2026-04-24 07:00:00,24.630434782608695,22.891304347826086,140.97826086956522
fronius_plant_52kWpsensor_card1,2026-04-24 08:00:00,29.32608695652174,25.369565217391305,314.32608695652175
fronius_plant_52kWpsensor_card1,2026-04-24 09:00:00,34.04545454545455,27.772727272727273,528.2272727272727
fronius_plant_52kWpsensor_card1,2026-04-24 10:00:00,37.38297872340426,30.02127659574468,628.2553191489362
fronius_plant_52kWpsensor_card1,2026-04-24 11:00:00,40.22222222222222,32.333333333333336,690.1777777777778
fronius_plant_52kWpsensor_card1,2026-04-24 12:00:00,39.787234042553195,32.148936170212764,675.8936170212766
fronius_plant_52kWpsensor_card1,2026-04-24 13:00:00,38.659574468085104,31.95744680851064,559.0
fronius_plant_52kWpsensor_card1,2026-04-24 14:00:00,36.319148936170215,32.1063829787234,447.63829787234044
fronius_plant_52kWpsensor_card1,2026-04-24 15:00:00,33.26086956521739,30.369565217391305,238.6304347826087
fronius_plant_52kWpsensor_card1,2026-04-24 16:00:00,25.697674418604652,25.488372093023255,144.95348837209303
fronius_plant_52kWpsensor_card1,2026-04-24 17:00:00,26.463414634146343,25.951219512195124,85.48780487804878
fronius_plant_52kWpsensor_card1,2026-04-24 18:00:00,25.6,25.2,0.6
fronius_plant_52kWpsensor_card1,2026-04-24 20:00:00,23.0,23.0,0.0
fronius_plant_52kWpsensor_card1,2026-04-24 21:00:00,22.0,22.0,0.0
fronius_plant_52kWpsensor_card1,2026-04-24 22:00:00,21.0,21.0,0.0
fronius_plant_52kWpsensor_card1,2026-04-25 05:00:00,20.0,20.0,0.0
fronius_plant_52kWpsensor_card1,2026-04-25 06:00:00,21.166666666666668,20.694444444444443,29.02777777777778
fronius_plant_52kWpsensor_card1,2026-04-25 07:00:00,23.886363636363637,22.068181818181817,169.27272727272728
fronius_plant_52kWpsensor_card1,2026-04-25 08:00:00,29.066666666666666,24.8,373.7111111111111
fronius_plant_52kWpsensor_card1,2026-04-25 09:00:00,37.333333333333336,29.244444444444444,682.7555555555556
fronius_plant_52kWpsensor_card1,2026-04-25 10:00:00,41.23913043478261,31.82608695652174,775.6739130434783
fronius_plant_52kWpsensor_card1,2026-04-25 11:00:00,39.46808510638298,32.08510638297872,642.1063829787234
fronius_plant_52kWpsensor_card1,2026-04-25 12:00:00,44.04347826086956,34.80434782608695,843.8913043478261
fronius_plant_52kWpsensor_card1,2026-04-25 13:00:00,33.93478260869565,30.23913043478261,246.3913043478261
fronius_plant_52kWpsensor_card1,2026-04-25 14:00:00,31.847826086956523,29.065217391304348,418.95652173913044
fronius_plant_52kWpsensor_card1,2026-04-25 15:00:00,35.58695652173913,31.195652173913043,532.6739130434783
fronius_plant_52kWpsensor_card1,2026-04-25 16:00:00,29.636363636363637,27.59090909090909,184.20454545454547
fronius_plant_52kWpsensor_card1,2026-04-25 17:00:00,25.419354838709676,24.903225806451612,12.32258064516129
fronius_plant_52kWpsensor_card1,2026-04-25 21:00:00,22.0,22.0,0.0
fronius_plant_52kWpsensor_card1,2026-04-25 22:00:00,21.0,20.0,0.0
fronius_plant_52kWpsensor_card1,2026-04-26 00:00:00,21.0,21.0,0.0
fronius_plant_52kWpsensor_card1,2026-04-26 02:00:00,20.0,20.0,0.0
fronius_plant_52kWpsensor_card1,2026-04-26 05:00:00,19.0,19.8,3.4
fronius_plant_52kWpsensor_card1,2026-04-26 06:00:00,20.4390243902439,20.195121951219512,39.80487804878049
fronius_plant_52kWpsensor_card1,2026-04-26 07:00:00,23.58695652173913,21.717391304347824,135.8695652173913
fronius_plant_52kWpsensor_card1,2026-04-26 08:00:00,28.681818181818183,24.227272727272727,325.04545454545456
fronius_plant_52kWpsensor_card1,2026-04-26 09:00:00,35.04347826086956,27.891304347826086,605.5434782608696
fronius_plant_52kWpsensor_card1,2026-04-26 10:00:00,40.91489361702128,31.06382978723404,825.0212765957447
fronius_plant_52kWpsensor_card1,2026-04-26 11:00:00,45.06818181818182,34.31818181818182,901.8409090909091
fronius_plant_52kWpsensor_card1,2026-04-26 12:00:00,46.19512195121951,36.292682926829265,910.8048780487804
fronius_plant_52kWpsensor_card1,2026-04-26 13:00:00,46.0,37.32608695652174,819.1086956521739
fronius_plant_52kWpsensor_card1,2026-04-26 14:00:00,34.22222222222222,30.77777777777778,321.9555555555556
fronius_plant_52kWpsensor_card1,2026-04-26 15:00:00,22.40909090909091,21.636363636363637,2.0454545454545454
fronius_plant_52kWpsensor_card1,2026-04-26 16:00:00,20.0,19.526315789473685,8.31578947368421
fronius_plant_52kWpsensor_card1,2026-04-26 17:00:00,20.333333333333332,20.0,12.333333333333334
fronius_plant_52kWpsensor_card1,2026-04-26 18:00:00,20.0,19.666666666666668,0.7777777777777778
fronius_plant_52kWpsensor_card1,2026-04-26 21:00:00,19.0,20.0,0.0
fronius_plant_52kWpsensor_card1,2026-04-27 01:00:00,20.0,20.0,0.0
fronius_plant_52kWpsensor_card1,2026-04-27 06:00:00,21.0,20.444444444444443,32.388888888888886
fronius_plant_52kWpsensor_card1,2026-04-27 07:00:00,23.80952380952381,22.047619047619047,169.23809523809524
fronius_plant_52kWpsensor_card1,2026-04-27 08:00:00,29.108695652173914,25.23913043478261,362.4130434782609
fronius_plant_52kWpsensor_card1,2026-04-27 09:00:00,36.76086956521739,28.804347826086957,648.4130434782609
fronius_plant_52kWpsensor_card1,2026-04-27 10:00:00,39.733333333333334,31.466666666666665,738.5777777777778
fronius_plant_52kWpsensor_card1,2026-04-27 11:00:00,43.02127659574468,33.297872340425535,824.0851063829788
fronius_plant_52kWpsensor_card1,2026-04-27 12:00:00,46.06382978723404,35.38297872340426,927.8723404255319
fronius_plant_52kWpsensor_card1,2026-04-27 13:00:00,42.97872340425532,35.12765957446808,614.2340425531914
fronius_plant_52kWpsensor_card1,2026-04-27 14:00:00,33.51162790697674,30.0,239.11627906976744
fronius_plant_52kWpsensor_card1,2026-04-27 15:00:00,21.782608695652176,21.47826086956522,13.043478260869565
fronius_plant_52kWpsensor_card1,2026-04-27 16:00:00,20.72222222222222,20.333333333333332,36.361111111111114
fronius_plant_52kWpsensor_card1,2026-04-27 17:00:00,20.81578947368421,20.263157894736842,34.8421052631579
fronius_plant_52kWpsensor_card1,2026-04-27 18:00:00,20.0,20.0,0.0
fronius_plant_52kWpsensor_card1,2026-04-27 21:00:00,20.0,21.0,0.0
fronius_plant_52kWpsensor_card1,2026-04-28 01:00:00,20.0,20.0,0.0
fronius_plant_52kWpsensor_card1,2026-04-28 05:00:00,20.0,20.0,2.6666666666666665
fronius_plant_52kWpsensor_card1,2026-04-28 06:00:00,20.95,20.6,58.025
fronius_plant_52kWpsensor_card1,2026-04-28 07:00:00,22.0,21.0,60.72727272727273
fronius_plant_52kWpsensor_card1,2026-04-28 08:00:00,22.804878048780488,21.658536585365855,116.26829268292683
fronius_plant_52kWpsensor_card1,2026-04-28 09:00:00,28.2,24.88888888888889,331.3777777777778
fronius_plant_52kWpsensor_card1,2026-04-28 10:00:00,37.59090909090909,29.5,768.6363636363636
fronius_plant_52kWpsensor_card1,2026-04-28 11:00:00,41.5,32.29545454545455,832.5
fronius_plant_52kWpsensor_card1,2026-04-28 12:00:00,44.369565217391305,34.43478260869565,786.9347826086956
fronius_plant_52kWpsensor_card1,2026-04-28 13:00:00,38.883720930232556,32.51162790697674,455.4651162790698
fronius_plant_52kWpsensor_card1,2026-04-28 14:00:00,35.22727272727273,31.318181818181817,463.9318181818182
fronius_plant_52kWpsensor_card1,2026-04-28 15:00:00,32.15555555555556,28.844444444444445,255.75555555555556
fronius_plant_52kWpsensor_card1,2026-04-28 16:00:00,22.322580645161292,22.322580645161292,35.70967741935484
fronius_plant_52kWpsensor_card1,2026-04-28 17:00:00,22.166666666666668,23.0,15.541666666666666
fronius_plant_52kWpsensor_card1,2026-04-28 18:00:00,22.0,22.0,0.0
fronius_plant_52kWpsensor_card1,2026-04-29 04:00:00,21.0,21.0,0.0
fronius_plant_52kWpsensor_card1,2026-04-29 06:00:00,21.38235294117647,21.0,30.235294117647058
fronius_plant_52kWpsensor_card1,2026-04-29 07:00:00,23.09375,21.875,84.8125
fronius_plant_52kWpsensor_card1,2026-04-29 08:00:00,24.375,22.575,148.775
fronius_plant_52kWpsensor_card1,2026-04-29 09:00:00,27.477272727272727,24.5,309.52272727272725
fronius_plant_52kWpsensor_card1,2026-04-29 10:00:00,35.4,28.57777777777778,513.3555555555556
fronius_plant_52kWpsensor_card1,2026-04-29 11:00:00,38.022222222222226,30.955555555555556,561.2444444444444
fronius_plant_52kWpsensor_card1,2026-04-29 12:00:00,36.67391304347826,30.717391304347824,435.6304347826087
fronius_plant_52kWpsensor_card1,2026-04-29 13:00:00,38.05,31.925,476.65
fronius_plant_52kWpsensor_card1,2026-04-29 14:00:00,37.58139534883721,31.53488372093023,434.1162790697674
fronius_plant_52kWpsensor_card1,2026-04-29 15:00:00,34.06976744186046,30.72093023255814,216.95348837209303
fronius_plant_52kWpsensor_card1,2026-04-29 16:00:00,29.853658536585368,28.26829268292683,111.92682926829268
fronius_plant_52kWpsensor_card1,2026-04-29 17:00:00,26.86111111111111,26.27777777777778,32.77777777777778
fronius_plant_52kWpsensor_card1,2026-04-29 18:00:00,25.2,24.6,0.8
fronius_plant_52kWpsensor_card1,2026-04-29 19:00:00,23.0,23.0,0.0
fronius_plant_52kWpsensor_card1,2026-04-29 21:00:00,23.0,22.0,0.0
fronius_plant_52kWpsensor_card1,2026-04-29 22:00:00,22.0,22.0,0.0
fronius_plant_52kWpsensor_card1,2026-04-30 00:00:00,21.0,22.0,0.0
fronius_plant_52kWpsensor_card1,2026-04-30 05:00:00,19.22222222222222,20.0,3.111111111111111
fronius_plant_52kWpsensor_card1,2026-04-30 06:00:00,20.390243902439025,20.317073170731707,56.170731707317074
fronius_plant_52kWpsensor_card1,2026-04-30 07:00:00,24.03030303030303,22.303030303030305,145.66666666666666
fronius_plant_52kWpsensor_card1,2026-04-30 08:00:00,28.97826086956522,25.08695652173913,320.3478260869565
fronius_plant_52kWpsensor_card1,2026-04-30 09:00:00,32.19512195121951,27.073170731707318,416.6829268292683
fronius_plant_52kWpsensor_card1,2026-04-30 10:00:00,39.744680851063826,30.76595744680851,707.1702127659574
fronius_plant_52kWpsensor_card1,2026-04-30 11:00:00,43.56521739130435,34.32608695652174,743.4347826086956
fronius_plant_52kWpsensor_card1,2026-04-30 12:00:00,42.22222222222222,34.75555555555555,727.6666666666666
fronius_plant_52kWpsensor_card1,2026-04-30 13:00:00,41.52173913043478,35.369565217391305,492.2173913043478
fronius_plant_52kWpsensor_card1,2026-04-30 14:00:00,34.76086956521739,31.956521739130434,288.1521739130435
fronius_plant_52kWpsensor_card1,2026-04-30 15:00:00,31.761904761904763,29.952380952380953,129.47619047619048
fronius_plant_52kWpsensor_card1,2026-04-30 16:00:00,27.878048780487806,26.804878048780488,76.07317073170732
fronius_plant_52kWpsensor_card1,2026-04-30 17:00:00,26.46875,26.0,29.25
fronius_plant_52kWpsensor_card1,2026-04-30 18:00:00,26.0,25.333333333333332,0.0
fronius_plant_52kWpsensor_card1,2026-04-30 21:00:00,24.0,24.0,0.0
fronius_plant_52kWpsensor_card1,2026-05-01 05:00:00,22.0,22.0,3.3333333333333335
fronius_plant_52kWpsensor_card1,2026-05-01 06:00:00,22.853658536585368,22.4390243902439,69.4390243902439
fronius_plant_52kWpsensor_card1,2026-05-01 07:00:00,27.369565217391305,24.869565217391305,185.32608695652175
fronius_plant_52kWpsensor_card1,2026-05-01 08:00:00,33.22222222222222,28.0,418.8666666666667
fronius_plant_52kWpsensor_card1,2026-05-01 09:00:00,34.56521739130435,29.23913043478261,437.80434782608694
fronius_plant_52kWpsensor_card1,2026-05-01 10:00:00,40.04347826086956,32.45652173913044,726.3478260869565
fronius_plant_52kWpsensor_card1,2026-05-01 11:00:00,43.21739130434783,34.56521739130435,866.804347826087
fronius_plant_52kWpsensor_card1,2026-05-01 12:00:00,43.47826086956522,35.391304347826086,824.8695652173913
fronius_plant_52kWpsensor_card1,2026-05-01 13:00:00,41.84782608695652,35.30434782608695,703.6739130434783
fronius_plant_52kWpsensor_card1,2026-05-01 14:00:00,37.022222222222226,33.666666666666664,347.46666666666664
fronius_plant_52kWpsensor_card1,2026-05-01 15:00:00,35.19565217391305,32.82608695652174,235.1304347826087
fronius_plant_52kWpsensor_card1,2026-05-01 16:00:00,32.270270270270274,30.81081081081081,117.48648648648648
fronius_plant_52kWpsensor_card1,2026-05-01 17:00:00,29.742857142857144,29.114285714285714,34.285714285714285
fronius_plant_52kWpsensor_card1,2026-05-01 18:00:00,27.0,26.5,0.0
fronius_plant_52kWpsensor_card1,2026-05-01 19:00:00,26.0,26.0,0.0
fronius_plant_52kWpsensor_card1,2026-05-01 21:00:00,25.0,25.0,0.0
fronius_plant_52kWpsensor_card1,2026-05-01 22:00:00,24.0,23.0,0.0
fronius_plant_52kWpsensor_card1,2026-05-02 05:00:00,20.0,19.25,0.25
fronius_plant_52kWpsensor_card1,2026-05-02 06:00:00,20.0,19.594594594594593,32.810810810810814
fronius_plant_52kWpsensor_card1,2026-05-02 07:00:00,22.113636363636363,21.113636363636363,144.47727272727272
fronius_plant_52kWpsensor_card1,2026-05-02 08:00:00,25.1875,23.0625,222.09375
fronius_plant_52kWpsensor_card1,2026-05-02 09:00:00,29.047619047619047,25.023809523809526,318.9761904761905
fronius_plant_52kWpsensor_card1,2026-05-02 10:00:00,33.06976744186046,27.441860465116278,414.0
fronius_plant_52kWpsensor_card1,2026-05-02 11:00:00,32.43181818181818,27.886363636363637,324.84090909090907
fronius_plant_52kWpsensor_card1,2026-05-02 12:00:00,33.78260869565217,29.0,391.80434782608694
fronius_plant_52kWpsensor_card1,2026-05-02 13:00:00,27.605263157894736,25.31578947368421,68.89473684210526
fronius_plant_52kWpsensor_card1,2026-05-02 14:00:00,21.692307692307693,20.71794871794872,107.56410256410257
fronius_plant_52kWpsensor_card1,2026-05-02 15:00:00,24.657894736842106,23.394736842105264,154.94736842105263
fronius_plant_52kWpsensor_card1,2026-05-02 16:00:00,25.685714285714287,24.0,81.62857142857143
fronius_plant_52kWpsensor_card1,2026-05-02 17:00:00,23.5,23.142857142857142,16.892857142857142
fronius_plant_52kWpsensor_card1,2026-05-02 18:00:00,22.0,22.0,0.0
fronius_plant_52kWpsensor_card1,2026-05-02 21:00:00,21.0,21.0,0.0
fronius_plant_52kWpsensor_card1,2026-05-03 04:00:00,20.0,20.0,0.0
fronius_plant_52kWpsensor_card1,2026-05-03 05:00:00,21.0,20.6,0.3
fronius_plant_52kWpsensor_card1,2026-05-03 06:00:00,22.390243902439025,21.463414634146343,73.85365853658537
fronius_plant_52kWpsensor_card1,2026-05-03 07:00:00,27.976744186046513,24.697674418604652,256.72093023255815
fronius_plant_52kWpsensor_card1,2026-05-03 08:00:00,34.6,27.68888888888889,448.73333333333335
fronius_plant_52kWpsensor_card1,2026-05-03 09:00:00,38.17391304347826,29.847826086956523,618.6521739130435
fronius_plant_52kWpsensor_card1,2026-05-03 10:00:00,39.61363636363637,31.25,729.3181818181819
fronius_plant_52kWpsensor_card1,2026-05-03 11:00:00,40.45652173913044,32.54347826086956,625.1739130434783
fronius_plant_52kWpsensor_card1,2026-05-03 12:00:00,42.27272727272727,33.95454545454545,896.5227272727273
fronius_plant_52kWpsensor_card1,2026-05-03 13:00:00,41.76086956521739,34.32608695652174,724.195652173913
fronius_plant_52kWpsensor_card1,2026-05-03 14:00:00,36.630434782608695,32.17391304347826,549.8478260869565
fronius_plant_52kWpsensor_card1,2026-05-03 15:00:00,35.30434782608695,32.15217391304348,435.89130434782606
fronius_plant_52kWpsensor_card1,2026-05-03 16:00:00,33.28260869565217,32.26086956521739,241.17391304347825
fronius_plant_52kWpsensor_card1,2026-05-03 17:00:00,30.05,28.95,57.825
fronius_plant_52kWpsensor_card1,2026-05-03 18:00:00,26.666666666666668,26.333333333333332,0.0
fronius_plant_52kWpsensor_card1,2026-05-03 21:00:00,24.0,24.0,0.0
fronius_plant_52kWpsensor_card1,2026-05-04 05:00:00,20.0,20.0,0.0
fronius_plant_52kWpsensor_card1,2026-05-04 06:00:00,20.235294117647058,19.941176470588236,29.764705882352942
fronius_plant_52kWpsensor_card1,2026-05-04 07:00:00,22.627906976744185,21.023255813953487,122.5813953488372
fronius_plant_52kWpsensor_card1,2026-05-04 08:00:00,25.711111111111112,23.08888888888889,240.86666666666667
fronius_plant_52kWpsensor_card1,2026-05-04 09:00:00,30.065217391304348,25.82608695652174,297.9347826086956
fronius_plant_52kWpsensor_card1,2026-05-04 10:00:00,36.71739130434783,29.130434782608695,659.3260869565217
fronius_plant_52kWpsensor_card1,2026-05-04 11:00:00,39.857142857142854,31.38095238095238,819.2857142857143
fronius_plant_52kWpsensor_card1,2026-05-04 12:00:00,43.234042553191486,33.808510638297875,875.1914893617021
fronius_plant_52kWpsensor_card1,2026-05-04 13:00:00,41.977777777777774,34.28888888888889,836.5777777777778
fronius_plant_52kWpsensor_card1,2026-05-04 14:00:00,41.30232558139535,34.53488372093023,686.0232558139535
fronius_plant_52kWpsensor_card1,2026-05-04 15:00:00,37.369565217391305,33.43478260869565,419.17391304347825
fronius_plant_52kWpsensor_card1,2026-05-04 16:00:00,33.86666666666667,32.46666666666667,232.9111111111111
fronius_plant_52kWpsensor_card1,2026-05-04 17:00:00,29.57894736842105,28.68421052631579,46.10526315789474
fronius_plant_52kWpsensor_card1,2026-05-04 18:00:00,27.5,27.0,0.0
fronius_plant_52kWpsensor_card1,2026-05-04 22:00:00,23.0,23.0,0.0
fronius_plant_52kWpsensor_card1,2026-05-05 05:00:00,21.0,21.0,3.7777777777777777
fronius_plant_52kWpsensor_card1,2026-05-05 06:00:00,22.1,21.775,64.775
fronius_plant_52kWpsensor_card1,2026-05-05 07:00:00,28.181818181818183,24.818181818181817,278.3863636363636
fronius_plant_52kWpsensor_card1,2026-05-05 08:00:00,33.38636363636363,27.5,466.65909090909093
fronius_plant_52kWpsensor_card1,2026-05-05 09:00:00,37.93478260869565,30.804347826086957,618.2608695652174
fronius_plant_52kWpsensor_card1,2026-05-05 10:00:00,41.891304347826086,33.19565217391305,766.4130434782609
fronius_plant_52kWpsensor_card1,2026-05-05 11:00:00,44.28260869565217,34.869565217391305,821.8695652173913
fronius_plant_52kWpsensor_card1,2026-05-05 12:00:00,42.45652173913044,35.08695652173913,639.0217391304348
fronius_plant_52kWpsensor_card1,2026-05-05 13:00:00,39.391304347826086,34.71739130434783,456.9782608695652
fronius_plant_52kWpsensor_card1,2026-05-05 14:00:00,41.6,36.4,561.2666666666667
fronius_plant_52kWpsensor_card1,2026-05-05 15:00:00,36.348837209302324,33.74418604651163,297.9767441860465
fronius_plant_52kWpsensor_card1,2026-05-05 16:00:00,31.261904761904763,30.071428571428573,67.85714285714286
fronius_plant_52kWpsensor_card1,2026-05-05 17:00:00,28.666666666666668,28.27777777777778,9.944444444444445
fronius_plant_52kWpsensor_card1,2026-05-05 18:00:00,27.142857142857142,26.571428571428573,0.0
fronius_plant_52kWpsensor_card1,2026-05-05 21:00:00,25.0,25.0,0.0
fronius_plant_52kWpsensor_card1,2026-05-06 05:00:00,23.0,22.0,0.0
fronius_plant_52kWpsensor_card1,2026-05-06 06:00:00,21.625,20.625,45.075
fronius_plant_52kWpsensor_card1,2026-05-06 07:00:00,24.0,22.674418604651162,190.13953488372093
fronius_plant_52kWpsensor_card1,2026-05-06 08:00:00,28.61904761904762,25.38095238095238,304.85714285714283
fronius_plant_52kWpsensor_card1,2026-05-06 09:00:00,32.55555555555556,27.644444444444446,439.44444444444446
fronius_plant_52kWpsensor_card1,2026-05-06 10:00:00,37.02272727272727,30.59090909090909,526.8636363636364
fronius_plant_52kWpsensor_card1,2026-05-06 11:00:00,38.111111111111114,31.57777777777778,628.4222222222222
fronius_plant_52kWpsensor_card1,2026-05-06 12:00:00,42.41860465116279,33.93023255813954,702.6046511627907
fronius_plant_52kWpsensor_card1,2026-05-06 13:00:00,37.577777777777776,32.6,491.97777777777776
fronius_plant_52kWpsensor_card1,2026-05-06 14:00:00,36.38636363636363,32.27272727272727,410.27272727272725
fronius_plant_52kWpsensor_card1,2026-05-06 15:00:00,35.06818181818182,33.06818181818182,304.52272727272725
fronius_plant_52kWpsensor_card1,2026-05-06 16:00:00,35.675,33.85,226.675
fronius_plant_52kWpsensor_card1,2026-05-06 17:00:00,29.930232558139537,29.162790697674417,48.325581395348834
fronius_plant_52kWpsensor_card1,2026-05-06 18:00:00,27.5,27.0,2.75
fronius_plant_52kWpsensor_card1,2026-05-06 22:00:00,23.0,23.0,0.0
fronius_plant_52kWpsensor_card1,2026-05-07 05:00:00,20.125,20.75,1.0
fronius_plant_52kWpsensor_card1,2026-05-07 06:00:00,21.52777777777778,21.5,50.111111111111114
fronius_plant_52kWpsensor_card1,2026-05-07 07:00:00,27.022727272727273,24.113636363636363,218.5
fronius_plant_52kWpsensor_card1,2026-05-07 08:00:00,32.83720930232558,27.3953488372093,442.13953488372096
fronius_plant_52kWpsensor_card1,2026-05-07 09:00:00,37.02272727272727,29.931818181818183,618.6818181818181
fronius_plant_52kWpsensor_card1,2026-05-07 10:00:00,39.61363636363637,32.29545454545455,587.7954545454545
fronius_plant_52kWpsensor_card1,2026-05-07 11:00:00,42.54545454545455,34.52272727272727,784.0909090909091
fronius_plant_52kWpsensor_card1,2026-05-07 12:00:00,40.62222222222222,34.266666666666666,676.5111111111111
fronius_plant_52kWpsensor_card1,2026-05-07 13:00:00,41.48888888888889,35.333333333333336,635.3111111111111
fronius_plant_52kWpsensor_card1,2026-05-07 14:00:00,39.65909090909091,34.65909090909091,521.9545454545455
fronius_plant_52kWpsensor_card1,2026-05-07 15:00:00,35.86363636363637,32.86363636363637,405.8863636363636
fronius_plant_52kWpsensor_card1,2026-05-07 16:00:00,32.93181818181818,31.568181818181817,203.77272727272728
fronius_plant_52kWpsensor_card1,2026-05-07 17:00:00,28.75,27.90909090909091,51.06818181818182
fronius_plant_52kWpsensor_card1,2026-05-07 18:00:00,26.0,26.0,0.0
fronius_plant_52kWpsensor_card1,2026-05-07 21:00:00,24.0,24.0,0.0
fronius_plant_52kWpsensor_card1,2026-05-07 22:00:00,23.0,23.0,0.0
fronius_plant_52kWpsensor_card1,2026-05-08 00:00:00,24.0,23.0,0.0
fronius_plant_52kWpsensor_card1,2026-05-08 02:00:00,22.0,22.0,0.0
fronius_plant_52kWpsensor_card1,2026-05-08 05:00:00,21.0,21.0,3.4
fronius_plant_52kWpsensor_card1,2026-05-08 06:00:00,22.25,21.78125,40.3125
fronius_plant_52kWpsensor_card1,2026-05-08 07:00:00,26.046511627906977,23.790697674418606,171.02325581395348
fronius_plant_52kWpsensor_card1,2026-05-08 08:00:00,28.11111111111111,25.133333333333333,281.22222222222223
fronius_plant_52kWpsensor_card1,2026-05-08 09:00:00,38.044444444444444,30.08888888888889,720.6666666666666
fronius_plant_52kWpsensor_card1,2026-05-08 10:00:00,33.19047619047619,28.88095238095238,254.52380952380952
fronius_plant_52kWpsensor_card1,2026-05-08 11:00:00,32.68888888888889,29.488888888888887,285.3333333333333
fronius_plant_52kWpsensor_card1,2026-05-08 12:00:00,29.555555555555557,27.644444444444446,177.82222222222222
fronius_plant_52kWpsensor_card1,2026-05-08 13:00:00,33.348837209302324,30.41860465116279,364.8139534883721
fronius_plant_52kWpsensor_card1,2026-05-08 14:00:00,31.926829268292682,29.121951219512194,303.219512195122
fronius_plant_52kWpsensor_card1,2026-05-08 15:00:00,29.58974358974359,27.871794871794872,201.7948717948718
fronius_plant_52kWpsensor_card1,2026-05-08 16:00:00,28.627906976744185,27.162790697674417,122.53488372093024
fronius_plant_52kWpsensor_card1,2026-05-08 17:00:00,26.51219512195122,26.024390243902438,33.75609756097561
fronius_plant_52kWpsensor_card1,2026-05-08 18:00:00,25.333333333333332,25.0,0.0
fronius_plant_52kWpsensor_card1,2026-05-08 21:00:00,23.0,23.0,0.0
fronius_plant_52kWpsensor_card1,2026-05-09 00:00:00,22.0,22.0,0.0
fronius_plant_52kWpsensor_card1,2026-05-09 02:00:00,21.0,21.0,0.0
fronius_plant_52kWpsensor_card1,2026-05-09 05:00:00,22.0,21.0,1.6666666666666667
fronius_plant_52kWpsensor_card1,2026-05-09 06:00:00,23.0,22.45945945945946,67.83783783783784
fronius_plant_52kWpsensor_card1,2026-05-09 07:00:00,25.733333333333334,24.044444444444444,178.2
fronius_plant_52kWpsensor_card1,2026-05-09 08:00:00,30.30952380952381,26.452380952380953,442.76190476190476
fronius_plant_52kWpsensor_card1,2026-05-09 09:00:00,33.6,28.644444444444446,569.0888888888888
fronius_plant_52kWpsensor_card1,2026-05-09 10:00:00,35.68181818181818,30.272727272727273,683.9318181818181
fronius_plant_52kWpsensor_card1,2026-05-09 11:00:00,39.06976744186046,32.674418604651166,829.8837209302326
fronius_plant_52kWpsensor_card1,2026-05-09 12:00:00,40.13953488372093,33.674418604651166,809.4883720930233
fronius_plant_52kWpsensor_card1,2026-05-09 13:00:00,40.06666666666667,34.2,721.0
fronius_plant_52kWpsensor_card1,2026-05-09 14:00:00,40.23809523809524,35.142857142857146,626.2380952380952
fronius_plant_52kWpsensor_card1,2026-05-09 15:00:00,38.857142857142854,35.714285714285715,447.42857142857144
fronius_plant_52kWpsensor_card1,2026-05-09 16:00:00,36.18181818181818,35.31818181818182,220.95454545454547
fronius_plant_52kWpsensor_card1,2026-05-09 17:00:00,31.692307692307693,30.794871794871796,48.02564102564103
fronius_plant_52kWpsensor_card1,2026-05-09 18:00:00,28.0,28.25,0.25
fronius_plant_52kWpsensor_card1,2026-05-09 20:00:00,25.0,25.0,0.0
fronius_plant_52kWpsensor_card1,2026-05-09 21:00:00,24.0,24.0,0.0
fronius_plant_52kWpsensor_card1,2026-05-09 22:00:00,23.0,24.0,0.0
fronius_plant_52kWpsensor_card1,2026-05-10 05:00:00,21.0,21.0,2.4444444444444446
fronius_plant_52kWpsensor_card1,2026-05-10 06:00:00,21.63888888888889,21.583333333333332,32.416666666666664
fronius_plant_52kWpsensor_card1,2026-05-10 07:00:00,23.81578947368421,22.86842105263158,100.36842105263158
fronius_plant_52kWpsensor_card1,2026-05-10 08:00:00,26.575,24.175,196.4
fronius_plant_52kWpsensor_card1,2026-05-10 09:00:00,29.74418604651163,26.186046511627907,292.3488372093023
fronius_plant_52kWpsensor_card1,2026-05-10 10:00:00,32.80487804878049,27.585365853658537,447.1463414634146
fronius_plant_52kWpsensor_card1,2026-05-10 11:00:00,38.54545454545455,31.022727272727273,597.3863636363636
fronius_plant_52kWpsensor_card1,2026-05-10 12:00:00,41.52272727272727,33.27272727272727,645.4318181818181
fronius_plant_52kWpsensor_card1,2026-05-10 13:00:00,39.4,33.28888888888889,510.24444444444447
fronius_plant_52kWpsensor_card1,2026-05-10 14:00:00,40.34090909090909,34.5,562.3181818181819
fronius_plant_52kWpsensor_card1,2026-05-10 15:00:00,37.18181818181818,33.59090909090909,392.72727272727275
fronius_plant_52kWpsensor_card1,2026-05-10 16:00:00,32.142857142857146,30.785714285714285,90.04761904761905
fronius_plant_52kWpsensor_card1,2026-05-10 17:00:00,29.725,29.075,36.8
fronius_plant_52kWpsensor_card1,2026-05-10 18:00:00,27.8,27.4,0.0
fronius_plant_52kWpsensor_card1,2026-05-10 22:00:00,24.0,24.0,0.0
fronius_plant_52kWpsensor_card1,2026-05-11 05:00:00,21.25,21.125,2.625
fronius_plant_52kWpsensor_card1,2026-05-11 06:00:00,22.1875,21.8125,25.84375
fronius_plant_52kWpsensor_card1,2026-05-11 07:00:00,24.886363636363637,23.522727272727273,146.13636363636363
fronius_plant_52kWpsensor_card1,2026-05-11 08:00:00,30.88095238095238,26.547619047619047,373.54761904761904
fronius_plant_52kWpsensor_card1,2026-05-11 09:00:00,36.142857142857146,29.904761904761905,551.0714285714286
fronius_plant_52kWpsensor_card1,2026-05-11 10:00:00,41.15909090909091,32.68181818181818,721.7045454545455
fronius_plant_52kWpsensor_card1,2026-05-11 11:00:00,41.77272727272727,33.61363636363637,676.9772727272727
fronius_plant_52kWpsensor_card1,2026-05-11 12:00:00,38.42857142857143,33.19047619047619,263.3333333333333
fronius_plant_52kWpsensor_card1,2026-05-11 13:00:00,34.06666666666667,30.933333333333334,393.24444444444447
fronius_plant_52kWpsensor_card1,2026-05-11 14:00:00,32.926829268292686,30.51219512195122,262.2439024390244
fronius_plant_52kWpsensor_card1,2026-05-11 15:00:00,30.714285714285715,29.0,130.28571428571428
fronius_plant_52kWpsensor_card1,2026-05-11 16:00:00,28.791666666666668,27.458333333333332,83.54166666666667
fronius_plant_52kWpsensor_card1,2026-05-11 17:00:00,27.28205128205128,26.487179487179485,36.82051282051282
fronius_plant_52kWpsensor_card1,2026-05-11 18:00:00,25.5,25.0,0.0
fronius_plant_52kWpsensor_card1,2026-05-11 19:00:00,24.0,24.0,0.0
fronius_plant_52kWpsensor_card1,2026-05-11 22:00:00,23.0,23.0,0.0
fronius_plant_52kWpsensor_card1,2026-05-12 04:00:00,22.0,22.0,0.0
fronius_plant_52kWpsensor_card1,2026-05-12 06:00:00,22.419354838709676,22.387096774193548,29.870967741935484
fronius_plant_52kWpsensor_card1,2026-05-12 07:00:00,28.26086956521739,25.304347826086957,232.65217391304347
fronius_plant_52kWpsensor_card1,2026-05-12 08:00:00,31.325581395348838,27.25581395348837,393.9767441860465
fronius_plant_52kWpsensor_card1,2026-05-12 09:00:00,38.829268292682926,30.951219512195124,634.4146341463414
fronius_plant_52kWpsensor_card1,2026-05-12 10:00:00,43.0,34.09090909090909,750.6363636363636
fronius_plant_52kWpsensor_card1,2026-05-12 11:00:00,38.25,32.65909090909091,442.0
fronius_plant_52kWpsensor_card1,2026-05-12 12:00:00,34.8780487804878,30.975609756097562,298.0487804878049
fronius_plant_52kWpsensor_card1,2026-05-12 13:00:00,29.837209302325583,28.72093023255814,79.30232558139535
fronius_plant_52kWpsensor_card1,2026-05-12 14:00:00,27.823529411764707,26.705882352941178,107.47058823529412
fronius_plant_52kWpsensor_card1,2026-05-12 15:00:00,32.214285714285715,29.047619047619047,428.6904761904762
fronius_plant_52kWpsensor_card1,2026-05-12 16:00:00,29.68888888888889,27.8,122.57777777777778
fronius_plant_52kWpsensor_card1,2026-05-12 17:00:00,25.973684210526315,25.342105263157894,32.5
fronius_plant_52kWpsensor_card1,2026-05-12 18:00:00,24.142857142857142,24.571428571428573,0.0
fronius_plant_52kWpsensor_card1,2026-05-12 22:00:00,23.0,23.0,0.0
fronius_plant_52kWpsensor_card1,2026-05-13 05:00:00,20.5,21.0,1.6666666666666667
fronius_plant_52kWpsensor_card1,2026-05-13 06:00:00,21.545454545454547,21.181818181818183,47.18181818181818
fronius_plant_52kWpsensor_card1,2026-05-13 07:00:00,24.09090909090909,22.681818181818183,153.25
fronius_plant_52kWpsensor_card1,2026-05-13 08:00:00,26.878048780487806,24.29268292682927,271.609756097561
fronius_plant_52kWpsensor_card1,2026-05-13 09:00:00,31.023255813953487,27.023255813953487,393.2325581395349
fronius_plant_52kWpsensor_card1,2026-05-13 10:00:00,34.68181818181818,29.568181818181817,527.6818181818181
fronius_plant_52kWpsensor_card1,2026-05-13 11:00:00,39.13636363636363,32.15909090909091,620.0681818181819
fronius_plant_52kWpsensor_card1,2026-05-13 12:00:00,38.111111111111114,31.8,519.6666666666666
fronius_plant_52kWpsensor_card1,2026-05-13 13:00:00,33.93333333333333,30.533333333333335,301.02222222222224
fronius_plant_52kWpsensor_card1,2026-05-13 14:00:00,37.644444444444446,33.2,535.0222222222222
fronius_plant_52kWpsensor_card1,2026-05-13 15:00:00,34.142857142857146,31.69047619047619,231.02380952380952
fronius_plant_52kWpsensor_card1,2026-05-13 16:00:00,31.06451612903226,30.129032258064516,99.03225806451613
fronius_plant_52kWpsensor_card1,2026-05-13 17:00:00,28.523809523809526,27.785714285714285,35.666666666666664
fronius_plant_52kWpsensor_card1,2026-05-13 18:00:00,26.5,26.0,0.0
fronius_plant_52kWpsensor_card1,2026-05-13 21:00:00,25.0,24.0,0.0
fronius_plant_52kWpsensor_card1,2026-05-13 22:00:00,22.0,22.0,0.0
fronius_plant_52kWpsensor_card1,2026-05-14 00:00:00,21.0,22.0,0.0
fronius_plant_52kWpsensor_card1,2026-05-14 05:00:00,21.0,21.0,4.0
fronius_plant_52kWpsensor_card1,2026-05-14 06:00:00,21.463414634146343,21.51219512195122,46.048780487804876
fronius_plant_52kWpsensor_card1,2026-05-14 07:00:00,23.34285714285714,22.542857142857144,154.57142857142858
fronius_plant_52kWpsensor_card1,2026-05-14 08:00:00,25.914285714285715,24.0,195.85714285714286
fronius_plant_52kWpsensor_card1,2026-05-14 09:00:00,30.666666666666668,26.166666666666668,385.5952380952381
fronius_plant_52kWpsensor_card1,2026-05-14 10:00:00,36.13333333333333,29.4,514.9555555555555
fronius_plant_52kWpsensor_card1,2026-05-14 11:00:00,41.733333333333334,32.86666666666667,787.0666666666667
fronius_plant_52kWpsensor_card1,2026-05-14 12:00:00,42.06818181818182,33.75,729.0
fronius_plant_52kWpsensor_card1,2026-05-14 13:00:00,39.6,33.666666666666664,595.7555555555556
fronius_plant_52kWpsensor_card1,2026-05-14 14:00:00,37.18181818181818,32.56818181818182,391.29545454545456
fronius_plant_52kWpsensor_card1,2026-05-14 15:00:00,31.318181818181817,29.454545454545453,204.75
fronius_plant_52kWpsensor_card1,2026-05-14 16:00:00,29.25,28.175,71.0
fronius_plant_52kWpsensor_card1,2026-05-14 17:00:00,27.875,27.416666666666668,18.791666666666668
fronius_plant_52kWpsensor_card1,2026-05-14 21:00:00,22.0,21.0,0.0
fronius_plant_52kWpsensor_card1,2026-05-14 22:00:00,21.0,21.0,0.0
fronius_plant_52kWpsensor_card1,2026-05-15 05:00:00,20.0,20.0,5.7
fronius_plant_52kWpsensor_card1,2026-05-15 06:00:00,21.023255813953487,21.13953488372093,60.0
fronius_plant_52kWpsensor_card1,2026-05-15 07:00:00,26.341463414634145,24.073170731707318,218.82926829268294
fronius_plant_52kWpsensor_card1,2026-05-15 08:00:00,32.77272727272727,27.568181818181817,443.5681818181818
fronius_plant_52kWpsensor_card1,2026-05-15 09:00:00,37.225,30.575,630.8
fronius_plant_52kWpsensor_card1,2026-05-15 10:00:00,40.76190476190476,32.904761904761905,751.4047619047619
fronius_plant_52kWpsensor_card1,2026-05-15 11:00:00,43.95238095238095,35.5,852.8333333333334
fronius_plant_52kWpsensor_card1,2026-05-15 12:00:00,43.54545454545455,37.18181818181818,796.6818181818181
fronius_plant_52kWpsensor_card1,2026-05-15 13:00:00,43.15909090909091,37.27272727272727,780.25
fronius_plant_52kWpsensor_card1,2026-05-15 14:00:00,41.355555555555554,36.13333333333333,537.6888888888889
fronius_plant_52kWpsensor_card1,2026-05-15 15:00:00,37.04545454545455,34.61363636363637,282.65909090909093
fronius_plant_52kWpsensor_card1,2026-05-15 16:00:00,33.404761904761905,32.38095238095238,132.38095238095238
fronius_plant_52kWpsensor_card1,2026-05-15 17:00:00,30.44736842105263,29.894736842105264,39.44736842105263
fronius_plant_52kWpsensor_card1,2026-05-15 18:00:00,28.0,27.5,0.0
fronius_plant_52kWpsensor_card1,2026-05-15 20:00:00,26.0,26.0,0.0
fronius_plant_52kWpsensor_card1,2026-05-15 21:00:00,25.0,25.0,0.0
fronius_plant_52kWpsensor_card1,2026-05-15 22:00:00,24.0,24.0,0.0
fronius_plant_52kWpsensor_card1,2026-05-16 02:00:00,23.0,23.0,0.0
fronius_plant_52kWpsensor_card1,2026-05-16 05:00:00,22.785714285714285,22.642857142857142,8.928571428571429
fronius_plant_52kWpsensor_card1,2026-05-16 06:00:00,23.794871794871796,23.333333333333332,65.53846153846153
fronius_plant_52kWpsensor_card1,2026-05-16 07:00:00,27.285714285714285,25.19047619047619,194.52380952380952
fronius_plant_52kWpsensor_card1,2026-05-16 08:00:00,31.209302325581394,27.53488372093023,344.9767441860465
fronius_plant_52kWpsensor_card1,2026-05-16 09:00:00,33.651162790697676,29.25581395348837,455.48837209302326
fronius_plant_52kWpsensor_card1,2026-05-16 10:00:00,36.16279069767442,30.790697674418606,479.9767441860465
fronius_plant_52kWpsensor_card1,2026-05-16 11:00:00,35.5,31.454545454545453,397.72727272727275
fronius_plant_52kWpsensor_card1,2026-05-16 12:00:00,37.348837209302324,32.48837209302326,486.5813953488372
fronius_plant_52kWpsensor_card1,2026-05-16 13:00:00,35.86046511627907,31.906976744186046,429.7674418604651
fronius_plant_52kWpsensor_card1,2026-05-16 14:00:00,37.04651162790697,32.883720930232556,439.27906976744185
fronius_plant_52kWpsensor_card1,2026-05-16 15:00:00,33.857142857142854,31.34285714285714,255.31428571428572
fronius_plant_52kWpsensor_card1,2026-05-16 16:00:00,31.682926829268293,30.317073170731707,131.609756097561
fronius_plant_52kWpsensor_card1,2026-05-16 17:00:00,29.046511627906977,28.3953488372093,41.41860465116279
fronius_plant_52kWpsensor_card1,2026-05-16 18:00:00,26.555555555555557,26.444444444444443,0.5555555555555556
fronius_plant_52kWpsensor_card1,2026-05-16 21:00:00,24.0,24.0,0.0
fronius_plant_52kWpsensor_card1,2026-05-17 00:00:00,23.0,23.0,0.0
fronius_plant_52kWpsensor_card1,2026-05-17 05:00:00,20.142857142857142,20.714285714285715,2.7142857142857144
fronius_plant_52kWpsensor_card1,2026-05-17 06:00:00,21.42105263157895,21.394736842105264,46.0
fronius_plant_52kWpsensor_card1,2026-05-17 07:00:00,24.0,23.055555555555557,115.91666666666667
fronius_plant_52kWpsensor_card1,2026-05-17 08:00:00,26.3953488372093,23.976744186046513,183.58139534883722
fronius_plant_52kWpsensor_card1,2026-05-17 09:00:00,31.09090909090909,27.022727272727273,354.75
fronius_plant_52kWpsensor_card1,2026-05-17 10:00:00,36.18604651162791,29.837209302325583,503.3953488372093
fronius_plant_52kWpsensor_card1,2026-05-17 11:00:00,38.38636363636363,31.613636363636363,561.1818181818181
fronius_plant_52kWpsensor_card1,2026-05-17 12:00:00,38.0,32.44444444444444,483.93333333333334
fronius_plant_52kWpsensor_card1,2026-05-17 13:00:00,36.81818181818182,32.38636363636363,399.77272727272725
fronius_plant_52kWpsensor_card1,2026-05-17 14:00:00,39.27272727272727,34.09090909090909,437.79545454545456
fronius_plant_52kWpsensor_card1,2026-05-17 15:00:00,34.292682926829265,31.73170731707317,185.90243902439025
fronius_plant_52kWpsensor_card1,2026-05-17 16:00:00,31.23076923076923,30.102564102564102,89.87179487179488
fronius_plant_52kWpsensor_card1,2026-05-17 17:00:00,28.9,28.433333333333334,16.133333333333333
fronius_plant_52kWpsensor_card1,2026-05-17 18:00:00,27.75,27.25,0.0
fronius_plant_52kWpsensor_card1,2026-05-17 21:00:00,24.0,24.0,0.0
fronius_plant_52kWpsensor_card1,2026-05-17 22:00:00,23.0,23.0,0.0
fronius_plant_52kWpsensor_card1,2026-05-18 05:00:00,22.0,21.416666666666668,3.8333333333333335
fronius_plant_52kWpsensor_card1,2026-05-18 06:00:00,22.75609756097561,22.29268292682927,63.21951219512195
fronius_plant_52kWpsensor_card1,2026-05-18 07:00:00,26.19047619047619,23.976190476190474,172.26190476190476
fronius_plant_52kWpsensor_card1,2026-05-18 08:00:00,28.608695652173914,25.73913043478261,284.69565217391306
fronius_plant_52kWpsensor_card1,2026-05-18 09:00:00,31.048780487804876,27.4390243902439,339.4390243902439
fronius_plant_52kWpsensor_card1,2026-05-18 10:00:00,34.869565217391305,30.0,513.4347826086956
fronius_plant_52kWpsensor_card1,2026-05-18 11:00:00,37.0,31.065217391304348,318.3478260869565
fronius_plant_52kWpsensor_card1,2026-05-18 12:00:00,39.733333333333334,33.31111111111111,617.6888888888889
fronius_plant_52kWpsensor_card1,2026-05-18 13:00:00,39.21739130434783,34.23913043478261,460.17391304347825
fronius_plant_52kWpsensor_card1,2026-05-18 14:00:00,40.130434782608695,35.30434782608695,553.0217391304348
fronius_plant_52kWpsensor_card1,2026-05-18 15:00:00,36.65909090909091,33.43181818181818,289.8181818181818
fronius_plant_52kWpsensor_card1,2026-05-18 16:00:00,31.55263157894737,30.36842105263158,101.6842105263158
fronius_plant_52kWpsensor_card1,2026-05-18 17:00:00,29.333333333333332,28.708333333333332,13.5
fronius_plant_52kWpsensor_card1,2026-05-18 18:00:00,27.0,26.5,0.0
fronius_plant_52kWpsensor_card1,2026-05-18 19:00:00,26.0,25.0,0.0
fronius_plant_52kWpsensor_card1,2026-05-18 21:00:00,25.0,25.0,0.0
fronius_plant_52kWpsensor_card1,2026-05-19 05:00:00,21.285714285714285,21.285714285714285,0.5714285714285714
fronius_plant_52kWpsensor_card1,2026-05-19 06:00:00,22.26086956521739,22.043478260869566,19.347826086956523
fronius_plant_52kWpsensor_card1,2026-05-19 07:00:00,24.261904761904763,23.142857142857142,126.76190476190476
fronius_plant_52kWpsensor_card1,2026-05-19 08:00:00,26.85185185185185,24.59259259259259,175.22222222222223
fronius_plant_52kWpsensor_card1,2026-05-19 09:00:00,27.4,25.4,214.7
fronius_plant_52kWpsensor_card1,2026-05-19 10:00:00,29.047619047619047,26.595238095238095,273.35714285714283
fronius_plant_52kWpsensor_card1,2026-05-19 11:00:00,31.428571428571427,28.085714285714285,339.42857142857144
fronius_plant_52kWpsensor_card1,2026-05-19 12:00:00,34.609756097560975,30.121951219512194,438.4390243902439
fronius_plant_52kWpsensor_card1,2026-05-19 13:00:00,37.68181818181818,31.40909090909091,482.97727272727275
fronius_plant_52kWpsensor_card1,2026-05-19 14:00:00,35.44186046511628,31.186046511627907,328.30232558139534
fronius_plant_52kWpsensor_card1,2026-05-19 15:00:00,33.43181818181818,30.90909090909091,253.75
fronius_plant_52kWpsensor_card1,2026-05-19 16:00:00,30.710526315789473,29.605263157894736,133.6315789473684
fronius_plant_52kWpsensor_card1,2026-05-19 17:00:00,28.325581395348838,27.86046511627907,37.86046511627907
fronius_plant_52kWpsensor_card1,2026-05-19 18:00:00,26.75,27.0,0.75
fronius_plant_52kWpsensor_card1,2026-05-19 22:00:00,23.0,23.0,0.0
fronius_plant_52kWpsensor_card1,2026-05-20 01:00:00,21.0,22.0,0.0
fronius_plant_52kWpsensor_card1,2026-05-20 05:00:00,21.0,21.0,3.0
fronius_plant_52kWpsensor_card1,2026-05-20 06:00:00,22.166666666666668,21.642857142857142,62.61904761904762
fronius_plant_52kWpsensor_card1,2026-05-20 07:00:00,25.11111111111111,23.266666666666666,150.11111111111111
fronius_plant_52kWpsensor_card1,2026-05-20 08:00:00,32.08695652173913,27.065217391304348,418.5652173913044
fronius_plant_52kWpsensor_card1,2026-05-20 09:00:00,38.48888888888889,31.177777777777777,612.3333333333334
fronius_plant_52kWpsensor_card1,2026-05-20 10:00:00,42.72727272727273,34.04545454545455,741.6590909090909
fronius_plant_52kWpsensor_card1,2026-05-20 11:00:00,46.28888888888889,36.75555555555555,805.4
fronius_plant_52kWpsensor_card1,2026-05-20 12:00:00,46.108695652173914,38.0,636.3260869565217
fronius_plant_52kWpsensor_card1,2026-05-20 13:00:00,40.54347826086956,36.43478260869565,560.8695652173913
fronius_plant_52kWpsensor_card1,2026-05-20 14:00:00,41.80434782608695,37.34782608695652,611.2608695652174
fronius_plant_52kWpsensor_card1,2026-05-20 15:00:00,34.63636363636363,32.86363636363637,104.31818181818181
fronius_plant_52kWpsensor_card1,2026-05-20 16:00:00,32.55555555555556,31.583333333333332,79.19444444444444
fronius_plant_52kWpsensor_card1,2026-05-20 17:00:00,30.615384615384617,30.26923076923077,20.076923076923077
fronius_plant_52kWpsensor_card1,2026-05-20 18:00:00,29.5,29.0,0.0
fronius_plant_52kWpsensor_card1,2026-05-20 21:00:00,26.0,26.0,0.0
fronius_plant_52kWpsensor_card1,2026-05-20 22:00:00,25.0,25.0,0.0
fronius_plant_52kWpsensor_card1,2026-05-21 01:00:00,24.0,24.0,0.0
fronius_plant_52kWpsensor_card1,2026-05-21 05:00:00,22.833333333333332,23.0,1.3333333333333333
fronius_plant_52kWpsensor_card1,2026-05-21 06:00:00,23.243243243243242,23.10810810810811,35.24324324324324
fronius_plant_52kWpsensor_card1,2026-05-21 07:00:00,25.318181818181817,24.15909090909091,116.88636363636364
fronius_plant_52kWpsensor_card1,2026-05-21 08:00:00,28.454545454545453,25.65909090909091,244.4318181818182
fronius_plant_52kWpsensor_card1,2026-05-21 09:00:00,31.84090909090909,27.40909090909091,415.6136363636364
fronius_plant_52kWpsensor_card1,2026-05-21 10:00:00,36.422222222222224,30.511111111111113,577.5555555555555
fronius_plant_52kWpsensor_card1,2026-05-21 11:00:00,36.93333333333333,31.4,617.8666666666667
fronius_plant_52kWpsensor_card1,2026-05-21 12:00:00,39.52272727272727,33.13636363636363,585.4318181818181
fronius_plant_52kWpsensor_card1,2026-05-21 13:00:00,38.53333333333333,32.93333333333333,598.8666666666667
fronius_plant_52kWpsensor_card1,2026-05-21 14:00:00,39.43181818181818,34.54545454545455,581.4090909090909
fronius_plant_52kWpsensor_card1,2026-05-21 15:00:00,36.15555555555556,33.044444444444444,437.31111111111113
fronius_plant_52kWpsensor_card1,2026-05-21 16:00:00,31.928571428571427,30.595238095238095,191.95238095238096
fronius_plant_52kWpsensor_card1,2026-05-21 17:00:00,28.970588235294116,28.058823529411764,28.08823529411765
fronius_plant_52kWpsensor_card1,2026-05-21 18:00:00,27.666666666666668,27.333333333333332,0.0
fronius_plant_52kWpsensor_card1,2026-05-21 21:00:00,21.0,21.0,0.0
fronius_plant_52kWpsensor_card1,2026-05-22 05:00:00,20.75,20.625,8.125
fronius_plant_52kWpsensor_card1,2026-05-22 06:00:00,21.40625,21.09375,53.84375
fronius_plant_52kWpsensor_card1,2026-05-22 07:00:00,26.285714285714285,23.642857142857142,216.97619047619048
fronius_plant_52kWpsensor_card1,2026-05-22 08:00:00,33.166666666666664,27.666666666666668,452.8333333333333
fronius_plant_52kWpsensor_card1,2026-05-22 09:00:00,35.91111111111111,29.266666666666666,477.0888888888889
fronius_plant_52kWpsensor_card1,2026-05-22 10:00:00,38.28888888888889,31.488888888888887,570.8444444444444
fronius_plant_52kWpsensor_card1,2026-05-22 11:00:00,40.38636363636363,33.47727272727273,839.2045454545455
fronius_plant_52kWpsensor_card1,2026-05-22 12:00:00,37.72727272727273,33.18181818181818,598.7272727272727
fronius_plant_52kWpsensor_card1,2026-05-22 13:00:00,43.02325581395349,37.13953488372093,783.4651162790698
fronius_plant_52kWpsensor_card1,2026-05-22 14:00:00,42.214285714285715,36.666666666666664,616.1666666666666
fronius_plant_52kWpsensor_card1,2026-05-22 15:00:00,38.883720930232556,35.48837209302326,441.5348837209302
fronius_plant_52kWpsensor_card1,2026-05-22 16:00:00,35.31578947368421,33.81578947368421,156.68421052631578
fronius_plant_52kWpsensor_card1,2026-05-22 17:00:00,30.11111111111111,29.666666666666668,32.80555555555556
fronius_plant_52kWpsensor_card1,2026-05-22 18:00:00,28.4,28.4,1.0
fronius_plant_52kWpsensor_card1,2026-05-22 20:00:00,25.0,25.0,0.0
fronius_plant_52kWpsensor_card1,2026-05-22 21:00:00,24.0,24.0,0.0
fronius_plant_52kWpsensor_card1,2026-05-23 04:00:00,21.0,21.0,0.0
fronius_plant_52kWpsensor_card1,2026-05-23 05:00:00,20.11111111111111,20.88888888888889,5.5
fronius_plant_52kWpsensor_card1,2026-05-23 06:00:00,22.186046511627907,21.88372093023256,77.3953488372093
fronius_plant_52kWpsensor_card1,2026-05-23 07:00:00,26.906976744186046,24.441860465116278,196.41860465116278
fronius_plant_52kWpsensor_card1,2026-05-23 08:00:00,32.022222222222226,27.266666666666666,396.02222222222224
fronius_plant_52kWpsensor_card1,2026-05-23 09:00:00,38.02272727272727,30.954545454545453,563.4090909090909
fronius_plant_52kWpsensor_card1,2026-05-23 10:00:00,39.75,32.65909090909091,624.5681818181819
fronius_plant_52kWpsensor_card1,2026-05-23 11:00:00,36.71111111111111,31.822222222222223,423.1111111111111
fronius_plant_52kWpsensor_card1,2026-05-23 12:00:00,35.68181818181818,32.34090909090909,374.0681818181818
fronius_plant_52kWpsensor_card1,2026-05-23 13:00:00,40.52272727272727,35.29545454545455,618.9545454545455
fronius_plant_52kWpsensor_card1,2026-05-23 14:00:00,38.61363636363637,34.27272727272727,429.02272727272725
fronius_plant_52kWpsensor_card1,2026-05-23 15:00:00,35.31818181818182,32.84090909090909,292.52272727272725
fronius_plant_52kWpsensor_card1,2026-05-23 16:00:00,33.15,31.525,161.55
fronius_plant_52kWpsensor_card1,2026-05-23 17:00:00,30.348837209302324,29.674418604651162,51.16279069767442
fronius_plant_52kWpsensor_card1,2026-05-23 18:00:00,28.333333333333332,27.666666666666668,1.1666666666666667
fronius_plant_52kWpsensor_card1,2026-05-23 21:00:00,25.0,25.0,0.0
fronius_plant_52kWpsensor_card1,2026-05-23 22:00:00,23.0,23.0,0.0
fronius_plant_52kWpsensor_card1,2026-05-24 05:00:00,20.0,20.0,3.5
fronius_plant_52kWpsensor_card1,2026-05-24 06:00:00,20.0,20.217391304347824,28.47826086956522
fronius_plant_52kWpsensor_card1,2026-05-24 07:00:00,23.456521739130434,22.217391304347824,161.54347826086956
fronius_plant_52kWpsensor_card1,2026-05-24 08:00:00,32.15909090909091,26.25,431.54545454545456
fronius_plant_52kWpsensor_card1,2026-05-24 09:00:00,38.15555555555556,29.844444444444445,615.7111111111111
fronius_plant_52kWpsensor_card1,2026-05-24 10:00:00,41.13953488372093,32.25581395348837,736.6976744186046
fronius_plant_52kWpsensor_card1,2026-05-24 11:00:00,43.18421052631579,34.28947368421053,826.1578947368421
fronius_plant_52kWpsensor_card1,2026-05-24 12:00:00,41.425,34.55,836.575
fronius_plant_52kWpsensor_card1,2026-05-24 13:00:00,40.75,34.95454545454545,725.7272727272727
fronius_plant_52kWpsensor_card1,2026-05-24 14:00:00,41.18181818181818,36.15909090909091,675.2727272727273
fronius_plant_52kWpsensor_card1,2026-05-24 15:00:00,38.13636363636363,34.81818181818182,389.1818181818182
fronius_plant_52kWpsensor_card1,2026-05-24 16:00:00,35.333333333333336,34.51111111111111,217.77777777777777
fronius_plant_52kWpsensor_card1,2026-05-24 17:00:00,30.78048780487805,29.804878048780488,49.048780487804876
fronius_plant_52kWpsensor_card1,2026-05-24 18:00:00,28.0,27.75,0.0
fronius_plant_52kWpsensor_card1,2026-05-24 20:00:00,25.0,25.0,0.0
fronius_plant_52kWpsensor_card1,2026-05-24 21:00:00,24.0,24.0,0.0
fronius_plant_52kWpsensor_card1,2026-05-24 22:00:00,24.0,23.0,0.0
fronius_plant_52kWpsensor_card1,2026-05-25 04:00:00,23.0,23.0,0.0
fronius_plant_52kWpsensor_card1,2026-05-25 05:00:00,22.0,22.0,7.625
fronius_plant_52kWpsensor_card1,2026-05-25 06:00:00,23.16216216216216,23.135135135135137,44.7027027027027
fronius_plant_52kWpsensor_card1,2026-05-25 07:00:00,25.375,24.0625,101.0
fronius_plant_52kWpsensor_card1,2026-05-25 08:00:00,27.136363636363637,25.045454545454547,190.45454545454547
fronius_plant_52kWpsensor_card1,2026-05-25 09:00:00,32.82222222222222,28.133333333333333,437.5111111111111
fronius_plant_52kWpsensor_card1,2026-05-25 10:00:00,38.55555555555556,31.266666666666666,626.8666666666667
fronius_plant_52kWpsensor_card1,2026-05-25 11:00:00,43.16279069767442,34.18604651162791,726.1627906976744
fronius_plant_52kWpsensor_card1,2026-05-25 12:00:00,40.8,34.888888888888886,555.6222222222223
fronius_plant_52kWpsensor_card1,2026-05-25 13:00:00,37.27272727272727,33.11363636363637,245.5909090909091
fronius_plant_52kWpsensor_card1,2026-05-25 14:00:00,34.51111111111111,31.666666666666668,314.1333333333333
fronius_plant_52kWpsensor_card1,2026-05-25 15:00:00,32.73170731707317,30.609756097560975,241.0731707317073
fronius_plant_52kWpsensor_card1,2026-05-25 16:00:00,30.029411764705884,28.88235294117647,110.08823529411765
fronius_plant_52kWpsensor_card1,2026-05-25 17:00:00,28.526315789473685,27.736842105263158,41.13157894736842
fronius_plant_52kWpsensor_card1,2026-05-25 18:00:00,26.75,26.5,0.25
fronius_plant_52kWpsensor_card1,2026-05-25 21:00:00,25.0,25.0,0.0
fronius_plant_52kWpsensor_card1,2026-05-25 22:00:00,24.0,24.0,0.0
fronius_plant_52kWpsensor_card1,2026-05-26 05:00:00,22.0,22.0,7.777777777777778
fronius_plant_52kWpsensor_card1,2026-05-26 06:00:00,23.121951219512194,22.5609756097561,66.34146341463415
fronius_plant_52kWpsensor_card1,2026-05-26 07:00:00,27.386363636363637,24.977272727272727,229.38636363636363
fronius_plant_52kWpsensor_card1,2026-05-26 08:00:00,32.68181818181818,28.363636363636363,405.27272727272725
fronius_plant_52kWpsensor_card1,2026-05-26 09:00:00,37.372093023255815,30.74418604651163,574.8139534883721
fronius_plant_52kWpsensor_card1,2026-05-26 10:00:00,36.977777777777774,31.288888888888888,432.8222222222222
fronius_plant_52kWpsensor_card1,2026-05-26 11:00:00,40.644444444444446,34.06666666666667,714.0222222222222
fronius_plant_52kWpsensor_card1,2026-05-26 12:00:00,41.84090909090909,35.68181818181818,599.9772727272727
fronius_plant_52kWpsensor_card1,2026-05-26 13:00:00,38.51111111111111,34.6,454.6666666666667
fronius_plant_52kWpsensor_card1,2026-05-26 14:00:00,34.51111111111111,32.24444444444445,266.7111111111111
fronius_plant_52kWpsensor_card1,2026-05-26 15:00:00,32.078947368421055,30.605263157894736,90.26315789473684
fronius_plant_52kWpsensor_card1,2026-05-26 16:00:00,30.64864864864865,29.81081081081081,102.32432432432432
fronius_plant_52kWpsensor_card1,2026-05-26 17:00:00,29.416666666666668,28.25,37.05555555555556
fronius_plant_52kWpsensor_card1,2026-05-26 18:00:00,27.5,27.0,1.5
fronius_plant_52kWpsensor_card1,2026-05-26 21:00:00,25.0,25.0,0.0
fronius_plant_52kWpsensor_card1,2026-05-26 22:00:00,25.0,24.0,0.0
fronius_plant_52kWpsensor_card1,2026-05-27 00:00:00,24.0,24.0,0.0
fronius_plant_52kWpsensor_card1,2026-05-27 05:00:00,22.8,22.2,1.4
fronius_plant_52kWpsensor_card1,2026-05-27 06:00:00,23.37142857142857,22.942857142857143,31.485714285714284
fronius_plant_52kWpsensor_card1,2026-05-27 07:00:00,25.3,23.75,115.9
fronius_plant_52kWpsensor_card1,2026-05-27 08:00:00,29.0,26.0,259.925
fronius_plant_52kWpsensor_card1,2026-05-27 09:00:00,32.79545454545455,28.477272727272727,378.84090909090907
fronius_plant_52kWpsensor_card1,2026-05-27 10:00:00,35.4,30.31111111111111,503.7111111111111
fronius_plant_52kWpsensor_card1,2026-05-27 11:00:00,37.59090909090909,32.18181818181818,530.75
fronius_plant_52kWpsensor_card1,2026-05-27 12:00:00,41.29545454545455,34.36363636363637,766.7045454545455
fronius_plant_52kWpsensor_card1,2026-05-27 13:00:00,40.11363636363637,34.70454545454545,453.1136363636364
fronius_plant_52kWpsensor_card1,2026-05-27 14:00:00,39.84444444444444,35.666666666666664,518.6444444444444
fronius_plant_52kWpsensor_card1,2026-05-27 15:00:00,38.07142857142857,35.07142857142857,362.1666666666667
fronius_plant_52kWpsensor_card1,2026-05-27 16:00:00,33.1025641025641,31.76923076923077,107.51282051282051
fronius_plant_52kWpsensor_card1,2026-05-27 17:00:00,30.285714285714285,29.857142857142858,15.571428571428571
fronius_plant_52kWpsensor_card1,2026-05-27 18:00:00,29.333333333333332,28.666666666666668,0.0
fronius_plant_52kWpsensor_card1,2026-05-27 21:00:00,25.0,25.0,0.0
fronius_plant_52kWpsensor_card1,2026-05-27 22:00:00,24.0,24.0,0.0
fronius_plant_52kWpsensor_card1,2026-05-28 05:00:00,21.0,21.555555555555557,1.8888888888888888
fronius_plant_52kWpsensor_card1,2026-05-28 06:00:00,22.756756756756758,22.594594594594593,53.16216216216216
fronius_plant_52kWpsensor_card1,2026-05-28 07:00:00,27.976190476190474,25.428571428571427,200.52380952380952
fronius_plant_52kWpsensor_card1,2026-05-28 08:00:00,33.38095238095238,28.523809523809526,395.35714285714283
fronius_plant_52kWpsensor_card1,2026-05-28 09:00:00,38.93181818181818,31.681818181818183,603.8863636363636
fronius_plant_52kWpsensor_card1,2026-05-28 10:00:00,42.022222222222226,34.08888888888889,643.5333333333333
fronius_plant_52kWpsensor_card1,2026-05-28 11:00:00,37.38636363636363,33.15909090909091,289.1363636363636
fronius_plant_52kWpsensor_card1,2026-05-28 12:00:00,35.523809523809526,32.595238095238095,356.6666666666667
fronius_plant_52kWpsensor_card1,2026-05-28 13:00:00,30.522727272727273,28.15909090909091,94.88636363636364
fronius_plant_52kWpsensor_card1,2026-05-28 14:00:00,23.677419354838708,23.516129032258064,48.483870967741936
fronius_plant_52kWpsensor_card1,2026-05-28 15:00:00,26.0,24.86842105263158,129.68421052631578
fronius_plant_52kWpsensor_card1,2026-05-28 16:00:00,27.244444444444444,25.644444444444446,110.71111111111111
fronius_plant_52kWpsensor_card1,2026-05-28 17:00:00,25.7,25.0,36.05
fronius_plant_52kWpsensor_card1,2026-05-28 18:00:00,24.5,24.625,0.875
fronius_plant_52kWpsensor_card1,2026-05-28 21:00:00,23.0,23.0,0.0
fronius_plant_52kWpsensor_card1,2026-05-29 05:00:00,21.333333333333332,21.0,0.5555555555555556
fronius_plant_52kWpsensor_card1,2026-05-29 06:00:00,22.025,21.975,34.125
fronius_plant_52kWpsensor_card1,2026-05-29 07:00:00,23.8,23.22222222222222,90.62222222222222
fronius_plant_52kWpsensor_card1,2026-05-29 08:00:00,24.92105263157895,23.68421052631579,102.5
fronius_plant_52kWpsensor_card1,2026-05-29 09:00:00,28.46511627906977,25.627906976744185,255.7674418604651
fronius_plant_52kWpsensor_card1,2026-05-29 10:00:00,28.102564102564102,25.871794871794872,160.76923076923077
fronius_plant_52kWpsensor_card1,2026-05-29 11:00:00,25.15909090909091,23.84090909090909,264.75
fronius_plant_52kWpsensor_card1,2026-05-29 12:00:00,29.31111111111111,25.88888888888889,418.46666666666664
fronius_plant_52kWpsensor_card1,2026-05-29 13:00:00,31.84090909090909,27.65909090909091,505.45454545454544
fronius_plant_52kWpsensor_card1,2026-05-29 14:00:00,31.931818181818183,28.068181818181817,430.6818181818182
fronius_plant_52kWpsensor_card1,2026-05-29 15:00:00,32.5,29.022727272727273,256.04545454545456
fronius_plant_52kWpsensor_card1,2026-05-29 16:00:00,29.953488372093023,27.790697674418606,119.30232558139535
fronius_plant_52kWpsensor_card1,2026-05-29 17:00:00,25.51851851851852,24.555555555555557,6.851851851851852
fronius_plant_52kWpsensor_card1,2026-05-29 18:00:00,23.875,23.375,0.0
fronius_plant_52kWpsensor_card1,2026-05-29 20:00:00,22.0,22.0,0.0
fronius_plant_52kWpsensor_card1,2026-05-29 21:00:00,21.0,21.0,0.0
fronius_plant_52kWpsensor_card1,2026-05-30 05:00:00,20.6,20.2,0.6
fronius_plant_52kWpsensor_card1,2026-05-30 06:00:00,21.394736842105264,20.973684210526315,50.078947368421055
fronius_plant_52kWpsensor_card1,2026-05-30 07:00:00,25.75,23.545454545454547,189.97727272727272
fronius_plant_52kWpsensor_card1,2026-05-30 08:00:00,31.162790697674417,26.488372093023255,396.27906976744185
fronius_plant_52kWpsensor_card1,2026-05-30 09:00:00,36.56521739130435,29.391304347826086,608.4347826086956
fronius_plant_52kWpsensor_card1,2026-05-30 10:00:00,40.06666666666667,32.17777777777778,765.1555555555556
fronius_plant_52kWpsensor_card1,2026-05-30 11:00:00,40.355555555555554,33.53333333333333,518.8444444444444
fronius_plant_52kWpsensor_card1,2026-05-30 12:00:00,33.51111111111111,30.88888888888889,295.77777777777777
fronius_plant_52kWpsensor_card1,2026-05-30 13:00:00,38.56521739130435,33.73913043478261,554.8478260869565
fronius_plant_52kWpsensor_card1,2026-05-30 14:00:00,40.21739130434783,34.91304347826087,599.3478260869565
fronius_plant_52kWpsensor_card1,2026-05-30 15:00:00,36.90909090909091,32.95454545454545,280.97727272727275
fronius_plant_52kWpsensor_card1,2026-05-30 16:00:00,31.214285714285715,29.761904761904763,128.57142857142858
fronius_plant_52kWpsensor_card1,2026-05-30 17:00:00,27.384615384615383,26.666666666666668,34.92307692307692
fronius_plant_52kWpsensor_card1,2026-05-30 18:00:00,25.75,25.5,1.0
fronius_plant_52kWpsensor_card1,2026-05-30 21:00:00,23.0,23.0,0.0
fronius_plant_52kWpsensor_card1,2026-05-30 22:00:00,22.0,23.0,0.0
fronius_plant_52kWpsensor_card1,2026-05-31 05:00:00,19.90909090909091,20.0,5.818181818181818
fronius_plant_52kWpsensor_card1,2026-05-31 06:00:00,21.925,21.45,67.5
fronius_plant_52kWpsensor_card1,2026-05-31 07:00:00,26.630434782608695,24.195652173913043,174.32608695652175
fronius_plant_52kWpsensor_card1,2026-05-31 08:00:00,32.53333333333333,27.08888888888889,428.64444444444445
fronius_plant_52kWpsensor_card1,2026-05-31 09:00:00,39.21739130434783,31.41304347826087,613.9565217391304
fronius_plant_52kWpsensor_card1,2026-05-31 10:00:00,40.68181818181818,33.86363636363637,636.7727272727273
fronius_plant_52kWpsensor_card1,2026-05-31 11:00:00,37.15217391304348,33.28260869565217,558.5217391304348
fronius_plant_52kWpsensor_card1,2026-05-31 12:00:00,43.54545454545455,36.93181818181818,797.8181818181819
fronius_plant_52kWpsensor_card1,2026-05-31 13:00:00,40.52173913043478,35.67391304347826,566.0217391304348
fronius_plant_52kWpsensor_card1,2026-05-31 14:00:00,42.891304347826086,37.47826086956522,639.8260869565217
fronius_plant_52kWpsensor_card1,2026-05-31 15:00:00,40.23809523809524,36.666666666666664,455.6904761904762
fronius_plant_52kWpsensor_card1,2026-05-31 16:00:00,36.093023255813954,34.58139534883721,193.32558139534885
fronius_plant_52kWpsensor_card1,2026-05-31 17:00:00,30.423076923076923,30.23076923076923,29.26923076923077
fronius_plant_52kWpsensor_card1,2026-05-31 18:00:00,28.9,28.6,3.9
fronius_plant_52kWpsensor_card1,2026-05-31 20:00:00,26.0,26.0,0.0
fronius_plant_52kWpsensor_card1,2026-05-31 21:00:00,25.0,25.0,0.0
fronius_plant_52kWpsensor_card1,2026-06-01 02:00:00,23.0,23.0,0.0
fronius_plant_52kWpsensor_card1,2026-06-01 04:00:00,21.0,22.0,0.0
fronius_plant_52kWpsensor_card1,2026-06-01 05:00:00,21.0,21.285714285714285,1.0
fronius_plant_52kWpsensor_card1,2026-06-01 06:00:00,21.926829268292682,22.121951219512194,32.80487804878049
fronius_plant_52kWpsensor_card1,2026-06-01 07:00:00,26.795454545454547,24.613636363636363,230.9090909090909
fronius_plant_52kWpsensor_card1,2026-06-01 08:00:00,31.34090909090909,27.40909090909091,431.1818181818182
fronius_plant_52kWpsensor_card1,2026-06-01 09:00:00,37.06666666666667,30.666666666666668,615.0888888888888
fronius_plant_52kWpsensor_card1,2026-06-01 10:00:00,40.04347826086956,32.891304347826086,724.8260869565217
fronius_plant_52kWpsensor_card1,2026-06-01 11:00:00,37.84782608695652,32.391304347826086,411.2391304347826
fronius_plant_52kWpsensor_card1,2026-06-01 12:00:00,40.06521739130435,35.04347826086956,622.3478260869565
fronius_plant_52kWpsensor_card1,2026-06-01 13:00:00,41.391304347826086,36.06521739130435,456.9782608695652
fronius_plant_52kWpsensor_card1,2026-06-01 14:00:00,37.62222222222222,34.37777777777778,418.93333333333334
fronius_plant_52kWpsensor_card1,2026-06-01 15:00:00,37.63636363636363,34.52272727272727,266.02272727272725
fronius_plant_52kWpsensor_card1,2026-06-01 16:00:00,32.1025641025641,31.025641025641026,60.97435897435897
fronius_plant_52kWpsensor_card1,2026-06-01 17:00:00,28.346153846153847,27.576923076923077,17.615384615384617
fronius_plant_52kWpsensor_card1,2026-06-01 18:00:00,26.5,26.0,0.0
fronius_plant_52kWpsensor_card1,2026-06-01 21:00:00,24.0,24.0,0.0
fronius_plant_52kWpsensor_card1,2026-06-02 05:00:00,21.625,22.0,5.625
fronius_plant_52kWpsensor_card1,2026-06-02 06:00:00,22.6,22.377777777777776,52.111111111111114
fronius_plant_52kWpsensor_card1,2026-06-02 07:00:00,25.790697674418606,24.162790697674417,160.7906976744186
fronius_plant_52kWpsensor_card1,2026-06-02 08:00:00,31.775,27.35,373.2
fronius_plant_52kWpsensor_card1,2026-06-02 09:00:00,36.04545454545455,29.863636363636363,471.52272727272725
fronius_plant_52kWpsensor_card1,2026-06-02 10:00:00,39.31818181818182,32.36363636363637,619.2045454545455
fronius_plant_52kWpsensor_card1,2026-06-02 11:00:00,41.97674418604651,34.83720930232558,653.8604651162791
fronius_plant_52kWpsensor_card1,2026-06-02 12:00:00,39.44444444444444,34.4,417.31111111111113
fronius_plant_52kWpsensor_card1,2026-06-02 13:00:00,36.04651162790697,33.27906976744186,310.3255813953488
fronius_plant_52kWpsensor_card1,2026-06-02 14:00:00,35.59090909090909,33.31818181818182,304.3181818181818
fronius_plant_52kWpsensor_card1,2026-06-02 15:00:00,34.47727272727273,32.29545454545455,250.6590909090909
fronius_plant_52kWpsensor_card1,2026-06-02 16:00:00,32.42307692307692,30.692307692307693,111.07692307692308
fronius_plant_52kWpsensor_card1,2026-06-02 17:00:00,29.463414634146343,28.804878048780488,41.170731707317074
fronius_plant_52kWpsensor_card1,2026-06-02 18:00:00,28.0,28.0,0.0
fronius_plant_52kWpsensor_card1,2026-06-02 20:00:00,26.0,27.0,0.0
fronius_plant_52kWpsensor_card1,2026-06-02 21:00:00,25.0,25.0,0.0
fronius_plant_52kWpsensor_card1,2026-06-02 22:00:00,24.0,24.0,0.0
fronius_plant_52kWpsensor_card1,2026-06-03 05:00:00,22.9,22.7,2.0
fronius_plant_52kWpsensor_card1,2026-06-03 06:00:00,23.514285714285716,23.114285714285714,38.42857142857143
fronius_plant_52kWpsensor_card1,2026-06-03 07:00:00,25.977777777777778,24.488888888888887,141.62222222222223
fronius_plant_52kWpsensor_card1,2026-06-03 08:00:00,30.068181818181817,26.772727272727273,324.8181818181818
fronius_plant_52kWpsensor_card1,2026-06-03 09:00:00,36.022222222222226,30.266666666666666,537.8666666666667
fronius_plant_52kWpsensor_card1,2026-06-03 10:00:00,36.575,30.875,411.075
fronius_plant_52kWpsensor_card1,2026-06-03 11:00:00,35.27906976744186,30.790697674418606,408.16279069767444
fronius_plant_52kWpsensor_card1,2026-06-03 12:00:00,32.06818181818182,28.522727272727273,211.0
fronius_plant_52kWpsensor_card1,2026-06-03 13:00:00,25.886363636363637,25.113636363636363,200.45454545454547
fronius_plant_52kWpsensor_card1,2026-06-03 14:00:00,26.65,25.775,88.6
fronius_plant_52kWpsensor_card1,2026-06-03 15:00:00,23.5625,23.21875,89.15625
fronius_plant_52kWpsensor_card1,2026-06-03 16:00:00,24.294117647058822,23.58823529411765,98.41176470588235
fronius_plant_52kWpsensor_card1,2026-06-03 17:00:00,24.03448275862069,23.379310344827587,21.103448275862068
fronius_plant_52kWpsensor_card1,2026-06-03 18:00:00,23.333333333333332,23.0,0.0
fronius_plant_52kWpsensor_card1,2026-06-03 22:00:00,23.0,22.0,0.0
fronius_plant_52kWpsensor_card1,2026-06-04 05:00:00,20.0,20.0,3.25
fronius_plant_52kWpsensor_card1,2026-06-04 06:00:00,20.548387096774192,20.225806451612904,30.322580645161292
fronius_plant_52kWpsensor_card1,2026-06-04 07:00:00,22.11111111111111,21.416666666666668,109.88888888888889
fronius_plant_52kWpsensor_card1,2026-06-04 08:00:00,24.886363636363637,22.90909090909091,200.61363636363637
fronius_plant_52kWpsensor_card1,2026-06-04 09:00:00,31.67391304347826,26.282608695652176,501.45652173913044
fronius_plant_52kWpsensor_card1,2026-06-04 10:00:00,34.97826086956522,28.347826086956523,488.82608695652175
fronius_plant_52kWpsensor_card1,2026-06-04 11:00:00,24.227272727272727,22.5,191.77272727272728
fronius_plant_52kWpsensor_card1,2026-06-04 12:00:00,25.375,23.7,243.475
fronius_plant_52kWpsensor_card1,2026-06-04 13:00:00,30.933333333333334,27.355555555555554,476.68888888888887
fronius_plant_52kWpsensor_card1,2026-06-04 14:00:00,35.43181818181818,29.863636363636363,376.1363636363636
fronius_plant_52kWpsensor_card1,2026-06-04 15:00:00,29.822222222222223,27.444444444444443,183.95555555555555
fronius_plant_52kWpsensor_card1,2026-06-04 16:00:00,24.5,23.789473684210527,91.26315789473684
fronius_plant_52kWpsensor_card1,2026-06-04 17:00:00,24.178571428571427,23.75,18.178571428571427
fronius_plant_52kWpsensor_card1,2026-06-04 18:00:00,23.0,23.0,0.0
fronius_plant_52kWpsensor_card1,2026-06-04 20:00:00,23.0,22.0,0.0
fronius_plant_52kWpsensor_card1,2026-06-04 21:00:00,22.0,22.0,0.0
fronius_plant_52kWpsensor_card1,2026-06-05 05:00:00,19.454545454545453,19.454545454545453,0.09090909090909091
fronius_plant_52kWpsensor_card1,2026-06-05 06:00:00,19.73170731707317,19.390243902439025,31.73170731707317
fronius_plant_52kWpsensor_card1,2026-06-05 07:00:00,21.155555555555555,20.444444444444443,143.0
fronius_plant_52kWpsensor_card1,2026-06-05 08:00:00,24.710526315789473,22.263157894736842,267.3157894736842
fronius_plant_52kWpsensor_card1,2026-06-05 09:00:00,27.902439024390244,24.585365853658537,365.6585365853659
fronius_plant_52kWpsensor_card1,2026-06-05 10:00:00,33.325581395348834,28.093023255813954,523.1860465116279
fronius_plant_52kWpsensor_card1,2026-06-05 11:00:00,36.644444444444446,30.31111111111111,580.2
fronius_plant_52kWpsensor_card1,2026-06-05 12:00:00,39.266666666666666,32.333333333333336,626.1333333333333
fronius_plant_52kWpsensor_card1,2026-06-05 13:00:00,33.357142857142854,29.833333333333332,387.5952380952381
fronius_plant_52kWpsensor_card1,2026-06-05 14:00:00,31.627906976744185,28.627906976744185,243.53488372093022
fronius_plant_52kWpsensor_card1,2026-06-05 15:00:00,28.17142857142857,26.885714285714286,131.4
fronius_plant_52kWpsensor_card1,2026-06-05 16:00:00,27.51219512195122,26.170731707317074,103.65853658536585
fronius_plant_52kWpsensor_card1,2026-06-05 17:00:00,25.76923076923077,25.102564102564102,36.666666666666664
fronius_plant_52kWpsensor_card1,2026-06-05 18:00:00,24.8,24.2,1.8
fronius_plant_52kWpsensor_card1,2026-06-05 22:00:00,23.0,22.0,0.0
fronius_plant_52kWpsensor_card1,2026-06-06 00:00:00,22.0,22.0,0.0
fronius_plant_52kWpsensor_card1,2026-06-06 05:00:00,20.5,20.0,0.0
fronius_plant_52kWpsensor_card1,2026-06-06 06:00:00,20.379310344827587,20.0,13.827586206896552
fronius_plant_52kWpsensor_card1,2026-06-06 07:00:00,21.054054054054053,20.675675675675677,64.24324324324324
fronius_plant_52kWpsensor_card1,2026-06-06 08:00:00,22.844444444444445,21.711111111111112,162.3111111111111
fronius_plant_52kWpsensor_card1,2026-06-06 09:00:00,26.95744680851064,24.04255319148936,304.27659574468083
fronius_plant_52kWpsensor_card1,2026-06-06 10:00:00,32.97727272727273,27.204545454545453,517.2272727272727
fronius_plant_52kWpsensor_card1,2026-06-06 11:00:00,40.40425531914894,31.361702127659573,777.3404255319149
fronius_plant_52kWpsensor_card1,2026-06-06 12:00:00,38.37777777777778,31.955555555555556,471.5777777777778
fronius_plant_52kWpsensor_card1,2026-06-06 13:00:00,25.904761904761905,24.238095238095237,91.57142857142857
fronius_plant_52kWpsensor_card1,2026-06-06 14:00:00,21.342105263157894,20.526315789473685,57.60526315789474
fronius_plant_52kWpsensor_card1,2026-06-06 15:00:00,22.428571428571427,20.952380952380953,69.64285714285714
fronius_plant_52kWpsensor_card1,2026-06-06 16:00:00,22.86842105263158,22.31578947368421,78.36842105263158
fronius_plant_52kWpsensor_card1,2026-06-06 17:00:00,22.194444444444443,22.0,28.75
fronius_plant_52kWpsensor_card1,2026-06-06 18:00:00,21.272727272727273,21.454545454545453,1.1818181818181819
fronius_plant_52kWpsensor_card1,2026-06-07 00:00:00,20.0,20.0,0.0
fronius_plant_52kWpsensor_card1,2026-06-07 01:00:00,20.0,19.0,0.0
fronius_plant_52kWpsensor_card1,2026-06-07 04:00:00,19.0,19.0,0.0
fronius_plant_52kWpsensor_card1,2026-06-07 05:00:00,20.0,19.285714285714285,1.0
fronius_plant_52kWpsensor_card1,2026-06-07 06:00:00,20.142857142857142,19.714285714285715,34.57142857142857
fronius_plant_52kWpsensor_card1,2026-06-07 07:00:00,21.703703703703702,20.48148148148148,76.51851851851852
fronius_plant_52kWpsensor_card1,2026-06-07 08:00:00,22.52777777777778,20.916666666666668,122.22222222222223
fronius_plant_52kWpsensor_card1,2026-06-07 09:00:00,23.78048780487805,21.75609756097561,235.53658536585365
fronius_plant_52kWpsensor_card1,2026-06-07 10:00:00,23.6,22.125,199.0
fronius_plant_52kWpsensor_card1,2026-06-07 11:00:00,21.404761904761905,19.928571428571427,90.76190476190476
fronius_plant_52kWpsensor_card1,2026-06-07 12:00:00,22.386363636363637,19.931818181818183,249.1590909090909
fronius_plant_52kWpsensor_card1,2026-06-07 13:00:00,25.795454545454547,22.545454545454547,314.9318181818182
fronius_plant_52kWpsensor_card1,2026-06-07 14:00:00,28.05128205128205,24.17948717948718,266.15384615384613
fronius_plant_52kWpsensor_card1,2026-06-07 15:00:00,24.65909090909091,22.727272727272727,74.86363636363636
fronius_plant_52kWpsensor_card1,2026-06-07 16:00:00,20.565217391304348,20.0,33.30434782608695
fronius_plant_52kWpsensor_card1,2026-06-07 17:00:00,20.275862068965516,20.0,17.310344827586206
fronius_plant_52kWpsensor_card1,2026-06-07 18:00:00,20.0,19.5,0.0
fronius_plant_52kWpsensor_card1,2026-06-08 05:00:00,18.0,18.0,2.0
fronius_plant_52kWpsensor_card1,2026-06-08 06:00:00,19.342105263157894,18.63157894736842,44.1578947368421
fronius_plant_52kWpsensor_card1,2026-06-08 07:00:00,21.452380952380953,20.476190476190474,165.85714285714286
fronius_plant_52kWpsensor_card1,2026-06-08 08:00:00,24.5,21.91176470588235,193.14705882352942
fronius_plant_52kWpsensor_card1,2026-06-08 09:00:00,24.526315789473685,22.026315789473685,159.39473684210526
fronius_plant_52kWpsensor_card1,2026-06-08 10:00:00,26.73170731707317,23.4390243902439,346.7317073170732
fronius_plant_52kWpsensor_card1,2026-06-08 11:00:00,32.869565217391305,26.67391304347826,550.0
fronius_plant_52kWpsensor_card1,2026-06-08 12:00:00,39.869565217391305,30.934782608695652,750.4347826086956
fronius_plant_52kWpsensor_card1,2026-06-08 13:00:00,35.76190476190476,29.666666666666668,506.7857142857143
fronius_plant_52kWpsensor_card1,2026-06-08 14:00:00,33.369565217391305,28.97826086956522,469.3478260869565
fronius_plant_52kWpsensor_card1,2026-06-08 15:00:00,25.347826086956523,24.41304347826087,201.43478260869566
fronius_plant_52kWpsensor_card1,2026-06-08 16:00:00,23.15,22.075,63.45
fronius_plant_52kWpsensor_card1,2026-06-08 17:00:00,20.5,19.944444444444443,7.055555555555555
fronius_plant_52kWpsensor_card1,2026-06-08 18:00:00,20.0,19.636363636363637,0.36363636363636365
fronius_plant_52kWpsensor_card1,2026-06-08 22:00:00,19.0,19.0,0.0
fronius_plant_52kWpsensor_card1,2026-06-09 05:00:00,18.0,18.0,0.0
fronius_plant_52kWpsensor_card1,2026-06-09 06:00:00,18.0,18.0,6.65
fronius_plant_52kWpsensor_card1,2026-06-09 07:00:00,18.24,18.0,27.76
fronius_plant_52kWpsensor_card1,2026-06-09 08:00:00,19.57777777777778,18.533333333333335,104.2
fronius_plant_52kWpsensor_card1,2026-06-09 09:00:00,23.369565217391305,21.08695652173913,317.2391304347826
fronius_plant_52kWpsensor_card1,2026-06-09 10:00:00,32.022222222222226,25.022222222222222,576.2888888888889
fronius_plant_52kWpsensor_card1,2026-06-09 11:00:00,35.26086956521739,27.434782608695652,611.7608695652174
fronius_plant_52kWpsensor_card1,2026-06-09 12:00:00,39.08695652173913,30.23913043478261,749.1521739130435
fronius_plant_52kWpsensor_card1,2026-06-09 13:00:00,40.891304347826086,32.41304347826087,711.8695652173913
fronius_plant_52kWpsensor_card1,2026-06-09 14:00:00,38.65217391304348,32.108695652173914,638.7608695652174
fronius_plant_52kWpsensor_card1,2026-06-09 15:00:00,26.146341463414632,24.024390243902438,110.02439024390245
fronius_plant_52kWpsensor_card1,2026-06-09 16:00:00,21.482758620689655,21.17241379310345,52.793103448275865
fronius_plant_52kWpsensor_card1,2026-06-09 17:00:00,21.735294117647058,22.5,48.35294117647059
fronius_plant_52kWpsensor_card1,2026-06-09 18:00:00,21.1,22.65,7.95
fronius_plant_52kWpsensor_card1,2026-06-09 20:00:00,21.0,21.0,0.0
fronius_plant_52kWpsensor_card1,2026-06-10 05:00:00,19.0,19.0,1.3333333333333333
fronius_plant_52kWpsensor_card1,2026-06-10 06:00:00,19.566666666666666,19.666666666666668,20.966666666666665
fronius_plant_52kWpsensor_card1,2026-06-10 07:00:00,20.82051282051282,20.435897435897434,79.66666666666667
fronius_plant_52kWpsensor_card1,2026-06-10 08:00:00,23.795454545454547,22.181818181818183,254.5681818181818
fronius_plant_52kWpsensor_card1,2026-06-10 09:00:00,30.4,25.844444444444445,479.3777777777778
fronius_plant_52kWpsensor_card1,2026-06-10 10:00:00,39.02173913043478,30.17391304347826,756.8478260869565
fronius_plant_52kWpsensor_card1,2026-06-10 11:00:00,41.02173913043478,32.67391304347826,648.9565217391304
fronius_plant_52kWpsensor_card1,2026-06-10 12:00:00,41.44444444444444,33.48888888888889,744.3555555555556
fronius_plant_52kWpsensor_card1,2026-06-10 13:00:00,44.24444444444445,35.888888888888886,720.7333333333333
fronius_plant_52kWpsensor_card1,2026-06-10 14:00:00,39.19565217391305,34.26086956521739,605.804347826087
fronius_plant_52kWpsensor_card1,2026-06-10 15:00:00,28.0,26.476190476190474,79.71428571428571
fronius_plant_52kWpsensor_card1,2026-06-10 16:00:00,22.28,22.64,40.56
fronius_plant_52kWpsensor_card1,2026-06-10 17:00:00,22.0,22.06451612903226,21.516129032258064
fronius_plant_52kWpsensor_card1,2026-06-10 18:00:00,22.0,22.666666666666668,0.0
fronius_plant_52kWpsensor_card1,2026-06-10 21:00:00,22.0,22.0,0.0
fronius_plant_52kWpsensor_card1,2026-06-10 22:00:00,21.0,21.5,0.0
fronius_plant_52kWpsensor_card1,2026-06-11 00:00:00,20.0,20.0,0.0
fronius_plant_52kWpsensor_card1,2026-06-11 05:00:00,20.333333333333332,20.0,3.6666666666666665
fronius_plant_52kWpsensor_card1,2026-06-11 06:00:00,21.35135135135135,20.7027027027027,35.4054054054054
fronius_plant_52kWpsensor_card1,2026-06-11 07:00:00,25.46808510638298,23.0,218.48936170212767
fronius_plant_52kWpsensor_card1,2026-06-11 08:00:00,32.214285714285715,26.19047619047619,442.0
fronius_plant_52kWpsensor_card1,2026-06-11 09:00:00,36.54545454545455,29.363636363636363,596.7272727272727
fronius_plant_52kWpsensor_card1,2026-06-11 10:00:00,40.06818181818182,31.772727272727273,733.0
fronius_plant_52kWpsensor_card1,2026-06-11 11:00:00,43.19047619047619,33.95238095238095,796.5714285714286
fronius_plant_52kWpsensor_card1,2026-06-11 12:00:00,44.75609756097561,35.78048780487805,802.560975609756
fronius_plant_52kWpsensor_card1,2026-06-11 13:00:00,41.48837209302326,35.53488372093023,739.1627906976744
fronius_plant_52kWpsensor_card1,2026-06-11 14:00:00,40.6,35.48888888888889,610.4888888888889
fronius_plant_52kWpsensor_card1,2026-06-11 15:00:00,40.630434782608695,37.06521739130435,429.2173913043478
fronius_plant_52kWpsensor_card1,2026-06-11 16:00:00,37.34782608695652,36.65217391304348,217.82608695652175
fronius_plant_52kWpsensor_card1,2026-06-11 17:00:00,33.16216216216216,32.37837837837838,51.24324324324324
fronius_plant_52kWpsensor_card1,2026-06-11 18:00:00,28.166666666666668,28.166666666666668,1.1666666666666667
fronius_plant_52kWpsensor_card1,2026-06-11 21:00:00,24.0,24.0,0.0
fronius_plant_52kWpsensor_card1,2026-06-12 00:00:00,23.0,23.0,0.0
fronius_plant_52kWpsensor_card1,2026-06-12 05:00:00,21.0,21.333333333333332,1.8888888888888888
fronius_plant_52kWpsensor_card1,2026-06-12 06:00:00,22.076923076923077,21.923076923076923,43.58974358974359
fronius_plant_52kWpsensor_card1,2026-06-12 07:00:00,26.333333333333332,24.444444444444443,180.95555555555555
fronius_plant_52kWpsensor_card1,2026-06-12 08:00:00,30.608695652173914,26.608695652173914,307.10869565217394
fronius_plant_52kWpsensor_card1,2026-06-12 09:00:00,34.891304347826086,29.41304347826087,463.82608695652175
fronius_plant_52kWpsensor_card1,2026-06-12 10:00:00,35.41304347826087,30.369565217391305,388.0217391304348
fronius_plant_52kWpsensor_card1,2026-06-12 11:00:00,36.02173913043478,31.08695652173913,484.7826086956522
fronius_plant_52kWpsensor_card1,2026-06-12 12:00:00,41.91304347826087,34.97826086956522,705.0217391304348
fronius_plant_52kWpsensor_card1,2026-06-12 13:00:00,42.044444444444444,36.577777777777776,702.2444444444444
fronius_plant_52kWpsensor_card1,2026-06-12 14:00:00,41.5,36.80952380952381,623.2619047619048
fronius_plant_52kWpsensor_card1,2026-06-12 15:00:00,40.18604651162791,36.325581395348834,432.06976744186045
fronius_plant_52kWpsensor_card1,2026-06-12 16:00:00,36.55555555555556,35.53333333333333,205.0222222222222
fronius_plant_52kWpsensor_card1,2026-06-12 17:00:00,32.088235294117645,31.558823529411764,39.588235294117645
fronius_plant_52kWpsensor_card1,2026-06-12 18:00:00,28.333333333333332,28.666666666666668,0.0
fronius_plant_52kWpsensor_card1,2026-06-12 21:00:00,25.0,25.0,0.0
fronius_plant_52kWpsensor_card1,2026-06-12 22:00:00,24.0,24.0,0.0
fronius_plant_52kWpsensor_card1,2026-06-13 00:00:00,23.0,24.0,0.0
fronius_plant_52kWpsensor_card1,2026-06-13 05:00:00,21.2,21.9,1.3
fronius_plant_52kWpsensor_card1,2026-06-13 06:00:00,22.263157894736842,22.31578947368421,37.421052631578945
fronius_plant_52kWpsensor_card1,2026-06-13 07:00:00,24.38888888888889,23.416666666666668,97.5
fronius_plant_52kWpsensor_card1,2026-06-13 08:00:00,26.609756097560975,24.609756097560975,174.3170731707317
fronius_plant_52kWpsensor_card1,2026-06-13 09:00:00,29.954545454545453,26.545454545454547,287.15909090909093
fronius_plant_52kWpsensor_card1,2026-06-13 10:00:00,33.333333333333336,28.444444444444443,374.75
fronius_plant_52kWpsensor_card1,2026-06-13 11:00:00,35.717948717948715,30.307692307692307,424.84615384615387
fronius_plant_52kWpsensor_card1,2026-06-13 12:00:00,37.348837209302324,31.74418604651163,476.83720930232556
fronius_plant_52kWpsensor_card1,2026-06-13 13:00:00,35.093023255813954,31.162790697674417,403.3720930232558
fronius_plant_52kWpsensor_card1,2026-06-13 14:00:00,34.40625,31.28125,302.875
fronius_plant_52kWpsensor_card1,2026-06-13 15:00:00,33.8,31.25,272.725
fronius_plant_52kWpsensor_card1,2026-06-13 16:00:00,31.425531914893618,30.0,150.70212765957447
fronius_plant_52kWpsensor_card1,2026-06-13 17:00:00,28.818181818181817,28.181818181818183,48.47727272727273
fronius_plant_52kWpsensor_card1,2026-06-13 18:00:00,26.875,26.75,3.625
fronius_plant_52kWpsensor_card1,2026-06-13 21:00:00,24.0,24.0,0.0
fronius_plant_52kWpsensor_card1,2026-06-14 05:00:00,18.0,19.0,3.25
fronius_plant_52kWpsensor_card1,2026-06-14 06:00:00,18.7,19.225,51.025
fronius_plant_52kWpsensor_card1,2026-06-14 07:00:00,23.38095238095238,22.023809523809526,218.0952380952381
fronius_plant_52kWpsensor_card1,2026-06-14 08:00:00,28.6046511627907,24.74418604651163,313.1860465116279
fronius_plant_52kWpsensor_card1,2026-06-14 09:00:00,33.0,27.386363636363637,513.8863636363636
fronius_plant_52kWpsensor_card1,2026-06-14 10:00:00,38.577777777777776,30.91111111111111,705.8444444444444
fronius_plant_52kWpsensor_card1,2026-06-14 11:00:00,41.170212765957444,33.361702127659576,774.7234042553191
fronius_plant_52kWpsensor_card1,2026-06-14 12:00:00,44.19565217391305,35.71739130434783,822.4347826086956
fronius_plant_52kWpsensor_card1,2026-06-14 13:00:00,42.17777777777778,36.13333333333333,702.0444444444445
fronius_plant_52kWpsensor_card1,2026-06-14 14:00:00,40.65217391304348,36.108695652173914,439.30434782608694
fronius_plant_52kWpsensor_card1,2026-06-14 15:00:00,38.266666666666666,34.888888888888886,375.6
fronius_plant_52kWpsensor_card1,2026-06-14 16:00:00,34.59090909090909,33.70454545454545,226.63636363636363
fronius_plant_52kWpsensor_card1,2026-06-14 17:00:00,31.125,30.325,59.175
fronius_plant_52kWpsensor_card1,2026-06-14 18:00:00,27.8,27.6,1.0
fronius_plant_52kWpsensor_card1,2026-06-14 20:00:00,26.0,26.0,0.0
fronius_plant_52kWpsensor_card1,2026-06-14 21:00:00,25.0,25.0,0.0
fronius_plant_52kWpsensor_card1,2026-06-14 22:00:00,24.0,24.0,0.0
fronius_plant_52kWpsensor_card1,2026-06-15 00:00:00,23.0,23.0,0.0
fronius_plant_52kWpsensor_card1,2026-06-15 05:00:00,21.0,21.0,0.0
fronius_plant_52kWpsensor_card1,2026-06-15 06:00:00,22.08108108108108,21.675675675675677,35.62162162162162
fronius_plant_52kWpsensor_card1,2026-06-15 07:00:00,24.428571428571427,22.88095238095238,135.76190476190476
fronius_plant_52kWpsensor_card1,2026-06-15 08:00:00,28.272727272727273,24.954545454545453,222.1590909090909
fronius_plant_52kWpsensor_card1,2026-06-15 09:00:00,32.191489361702125,27.361702127659573,356.72340425531917
fronius_plant_52kWpsensor_card1,2026-06-15 10:00:00,32.15909090909091,28.34090909090909,253.6590909090909
fronius_plant_52kWpsensor_card1,2026-06-15 11:00:00,30.954545454545453,27.681818181818183,267.8636363636364
fronius_plant_52kWpsensor_card1,2026-06-15 12:00:00,34.55813953488372,29.46511627906977,415.6279069767442
fronius_plant_52kWpsensor_card1,2026-06-15 13:00:00,39.044444444444444,32.44444444444444,586.4222222222222
fronius_plant_52kWpsensor_card1,2026-06-15 14:00:00,40.91111111111111,33.93333333333333,523.5555555555555
fronius_plant_52kWpsensor_card1,2026-06-15 15:00:00,31.477272727272727,29.613636363636363,189.13636363636363
fronius_plant_52kWpsensor_card1,2026-06-15 16:00:00,31.58695652173913,29.891304347826086,242.69565217391303
fronius_plant_52kWpsensor_card1,2026-06-15 17:00:00,23.79310344827586,23.137931034482758,21.896551724137932
fronius_plant_52kWpsensor_card1,2026-06-15 18:00:00,21.0,21.5,0.0
fronius_plant_52kWpsensor_card1,2026-06-15 21:00:00,22.0,22.0,0.0
fronius_plant_52kWpsensor_card1,2026-06-16 02:00:00,20.0,20.0,0.0
fronius_plant_52kWpsensor_card1,2026-06-16 05:00:00,19.0,19.0,2.0
fronius_plant_52kWpsensor_card1,2026-06-16 06:00:00,19.40625,19.59375,37.84375
fronius_plant_52kWpsensor_card1,2026-06-16 07:00:00,25.108695652173914,22.891304347826086,194.08695652173913
fronius_plant_52kWpsensor_card1,2026-06-16 08:00:00,30.8,25.666666666666668,394.35555555555555
fronius_plant_52kWpsensor_card1,2026-06-16 09:00:00,35.5,29.045454545454547,595.0909090909091
fronius_plant_52kWpsensor_card1,2026-06-16 10:00:00,39.52173913043478,31.695652173913043,650.8260869565217
fronius_plant_52kWpsensor_card1,2026-06-16 11:00:00,40.06382978723404,32.829787234042556,725.1489361702128
fronius_plant_52kWpsensor_card1,2026-06-16 12:00:00,38.91111111111111,33.62222222222222,663.7555555555556
fronius_plant_52kWpsensor_card1,2026-06-16 13:00:00,40.34782608695652,34.69565217391305,617.5217391304348
fronius_plant_52kWpsensor_card1,2026-06-16 14:00:00,34.06818181818182,31.65909090909091,265.40909090909093
fronius_plant_52kWpsensor_card1,2026-06-16 15:00:00,32.627906976744185,30.6046511627907,192.27906976744185
fronius_plant_52kWpsensor_card1,2026-06-16 16:00:00,32.90909090909091,31.386363636363637,170.88636363636363
fronius_plant_52kWpsensor_card1,2026-06-16 17:00:00,29.11764705882353,28.235294117647058,44.029411764705884
fronius_plant_52kWpsensor_card1,2026-06-16 18:00:00,27.0,27.0,0.0
fronius_plant_52kWpsensor_card1,2026-06-16 21:00:00,24.0,24.0,0.0
fronius_plant_52kWpsensor_card1,2026-06-16 22:00:00,24.0,23.0,0.0
fronius_plant_52kWpsensor_card1,2026-06-17 02:00:00,21.0,21.0,0.0
fronius_plant_52kWpsensor_card1,2026-06-17 05:00:00,21.0,20.8,2.6
fronius_plant_52kWpsensor_card1,2026-06-17 06:00:00,22.08108108108108,21.64864864864865,67.37837837837837
fronius_plant_52kWpsensor_card1,2026-06-17 07:00:00,26.348837209302324,23.767441860465116,177.6046511627907
fronius_plant_52kWpsensor_card1,2026-06-17 08:00:00,31.5,27.0,353.95652173913044
fronius_plant_52kWpsensor_card1,2026-06-17 09:00:00,36.52173913043478,30.02173913043478,479.0652173913044
fronius_plant_52kWpsensor_card1,2026-06-17 10:00:00,32.27272727272727,28.636363636363637,236.72727272727272
fronius_plant_52kWpsensor_card1,2026-06-17 11:00:00,35.869565217391305,30.543478260869566,438.0869565217391
fronius_plant_52kWpsensor_card1,2026-06-17 12:00:00,37.06521739130435,31.52173913043478,410.8478260869565
fronius_plant_52kWpsensor_card1,2026-06-17 13:00:00,36.45652173913044,31.5,597.2173913043479
fronius_plant_52kWpsensor_card1,2026-06-17 14:00:00,36.93478260869565,32.52173913043478,419.67391304347825
fronius_plant_52kWpsensor_card1,2026-06-17 15:00:00,40.93023255813954,35.51162790697674,505.90697674418607
fronius_plant_52kWpsensor_card1,2026-06-17 16:00:00,34.4390243902439,32.170731707317074,105.48780487804878
fronius_plant_52kWpsensor_card1,2026-06-17 17:00:00,28.710526315789473,28.763157894736842,24.394736842105264
fronius_plant_52kWpsensor_card1,2026-06-17 18:00:00,26.8,26.6,1.0
fronius_plant_52kWpsensor_card1,2026-06-17 21:00:00,24.0,23.0,0.0
fronius_plant_52kWpsensor_card1,2026-06-17 22:00:00,24.0,24.0,0.0
fronius_plant_52kWpsensor_card1,2026-06-18 01:00:00,20.0,20.0,0.0
fronius_plant_52kWpsensor_card1,2026-06-18 04:00:00,19.0,19.0,0.0
fronius_plant_52kWpsensor_card1,2026-06-18 05:00:00,19.333333333333332,20.0,0.16666666666666666
fronius_plant_52kWpsensor_card1,2026-06-18 06:00:00,19.525,19.975,36.925
fronius_plant_52kWpsensor_card1,2026-06-18 07:00:00,23.608695652173914,21.782608695652176,214.7608695652174
fronius_plant_52kWpsensor_card1,2026-06-18 08:00:00,26.58139534883721,23.3953488372093,205.7906976744186
fronius_plant_52kWpsensor_card1,2026-06-18 09:00:00,29.951219512195124,25.29268292682927,368.9024390243902
fronius_plant_52kWpsensor_card1,2026-06-18 10:00:00,35.108695652173914,28.565217391304348,489.54347826086956
fronius_plant_52kWpsensor_card1,2026-06-18 11:00:00,40.47826086956522,32.06521739130435,746.804347826087
fronius_plant_52kWpsensor_card1,2026-06-18 12:00:00,40.69565217391305,32.93478260869565,543.9347826086956
fronius_plant_52kWpsensor_card1,2026-06-18 13:00:00,33.12765957446808,29.595744680851062,284.17021276595744
fronius_plant_52kWpsensor_card1,2026-06-18 14:00:00,32.75555555555555,29.822222222222223,221.84444444444443
fronius_plant_52kWpsensor_card1,2026-06-18 15:00:00,34.23913043478261,30.956521739130434,405.4130434782609
fronius_plant_52kWpsensor_card1,2026-06-18 16:00:00,31.044444444444444,29.88888888888889,214.73333333333332
fronius_plant_52kWpsensor_card1,2026-06-18 17:00:00,28.404761904761905,27.571428571428573,73.5
fronius_plant_52kWpsensor_card1,2026-06-18 18:00:00,25.8,25.5,1.1
fronius_plant_52kWpsensor_card1,2026-06-18 22:00:00,23.0,22.0,0.0
fronius_plant_52kWpsensor_card1,2026-06-19 00:00:00,22.0,22.0,0.0
fronius_plant_52kWpsensor_card1,2026-06-19 03:00:00,20.0,20.0,0.0
fronius_plant_52kWpsensor_card1,2026-06-19 05:00:00,20.0,19.0,0.0
fronius_plant_52kWpsensor_card1,2026-06-19 06:00:00,20.0,19.464285714285715,8.857142857142858
fronius_plant_52kWpsensor_card1,2026-06-19 07:00:00,20.333333333333332,19.7,42.3
fronius_plant_52kWpsensor_card1,2026-06-19 08:00:00,22.325,21.2,115.275
fronius_plant_52kWpsensor_card1,2026-06-19 09:00:00,26.42222222222222,23.444444444444443,272.68888888888887
fronius_plant_52kWpsensor_card1,2026-06-19 10:00:00,31.585365853658537,26.463414634146343,446.4146341463415
fronius_plant_52kWpsensor_card1,2026-06-19 11:00:00,39.266666666666666,30.355555555555554,683.5333333333333
fronius_plant_52kWpsensor_card1,2026-06-19 12:00:00,39.45652173913044,31.369565217391305,596.2173913043479
fronius_plant_52kWpsensor_card1,2026-06-19 13:00:00,40.733333333333334,32.91111111111111,761.2222222222222
fronius_plant_52kWpsensor_card1,2026-06-19 14:00:00,39.24444444444445,33.355555555555554,607.1555555555556
fronius_plant_52kWpsensor_card1,2026-06-19 15:00:00,37.18604651162791,33.2093023255814,466.6511627906977
fronius_plant_52kWpsensor_card1,2026-06-19 16:00:00,33.22222222222222,31.57777777777778,193.48888888888888
fronius_plant_52kWpsensor_card1,2026-06-19 17:00:00,28.964285714285715,28.214285714285715,19.642857142857142
fronius_plant_52kWpsensor_card1,2026-06-19 18:00:00,26.0,26.0,0.0
fronius_plant_52kWpsensor_card1,2026-06-19 20:00:00,24.0,24.0,0.0
fronius_plant_52kWpsensor_card1,2026-06-19 22:00:00,22.0,22.0,0.0
fronius_plant_52kWpsensor_card1,2026-06-20 05:00:00,20.0,20.0,1.625
fronius_plant_52kWpsensor_card1,2026-06-20 06:00:00,20.536585365853657,20.365853658536587,62.073170731707314
fronius_plant_52kWpsensor_card1,2026-06-20 07:00:00,24.0,22.8,139.1
fronius_plant_52kWpsensor_card1,2026-06-20 08:00:00,28.8,24.91111111111111,356.53333333333336
fronius_plant_52kWpsensor_card1,2026-06-20 09:00:00,36.18181818181818,28.795454545454547,567.5454545454545
fronius_plant_52kWpsensor_card1,2026-06-20 10:00:00,41.023809523809526,32.285714285714285,731.6428571428571
fronius_plant_52kWpsensor_card1,2026-06-20 11:00:00,43.77777777777778,34.6,780.3333333333334
fronius_plant_52kWpsensor_card1,2026-06-20 12:00:00,44.0,35.108695652173914,705.804347826087
fronius_plant_52kWpsensor_card1,2026-06-20 13:00:00,43.38297872340426,35.5531914893617,621.3617021276596
fronius_plant_52kWpsensor_card1,2026-06-20 14:00:00,34.369565217391305,31.32608695652174,374.39130434782606
fronius_plant_52kWpsensor_card1,2026-06-20 15:00:00,34.55813953488372,31.88372093023256,393.1162790697674
fronius_plant_52kWpsensor_card1,2026-06-20 16:00:00,35.68181818181818,33.5,198.29545454545453
fronius_plant_52kWpsensor_card1,2026-06-20 17:00:00,28.51219512195122,27.829268292682926,49.048780487804876
fronius_plant_52kWpsensor_card1,2026-06-20 18:00:00,26.125,25.875,1.625
fronius_plant_52kWpsensor_card1,2026-06-20 20:00:00,24.0,24.0,0.0
fronius_plant_52kWpsensor_card1,2026-06-20 22:00:00,23.0,23.0,0.0
fronius_plant_52kWpsensor_card1,2026-06-21 03:00:00,20.0,21.0,0.0
fronius_plant_52kWpsensor_card1,2026-06-21 05:00:00,20.0,20.0,2.8
fronius_plant_52kWpsensor_card1,2026-06-21 06:00:00,20.72093023255814,20.46511627906977,49.93023255813954
fronius_plant_52kWpsensor_card1,2026-06-21 07:00:00,24.73913043478261,22.782608695652176,201.0
fronius_plant_52kWpsensor_card1,2026-06-21 08:00:00,33.47727272727273,27.25,445.0681818181818
fronius_plant_52kWpsensor_card1,2026-06-21 09:00:00,37.41304347826087,30.043478260869566,591.3913043478261
fronius_plant_52kWpsensor_card1,2026-06-21 10:00:00,39.5,31.931818181818183,710.3181818181819
fronius_plant_52kWpsensor_card1,2026-06-21 11:00:00,43.06666666666667,34.577777777777776,782.0
fronius_plant_52kWpsensor_card1,2026-06-21 12:00:00,45.26086956521739,36.06521739130435,818.5652173913044
fronius_plant_52kWpsensor_card1,2026-06-21 13:00:00,40.369565217391305,34.84782608695652,405.80434782608694
fronius_plant_52kWpsensor_card1,2026-06-21 14:00:00,39.56521739130435,35.5,496.5
fronius_plant_52kWpsensor_card1,2026-06-21 15:00:00,37.71739130434783,34.41304347826087,412.2826086956522
fronius_plant_52kWpsensor_card1,2026-06-21 16:00:00,33.65217391304348,32.84782608695652,193.2391304347826
fronius_plant_52kWpsensor_card1,2026-06-21 17:00:00,30.177777777777777,29.377777777777776,63.111111111111114
fronius_plant_52kWpsensor_card1,2026-06-21 18:00:00,27.5,26.875,4.375
fronius_plant_52kWpsensor_card1,2026-06-21 21:00:00,24.0,24.0,0.0
fronius_plant_52kWpsensor_card1,2026-06-21 22:00:00,24.0,23.0,0.0
fronius_plant_52kWpsensor_card1,2026-06-22 05:00:00,21.0,21.0,10.25
fronius_plant_52kWpsensor_card1,2026-06-22 06:00:00,21.0,20.942857142857143,44.371428571428574
fronius_plant_52kWpsensor_card1,2026-06-22 07:00:00,24.363636363636363,22.75,183.52272727272728
fronius_plant_52kWpsensor_card1,2026-06-22 08:00:00,30.068181818181817,26.295454545454547,405.0
fronius_plant_52kWpsensor_card1,2026-06-22 09:00:00,35.25,29.545454545454547,559.7954545454545
fronius_plant_52kWpsensor_card1,2026-06-22 10:00:00,41.32608695652174,32.65217391304348,789.4130434782609
fronius_plant_52kWpsensor_card1,2026-06-22 11:00:00,43.67391304347826,35.0,784.3478260869565
fronius_plant_52kWpsensor_card1,2026-06-22 12:00:00,42.08695652173913,35.80434782608695,713.1739130434783
fronius_plant_52kWpsensor_card1,2026-06-22 13:00:00,40.93478260869565,35.630434782608695,576.0
fronius_plant_52kWpsensor_card1,2026-06-22 14:00:00,40.608695652173914,35.5,518.5
fronius_plant_52kWpsensor_card1,2026-06-22 15:00:00,37.93478260869565,35.130434782608695,338.10869565217394
fronius_plant_52kWpsensor_card1,2026-06-22 16:00:00,34.48837209302326,32.83720930232558,153.1860465116279
fronius_plant_52kWpsensor_card1,2026-06-22 17:00:00,30.41176470588235,29.970588235294116,32.55882352941177
fronius_plant_52kWpsensor_card1,2026-06-22 18:00:00,28.6,28.1,4.6
fronius_plant_52kWpsensor_card1,2026-06-22 21:00:00,25.0,24.0,0.0
fronius_plant_52kWpsensor_card1,2026-06-22 22:00:00,21.0,20.0,0.0
fronius_plant_52kWpsensor_card1,2026-06-23 05:00:00,19.6,19.2,0.0
fronius_plant_52kWpsensor_card1,2026-06-23 06:00:00,19.405405405405407,18.81081081081081,32.432432432432435
fronius_plant_52kWpsensor_card1,2026-06-23 07:00:00,20.951219512195124,19.51219512195122,113.8048780487805
fronius_plant_52kWpsensor_card1,2026-06-23 08:00:00,28.25581395348837,23.674418604651162,393.2093023255814
fronius_plant_52kWpsensor_card1,2026-06-23 09:00:00,34.55555555555556,27.6,593.2666666666667
fronius_plant_52kWpsensor_card1,2026-06-23 10:00:00,38.62222222222222,30.288888888888888,711.5111111111111
fronius_plant_52kWpsensor_card1,2026-06-23 11:00:00,39.71111111111111,31.933333333333334,720.8
fronius_plant_52kWpsensor_card1,2026-06-23 12:00:00,39.391304347826086,33.0,514.6521739130435
fronius_plant_52kWpsensor_card1,2026-06-23 13:00:00,39.77272727272727,34.31818181818182,562.8863636363636
fronius_plant_52kWpsensor_card1,2026-06-23 14:00:00,42.45454545454545,35.95454545454545,667.9318181818181
fronius_plant_52kWpsensor_card1,2026-06-23 15:00:00,39.276595744680854,35.46808510638298,424.9574468085106
fronius_plant_52kWpsensor_card1,2026-06-23 16:00:00,34.8,33.37777777777778,187.37777777777777
fronius_plant_52kWpsensor_card1,2026-06-23 17:00:00,29.333333333333332,28.511111111111113,62.644444444444446
fronius_plant_52kWpsensor_card1,2026-06-23 18:00:00,27.0,26.76923076923077,5.6923076923076925
fronius_plant_52kWpsensor_card1,2026-06-23 20:00:00,24.0,24.0,0.0
fronius_plant_52kWpsensor_card1,2026-06-23 21:00:00,23.0,23.0,0.0
fronius_plant_52kWpsensor_card1,2026-06-24 05:00:00,20.0,20.0,2.5
fronius_plant_52kWpsensor_card1,2026-06-24 06:00:00,20.96969696969697,20.636363636363637,46.54545454545455
fronius_plant_52kWpsensor_card1,2026-06-24 07:00:00,22.953488372093023,21.86046511627907,96.11627906976744
fronius_plant_52kWpsensor_card1,2026-06-24 08:00:00,29.555555555555557,25.466666666666665,362.0888888888889
fronius_plant_52kWpsensor_card1,2026-06-24 09:00:00,35.577777777777776,28.866666666666667,576.8666666666667
fronius_plant_52kWpsensor_card1,2026-06-24 10:00:00,39.93478260869565,32.04347826086956,708.5
fronius_plant_52kWpsensor_card1,2026-06-24 11:00:00,39.56521739130435,32.869565217391305,694.5217391304348
fronius_plant_52kWpsensor_card1,2026-06-24 12:00:00,42.55555555555556,34.644444444444446,813.4666666666667
fronius_plant_52kWpsensor_card1,2026-06-24 13:00:00,42.47826086956522,35.34782608695652,739.7173913043479
fronius_plant_52kWpsensor_card1,2026-06-24 14:00:00,41.55555555555556,36.111111111111114,629.4444444444445
fronius_plant_52kWpsensor_card1,2026-06-24 15:00:00,39.130434782608695,35.58695652173913,413.3695652173913
fronius_plant_52kWpsensor_card1,2026-06-24 16:00:00,34.78260869565217,33.28260869565217,167.97826086956522
fronius_plant_52kWpsensor_card1,2026-06-24 17:00:00,31.58974358974359,31.05128205128205,55.1025641025641
fronius_plant_52kWpsensor_card1,2026-06-24 18:00:00,27.923076923076923,27.615384615384617,0.5384615384615384
fronius_plant_52kWpsensor_card1,2026-06-24 20:00:00,25.0,26.0,0.0
fronius_plant_52kWpsensor_card1,2026-06-24 21:00:00,24.0,24.0,0.0
fronius_plant_52kWpsensor_card1,2026-06-24 22:00:00,23.0,23.0,0.0
fronius_plant_52kWpsensor_card1,2026-06-25 05:00:00,20.333333333333332,21.0,2.3333333333333335
fronius_plant_52kWpsensor_card1,2026-06-25 06:00:00,21.358974358974358,21.435897435897434,40.48717948717949
fronius_plant_52kWpsensor_card1,2026-06-25 07:00:00,24.348837209302324,23.093023255813954,139.58139534883722
fronius_plant_52kWpsensor_card1,2026-06-25 08:00:00,29.11904761904762,25.61904761904762,271.26190476190476
fronius_plant_52kWpsensor_card1,2026-06-25 09:00:00,32.91304347826087,27.782608695652176,388.80434782608694
fronius_plant_52kWpsensor_card1,2026-06-25 10:00:00,37.06666666666667,30.644444444444446,555.4444444444445
fronius_plant_52kWpsensor_card1,2026-06-25 11:00:00,39.22727272727273,32.43181818181818,646.5227272727273
fronius_plant_52kWpsensor_card1,2026-06-25 12:00:00,38.93333333333333,33.37777777777778,683.1555555555556
fronius_plant_52kWpsensor_card1,2026-06-25 13:00:00,40.13953488372093,35.0,610.1860465116279
fronius_plant_52kWpsensor_card1,2026-06-25 14:00:00,40.6,35.9,585.3
fronius_plant_52kWpsensor_card1,2026-06-26 09:00:00,32.60606060606061,28.757575757575758,429.6363636363636
fronius_plant_52kWpsensor_card1,2026-06-26 10:00:00,33.72093023255814,29.53488372093023,439.0232558139535
fronius_plant_52kWpsensor_card1,2026-06-26 11:00:00,36.2,31.625,528.75
fronius_plant_52kWpsensor_card1,2026-06-26 12:00:00,37.422222222222224,32.86666666666667,577.8
fronius_plant_52kWpsensor_card1,2026-06-26 13:00:00,37.73809523809524,33.214285714285715,500.1904761904762
fronius_plant_52kWpsensor_card1,2026-06-26 14:00:00,36.22727272727273,32.86363636363637,385.5
fronius_plant_52kWpsensor_card1,2026-06-26 15:00:00,35.15909090909091,32.47727272727273,314.5681818181818
fronius_plant_52kWpsensor_card1,2026-06-26 16:00:00,32.43478260869565,31.26086956521739,168.7826086956522
fronius_plant_52kWpsensor_card1,2026-06-26 17:00:00,30.066666666666666,29.57777777777778,65.93333333333334
fronius_plant_52kWpsensor_card1,2026-06-26 18:00:00,27.8,27.666666666666668,7.4
fronius_plant_52kWpsensor_card1,2026-06-26 22:00:00,24.0,24.0,0.0
fronius_plant_52kWpsensor_card1,2026-06-27 00:00:00,23.0,23.0,0.0
fronius_plant_52kWpsensor_card1,2026-06-27 01:00:00,22.0,23.0,0.0
fronius_plant_52kWpsensor_card1,2026-06-27 05:00:00,20.0,20.285714285714285,1.1428571428571428
fronius_plant_52kWpsensor_card1,2026-06-27 06:00:00,20.974358974358974,21.025641025641026,42.84615384615385
fronius_plant_52kWpsensor_card1,2026-06-27 07:00:00,26.333333333333332,24.177777777777777,191.44444444444446
fronius_plant_52kWpsensor_card1,2026-06-27 08:00:00,31.891304347826086,27.543478260869566,394.7173913043478
fronius_plant_52kWpsensor_card1,2026-06-27 09:00:00,36.093023255813954,30.25581395348837,584.1395348837209
fronius_plant_52kWpsensor_card1,2026-06-27 10:00:00,38.6,32.8,749.2222222222222
fronius_plant_52kWpsensor_card1,2026-06-27 11:00:00,39.333333333333336,33.53333333333333,625.0222222222222
fronius_plant_52kWpsensor_card1,2026-06-27 12:00:00,39.17777777777778,34.022222222222226,547.4
fronius_plant_52kWpsensor_card1,2026-06-27 13:00:00,40.34782608695652,35.21739130434783,540.1739130434783
fronius_plant_52kWpsensor_card1,2026-06-27 14:00:00,42.53333333333333,36.644444444444446,601.8444444444444
fronius_plant_52kWpsensor_card1,2026-06-27 15:00:00,39.55555555555556,35.666666666666664,386.26666666666665
fronius_plant_52kWpsensor_card1,2026-06-27 16:00:00,35.022222222222226,33.51111111111111,171.24444444444444
fronius_plant_52kWpsensor_card1,2026-06-27 17:00:00,31.738095238095237,31.047619047619047,60.523809523809526
fronius_plant_52kWpsensor_card1,2026-06-27 18:00:00,28.6,28.8,3.3
fronius_plant_52kWpsensor_card1,2026-06-27 21:00:00,26.0,25.0,0.0
fronius_plant_52kWpsensor_card1,2026-06-27 22:00:00,25.0,25.0,0.0
fronius_plant_52kWpsensor_card1,2026-06-28 05:00:00,21.0,21.4,1.8
fronius_plant_52kWpsensor_card1,2026-06-28 06:00:00,22.46153846153846,22.512820512820515,47.12820512820513
fronius_plant_52kWpsensor_card1,2026-06-28 07:00:00,27.727272727272727,25.295454545454547,160.45454545454547
fronius_plant_52kWpsensor_card1,2026-06-28 08:00:00,34.69565217391305,28.608695652173914,433.19565217391306
fronius_plant_52kWpsensor_card1,2026-06-28 09:00:00,38.82222222222222,31.511111111111113,599.8444444444444
fronius_plant_52kWpsensor_card1,2026-06-28 10:00:00,40.53191489361702,34.12765957446808,757.1276595744681
fronius_plant_52kWpsensor_card1,2026-06-28 11:00:00,40.68888888888889,34.955555555555556,704.5555555555555
fronius_plant_52kWpsensor_card1,2026-06-28 12:00:00,37.08888888888889,33.37777777777778,428.15555555555557
fronius_plant_52kWpsensor_card1,2026-06-28 13:00:00,35.97826086956522,32.869565217391305,311.7173913043478
fronius_plant_52kWpsensor_card1,2026-06-28 14:00:00,35.977777777777774,33.333333333333336,286.8888888888889
fronius_plant_52kWpsensor_card1,2026-06-28 15:00:00,33.59090909090909,31.772727272727273,171.8181818181818
fronius_plant_52kWpsensor_card1,2026-06-28 16:00:00,32.38095238095238,31.428571428571427,158.5952380952381
fronius_plant_52kWpsensor_card1,2026-06-28 17:00:00,31.94871794871795,30.692307692307693,72.76923076923077
fronius_plant_52kWpsensor_card1,2026-06-28 18:00:00,28.2,27.8,0.0
fronius_plant_52kWpsensor_card1,2026-06-28 20:00:00,26.0,26.0,0.0
fronius_plant_52kWpsensor_card1,2026-06-28 21:00:00,24.0,25.0,0.0
fronius_plant_52kWpsensor_card1,2026-06-28 22:00:00,24.0,24.0,0.0
fronius_plant_52kWpsensor_card1,2026-06-29 05:00:00,21.0,22.0,2.0
fronius_plant_52kWpsensor_card1,2026-06-29 06:00:00,22.390243902439025,22.4390243902439,48.80487804878049
fronius_plant_52kWpsensor_card1,2026-06-29 07:00:00,27.15909090909091,24.772727272727273,193.3181818181818
fronius_plant_52kWpsensor_card1,2026-06-29 08:00:00,34.0,28.244444444444444,454.75555555555553
fronius_plant_52kWpsensor_card1,2026-06-29 09:00:00,36.891304347826086,30.91304347826087,599.4347826086956
fronius_plant_52kWpsensor_card1,2026-06-29 10:00:00,37.56521739130435,31.847826086956523,490.0217391304348
fronius_plant_52kWpsensor_card1,2026-06-29 11:00:00,39.84782608695652,34.06521739130435,565.7391304347826
fronius_plant_52kWpsensor_card1,2026-06-29 12:00:00,43.73913043478261,36.5,748.9130434782609
fronius_plant_52kWpsensor_card1,2026-06-29 13:00:00,43.48888888888889,37.111111111111114,684.5777777777778
fronius_plant_52kWpsensor_card1,2026-06-29 14:00:00,38.02127659574468,34.297872340425535,337.97872340425533
fronius_plant_52kWpsensor_card1,2026-06-29 15:00:00,35.13333333333333,32.84444444444444,246.26666666666668
fronius_plant_52kWpsensor_card1,2026-06-29 16:00:00,34.91111111111111,33.422222222222224,227.46666666666667
fronius_plant_52kWpsensor_card1,2026-06-29 17:00:00,30.225806451612904,29.741935483870968,39.38709677419355
fronius_plant_52kWpsensor_card1,2026-06-29 18:00:00,28.545454545454547,28.272727272727273,6.909090909090909
fronius_plant_52kWpsensor_card1,2026-06-29 21:00:00,25.0,25.0,0.0
fronius_plant_52kWpsensor_card1,2026-06-29 22:00:00,25.0,24.0,0.0
fronius_plant_52kWpsensor_card1,2026-06-30 01:00:00,23.0,23.0,0.0
fronius_plant_52kWpsensor_card1,2026-06-30 05:00:00,21.0,21.75,1.625
fronius_plant_52kWpsensor_card1,2026-06-30 06:00:00,22.285714285714285,22.457142857142856,43.285714285714285
fronius_plant_52kWpsensor_card1,2026-06-30 07:00:00,27.133333333333333,24.644444444444446,188.66666666666666
fronius_plant_52kWpsensor_card1,2026-06-30 08:00:00,32.08888888888889,27.711111111111112,373.77777777777777
fronius_plant_52kWpsensor_card1,2026-06-30 09:00:00,37.022222222222226,31.044444444444444,598.4888888888889
fronius_plant_52kWpsensor_card1,2026-06-30 10:00:00,33.76086956521739,29.91304347826087,319.0
fronius_plant_52kWpsensor_card1,2026-06-30 11:00:00,39.02173913043478,32.869565217391305,607.9130434782609
fronius_plant_52kWpsensor_card1,2026-06-30 12:00:00,36.630434782608695,32.32608695652174,493.95652173913044
fronius_plant_52kWpsensor_card1,2026-06-30 13:00:00,36.26086956521739,32.5,438.67391304347825
fronius_plant_52kWpsensor_card1,2026-06-30 14:00:00,37.234042553191486,32.93617021276596,454.4468085106383
fronius_plant_52kWpsensor_card1,2026-06-30 15:00:00,32.95454545454545,30.90909090909091,213.29545454545453
fronius_plant_52kWpsensor_card1,2026-06-30 16:00:00,33.32608695652174,31.47826086956522,154.41304347826087
fronius_plant_52kWpsensor_card1,2026-06-30 17:00:00,30.53846153846154,29.58974358974359,48.23076923076923
fronius_plant_52kWpsensor_card1,2026-06-30 18:00:00,28.625,28.125,1.375
fronius_plant_52kWpsensor_card1,2026-06-30 20:00:00,27.0,27.0,0.0
fronius_plant_52kWpsensor_card1,2026-06-30 21:00:00,26.0,25.0,0.0
fronius_plant_52kWpsensor_card1,2026-06-30 22:00:00,25.0,25.0,0.0
fronius_plant_52kWpsensor_card1,2026-07-01 03:00:00,23.0,23.0,0.0
fronius_plant_52kWpsensor_card1,2026-07-01 05:00:00,22.0,22.0,2.0
fronius_plant_52kWpsensor_card1,2026-07-01 06:00:00,22.91304347826087,22.847826086956523,48.97826086956522
fronius_plant_52kWpsensor_card1,2026-07-01 07:00:00,27.069767441860463,24.953488372093023,181.11627906976744
fronius_plant_52kWpsensor_card1,2026-07-01 08:00:00,31.837209302325583,27.348837209302324,360.93023255813955
fronius_plant_52kWpsensor_card1,2026-07-01 09:00:00,37.80952380952381,31.357142857142858,557.4761904761905
fronius_plant_52kWpsensor_card1,2026-07-01 10:00:00,41.32608695652174,34.5,668.4347826086956
fronius_plant_52kWpsensor_card1,2026-07-01 11:00:00,35.883720930232556,32.325581395348834,374.8837209302326
fronius_plant_52kWpsensor_card1,2026-07-01 12:00:00,42.04347826086956,35.45652173913044,681.8695652173913
fronius_plant_52kWpsensor_card1,2026-07-01 13:00:00,41.58695652173913,36.02173913043478,642.7391304347826
fronius_plant_52kWpsensor_card1,2026-07-01 14:00:00,40.54545454545455,35.56818181818182,350.90909090909093
fronius_plant_52kWpsensor_card1,2026-07-01 15:00:00,34.31111111111111,32.75555555555555,166.42222222222222
fronius_plant_52kWpsensor_card1,2026-07-01 16:00:00,31.636363636363637,30.666666666666668,76.87878787878788
fronius_plant_52kWpsensor_card1,2026-07-01 17:00:00,29.81578947368421,29.5,37.921052631578945
fronius_plant_52kWpsensor_card1,2026-07-01 18:00:00,28.6,28.0,3.9
fronius_plant_52kWpsensor_card1,2026-07-01 21:00:00,24.0,24.0,0.0
fronius_plant_52kWpsensor_card1,2026-07-02 00:00:00,23.0,23.0,0.0
fronius_plant_52kWpsensor_card1,2026-07-02 11:00:00,36.11363636363637,32.40909090909091,394.6363636363636
fronius_plant_52kWpsensor_card1,2026-07-02 12:00:00,43.044444444444444,35.888888888888886,681.1333333333333
fronius_plant_52kWpsensor_card1,2026-07-02 13:00:00,38.59574468085106,34.46808510638298,416.06382978723406
fronius_plant_52kWpsensor_card1,2026-07-02 14:00:00,37.08695652173913,33.891304347826086,353.6304347826087
fronius_plant_52kWpsensor_card1,2026-07-02 15:00:00,33.36585365853659,31.365853658536587,170.26829268292684
fronius_plant_52kWpsensor_card1,2026-07-02 16:00:00,31.88888888888889,30.555555555555557,130.82222222222222
fronius_plant_52kWpsensor_card1,2026-07-02 17:00:00,29.2972972972973,28.7027027027027,30.10810810810811
fronius_plant_52kWpsensor_card1,2026-07-02 18:00:00,27.8,27.6,2.0
fronius_plant_52kWpsensor_card1,2026-07-02 21:00:00,25.0,25.0,0.0
fronius_plant_52kWpsensor_card1,2026-07-02 22:00:00,25.0,24.0,0.0
fronius_plant_52kWpsensor_card1,2026-07-03 01:00:00,23.0,23.0,0.0
fronius_plant_52kWpsensor_card1,2026-07-03 04:00:00,22.0,22.0,0.0
fronius_plant_52kWpsensor_card1,2026-07-03 05:00:00,21.0,21.0,3.25
fronius_plant_52kWpsensor_card1,2026-07-03 06:00:00,22.31111111111111,22.133333333333333,54.266666666666666
fronius_plant_52kWpsensor_card1,2026-07-03 07:00:00,28.19047619047619,25.285714285714285,221.76190476190476
fronius_plant_52kWpsensor_card1,2026-07-03 08:00:00,33.06521739130435,28.08695652173913,404.0652173913044
fronius_plant_52kWpsensor_card1,2026-07-03 09:00:00,37.108695652173914,31.02173913043478,513.6086956521739
fronius_plant_52kWpsensor_card1,2026-07-03 10:00:00,38.32608695652174,32.17391304347826,498.5217391304348
fronius_plant_52kWpsensor_card1,2026-07-03 11:00:00,38.06382978723404,32.95744680851064,442.48936170212767
fronius_plant_52kWpsensor_card1,2026-07-03 12:00:00,38.08695652173913,34.06521739130435,402.32608695652175
fronius_plant_52kWpsensor_card1,2026-07-03 13:00:00,39.6,35.15555555555556,599.1333333333333
fronius_plant_52kWpsensor_card1,2026-07-03 14:00:00,39.644444444444446,35.44444444444444,455.1111111111111
fronius_plant_52kWpsensor_card1,2026-07-03 15:00:00,37.19565217391305,34.23913043478261,354.5217391304348
fronius_plant_52kWpsensor_card1,2026-07-03 16:00:00,34.71111111111111,32.75555555555555,192.2888888888889
fronius_plant_52kWpsensor_card1,2026-07-03 17:00:00,30.92105263157895,29.81578947368421,58.21052631578947
fronius_plant_52kWpsensor_card1,2026-07-03 18:00:00,28.928571428571427,28.785714285714285,8.071428571428571
fronius_plant_52kWpsensor_card1,2026-07-03 21:00:00,25.0,25.0,0.0
fronius_plant_52kWpsensor_card1,2026-07-03 22:00:00,23.0,23.0,0.0
fronius_plant_52kWpsensor_card1,2026-07-04 03:00:00,22.0,22.0,0.0
fronius_plant_52kWpsensor_card1,2026-07-04 05:00:00,21.0,21.0,0.0
fronius_plant_52kWpsensor_card1,2026-07-04 06:00:00,21.7027027027027,21.783783783783782,29.35135135135135
fronius_plant_52kWpsensor_card1,2026-07-04 07:00:00,24.733333333333334,23.666666666666668,118.57777777777778
fronius_plant_52kWpsensor_card1,2026-07-04 08:00:00,28.195121951219512,25.21951219512195,217.609756097561
fronius_plant_52kWpsensor_card1,2026-07-04 09:00:00,30.066666666666666,26.177777777777777,247.17777777777778
fronius_plant_52kWpsensor_card1,2026-07-04 10:00:00,30.813953488372093,27.674418604651162,256.2093023255814
fronius_plant_52kWpsensor_card1,2026-07-04 11:00:00,34.30434782608695,29.304347826086957,346.8695652173913
fronius_plant_52kWpsensor_card1,2026-07-04 12:00:00,32.630434782608695,29.043478260869566,362.2391304347826
fronius_plant_52kWpsensor_card1,2026-07-04 13:00:00,34.577777777777776,30.866666666666667,443.7111111111111
fronius_plant_52kWpsensor_card1,2026-07-04 14:00:00,36.47826086956522,32.32608695652174,385.2826086956522
fronius_plant_52kWpsensor_card1,2026-07-04 15:00:00,32.357142857142854,29.928571428571427,238.1904761904762
fronius_plant_52kWpsensor_card1,2026-07-04 16:00:00,30.046511627906977,28.767441860465116,171.32558139534885
fronius_plant_52kWpsensor_card1,2026-07-04 17:00:00,28.925,27.875,76.1
fronius_plant_52kWpsensor_card1,2026-07-04 18:00:00,26.875,26.9375,12.3125
fronius_plant_52kWpsensor_card1,2026-07-04 20:00:00,25.0,24.0,0.0
fronius_plant_52kWpsensor_card1,2026-07-04 21:00:00,24.0,23.0,0.0
fronius_plant_52kWpsensor_card1,2026-07-05 00:00:00,23.0,23.0,0.0
fronius_plant_52kWpsensor_card1,2026-07-05 03:00:00,21.0,21.0,0.0
fronius_plant_52kWpsensor_card1,2026-07-05 05:00:00,20.0,20.0,1.6666666666666667
fronius_plant_52kWpsensor_card1,2026-07-05 06:00:00,21.076923076923077,20.923076923076923,36.43589743589744
fronius_plant_52kWpsensor_card1,2026-07-05 07:00:00,23.975609756097562,22.5609756097561,89.09756097560975
fronius_plant_52kWpsensor_card1,2026-07-05 08:00:00,28.844444444444445,25.177777777777777,310.4888888888889
fronius_plant_52kWpsensor_card1,2026-07-05 09:00:00,33.46666666666667,27.8,474.6666666666667
fronius_plant_52kWpsensor_card1,2026-07-05 10:00:00,38.608695652173914,30.869565217391305,650.3913043478261
fronius_plant_52kWpsensor_card1,2026-07-05 11:00:00,41.40909090909091,33.56818181818182,772.1136363636364
fronius_plant_52kWpsensor_card1,2026-07-05 12:00:00,40.56521739130435,34.23913043478261,693.0217391304348
fronius_plant_52kWpsensor_card1,2026-07-05 13:00:00,40.78260869565217,35.5,638.0869565217391
fronius_plant_52kWpsensor_card1,2026-07-05 14:00:00,39.71739130434783,35.52173913043478,470.6521739130435
fronius_plant_52kWpsensor_card1,2026-07-05 15:00:00,38.644444444444446,35.08888888888889,357.6666666666667
fronius_plant_52kWpsensor_card1,2026-07-05 16:00:00,33.023809523809526,31.833333333333332,134.42857142857142
fronius_plant_52kWpsensor_card1,2026-07-05 17:00:00,29.735294117647058,29.235294117647058,29.11764705882353
fronius_plant_52kWpsensor_card1,2026-07-05 18:00:00,27.363636363636363,26.90909090909091,2.909090909090909
fronius_plant_52kWpsensor_card1,2026-07-05 21:00:00,24.0,24.0,0.0
fronius_plant_52kWpsensor_card1,2026-07-06 01:00:00,23.0,23.0,0.0
fronius_plant_52kWpsensor_card1,2026-07-06 05:00:00,21.5,22.0,0.0
fronius_plant_52kWpsensor_card1,2026-07-06 06:00:00,21.857142857142858,21.892857142857142,31.821428571428573
fronius_plant_52kWpsensor_card1,2026-07-06 07:00:00,27.152173913043477,25.02173913043478,178.82608695652175
fronius_plant_52kWpsensor_card1,2026-07-06 08:00:00,32.67391304347826,27.652173913043477,365.6304347826087
fronius_plant_52kWpsensor_card1,2026-07-06 09:00:00,38.23913043478261,30.804347826086957,579.1086956521739
fronius_plant_52kWpsensor_card1,2026-07-06 10:00:00,41.630434782608695,33.67391304347826,702.8478260869565
fronius_plant_52kWpsensor_card1,2026-07-06 11:00:00,43.808510638297875,35.851063829787236,783.6595744680851
fronius_plant_52kWpsensor_card1,2026-07-06 12:00:00,44.45,37.675,795.475
fronius_plant_52kWpsensor_card1,2026-07-06 13:00:00,44.68888888888889,38.46666666666667,737.4666666666667
fronius_plant_52kWpsensor_card1,2026-07-06 14:00:00,39.883720930232556,35.906976744186046,426.6511627906977
fronius_plant_52kWpsensor_card1,2026-07-06 15:00:00,37.19565217391305,34.34782608695652,278.8695652173913
fronius_plant_52kWpsensor_card1,2026-07-06 16:00:00,33.21052631578947,32.078947368421055,77.36842105263158
fronius_plant_52kWpsensor_card1,2026-07-06 17:00:00,30.458333333333332,29.75,10.875
fronius_plant_52kWpsensor_card1,2026-07-06 18:00:00,28.833333333333332,28.333333333333332,0.0
fronius_plant_52kWpsensor_card1,2026-07-06 21:00:00,25.0,25.0,0.0
fronius_plant_52kWpsensor_card1,2026-07-07 04:00:00,23.0,23.0,0.0
fronius_plant_52kWpsensor_card1,2026-07-07 05:00:00,22.375,22.875,2.375
fronius_plant_52kWpsensor_card1,2026-07-07 06:00:00,23.285714285714285,23.166666666666668,42.523809523809526
fronius_plant_52kWpsensor_card1,2026-07-07 07:00:00,27.488372093023255,25.697674418604652,192.69767441860466
fronius_plant_52kWpsensor_card1,2026-07-07 08:00:00,32.97872340425532,28.851063829787233,430.48936170212767
fronius_plant_52kWpsensor_card1,2026-07-07 09:00:00,37.84444444444444,32.08888888888889,577.8666666666667
fronius_plant_52kWpsensor_card1,2026-07-07 10:00:00,40.785714285714285,33.976190476190474,700.3095238095239
fronius_plant_52kWpsensor_card1,2026-07-07 11:00:00,41.38095238095238,35.666666666666664,784.4047619047619
fronius_plant_52kWpsensor_card1,2026-07-07 12:00:00,44.28888888888889,38.022222222222226,804.7555555555556
fronius_plant_52kWpsensor_card1,2026-07-07 13:00:00,43.604651162790695,37.86046511627907,741.5813953488372
fronius_plant_52kWpsensor_card1,2026-07-07 14:00:00,38.666666666666664,35.31111111111111,379.8222222222222
fronius_plant_52kWpsensor_card1,2026-07-07 15:00:00,35.82222222222222,33.68888888888889,264.0888888888889
fronius_plant_52kWpsensor_card1,2026-07-07 16:00:00,33.325,31.875,148.15
fronius_plant_52kWpsensor_card1,2026-07-07 17:00:00,31.153846153846153,30.512820512820515,68.41025641025641
fronius_plant_52kWpsensor_card1,2026-07-07 18:00:00,29.533333333333335,29.266666666666666,11.6
fronius_plant_52kWpsensor_card1,2026-07-07 20:00:00,27.0,28.0,0.0
fronius_plant_52kWpsensor_card1,2026-07-07 21:00:00,26.0,26.0,0.0
fronius_plant_52kWpsensor_card1,2026-07-08 03:00:00,23.0,24.0,0.0
fronius_plant_52kWpsensor_card1,2026-07-08 05:00:00,22.0,22.0,0.0
fronius_plant_52kWpsensor_card1,2026-07-08 06:00:00,23.026315789473685,22.789473684210527,33.921052631578945
fronius_plant_52kWpsensor_card1,2026-07-08 07:00:00,27.113636363636363,25.25,175.20454545454547
fronius_plant_52kWpsensor_card1,2026-07-08 08:00:00,30.931818181818183,27.431818181818183,282.29545454545456
fronius_plant_52kWpsensor_card1,2026-07-08 09:00:00,35.81395348837209,30.74418604651163,496.4418604651163
fronius_plant_52kWpsensor_card1,2026-07-08 10:00:00,40.76086956521739,33.84782608695652,686.4565217391304
fronius_plant_52kWpsensor_card1,2026-07-08 11:00:00,44.714285714285715,37.023809523809526,845.0714285714286
fronius_plant_52kWpsensor_card1,2026-07-08 12:00:00,44.91891891891892,38.21621621621622,737.5945945945946
fronius_plant_52kWpsensor_card1,2026-07-08 16:00:00,33.0,32.0,100.52380952380952
fronius_plant_52kWpsensor_card1,2026-07-08 17:00:00,31.26829268292683,30.853658536585368,48.36585365853659
fronius_plant_52kWpsensor_card1,2026-07-08 18:00:00,29.666666666666668,29.833333333333332,6.583333333333333
fronius_plant_52kWpsensor_card1,2026-07-08 20:00:00,27.0,27.0,0.0
fronius_plant_52kWpsensor_card1,2026-07-08 21:00:00,26.0,26.0,0.0
fronius_plant_52kWpsensor_card1,2026-07-08 22:00:00,25.0,25.0,0.0
fronius_plant_52kWpsensor_card1,2026-07-09 04:00:00,23.0,23.0,0.0
fronius_plant_52kWpsensor_card1,2026-07-09 06:00:00,23.217391304347824,23.0,14.478260869565217
fronius_plant_52kWpsensor_card1,2026-07-09 07:00:00,23.526315789473685,23.0,38.78947368421053
fronius_plant_52kWpsensor_card1,2026-07-09 08:00:00,23.214285714285715,22.452380952380953,128.21428571428572
fronius_plant_52kWpsensor_card1,2026-07-09 09:00:00,27.30952380952381,24.785714285714285,247.54761904761904
fronius_plant_52kWpsensor_card1,2026-07-09 10:00:00,29.348837209302324,26.348837209302324,255.37209302325581
fronius_plant_52kWpsensor_card1,2026-07-09 11:00:00,30.384615384615383,27.205128205128204,332.7692307692308
fronius_plant_52kWpsensor_card1,2026-07-09 12:00:00,33.4390243902439,29.341463414634145,486.3414634146341
fronius_plant_52kWpsensor_card1,2026-07-09 13:00:00,35.26086956521739,30.76086956521739,535.5869565217391
fronius_plant_52kWpsensor_card1,2026-07-09 14:00:00,32.23255813953488,29.3953488372093,380.86046511627904
fronius_plant_52kWpsensor_card1,2026-07-09 15:00:00,29.804347826086957,28.23913043478261,245.2173913043478
fronius_plant_52kWpsensor_card1,2026-07-09 16:00:00,28.238095238095237,27.11904761904762,136.95238095238096
fronius_plant_52kWpsensor_card1,2026-07-09 17:00:00,26.82857142857143,26.228571428571428,31.457142857142856
fronius_plant_52kWpsensor_card1,2026-07-09 18:00:00,25.75,25.0,2.5
fronius_plant_52kWpsensor_card1,2026-07-09 20:00:00,24.0,24.0,0.0
fronius_plant_52kWpsensor_card1,2026-07-09 21:00:00,23.0,23.0,0.0
fronius_plant_52kWpsensor_card1,2026-07-09 22:00:00,24.0,24.0,0.0
fronius_plant_52kWpsensor_card1,2026-07-10 00:00:00,23.0,23.0,0.0
fronius_plant_52kWpsensor_card1,2026-07-10 05:00:00,20.333333333333332,21.0,0.0
fronius_plant_52kWpsensor_card1,2026-07-10 06:00:00,21.46153846153846,21.692307692307693,38.82051282051282
fronius_plant_52kWpsensor_card1,2026-07-10 07:00:00,26.829268292682926,24.4390243902439,184.46341463414635
fronius_plant_52kWpsensor_card1,2026-07-10 08:00:00,32.2,27.755555555555556,389.15555555555557
fronius_plant_52kWpsensor_card1,2026-07-10 09:00:00,37.24444444444445,31.22222222222222,596.8888888888889
fronius_plant_52kWpsensor_card1,2026-07-10 10:00:00,38.2,32.62222222222222,580.2222222222222
fronius_plant_52kWpsensor_card1,2026-07-10 11:00:00,40.71739130434783,34.97826086956522,726.8913043478261
fronius_plant_52kWpsensor_card1,2026-07-10 12:00:00,38.58695652173913,34.17391304347826,523.2173913043479
fronius_plant_52kWpsensor_card1,2026-07-10 13:00:00,33.61363636363637,31.454545454545453,291.54545454545456
fronius_plant_52kWpsensor_card1,2026-07-10 14:00:00,39.25,34.63636363636363,456.40909090909093
fronius_plant_52kWpsensor_card1,2026-07-10 15:00:00,35.955555555555556,33.46666666666667,304.31111111111113
fronius_plant_52kWpsensor_card1,2026-07-10 16:00:00,35.18181818181818,33.22727272727273,186.5909090909091
fronius_plant_52kWpsensor_card1,2026-07-10 17:00:00,31.027027027027028,30.324324324324323,65.51351351351352
fronius_plant_52kWpsensor_card1,2026-07-10 18:00:00,28.3,28.2,5.1
fronius_plant_52kWpsensor_card1,2026-07-10 21:00:00,24.0,25.0,0.0
fronius_plant_52kWpsensor_card1,2026-07-10 22:00:00,23.5,24.0,0.0
fronius_plant_52kWpsensor_card1,2026-07-11 03:00:00,22.0,22.0,0.0
fronius_plant_52kWpsensor_card1,2026-07-11 05:00:00,20.0,20.5,0.0
fronius_plant_52kWpsensor_card1,2026-07-11 06:00:00,21.2,21.485714285714284,38.371428571428574
fronius_plant_52kWpsensor_card1,2026-07-11 07:00:00,26.15909090909091,24.204545454545453,178.54545454545453
fronius_plant_52kWpsensor_card1,2026-07-11 08:00:00,32.255319148936174,27.51063829787234,387.63829787234044
fronius_plant_52kWpsensor_card1,2026-07-11 09:00:00,37.15555555555556,30.711111111111112,587.2444444444444
fronius_plant_52kWpsensor_card1,2026-07-11 10:00:00,39.23913043478261,32.95652173913044,546.5217391304348
fronius_plant_52kWpsensor_card1,2026-07-11 11:00:00,37.58695652173913,33.58695652173913,516.7391304347826
fronius_plant_52kWpsensor_card1,2026-07-11 12:00:00,41.12765957446808,35.361702127659576,795.8723404255319
fronius_plant_52kWpsensor_card1,2026-07-11 13:00:00,40.59090909090909,35.29545454545455,610.0681818181819
fronius_plant_52kWpsensor_card1,2026-07-11 14:00:00,37.28888888888889,33.977777777777774,364.7111111111111
fronius_plant_52kWpsensor_card1,2026-07-11 15:00:00,36.04255319148936,33.4468085106383,289.72340425531917
fronius_plant_52kWpsensor_card1,2026-07-11 16:00:00,32.57142857142857,31.142857142857142,131.11428571428573
fronius_plant_52kWpsensor_card1,2026-07-11 17:00:00,29.976744186046513,29.441860465116278,46.23255813953488
fronius_plant_52kWpsensor_card1,2026-07-11 18:00:00,28.1,27.7,2.6
fronius_plant_52kWpsensor_card1,2026-07-11 21:00:00,24.0,25.0,0.0
fronius_plant_52kWpsensor_card1,2026-07-11 22:00:00,24.0,24.0,0.0
fronius_plant_52kWpsensor_card1,2026-07-12 01:00:00,24.0,23.0,0.0
fronius_plant_52kWpsensor_card1,2026-07-12 03:00:00,20.0,19.0,0.0
fronius_plant_52kWpsensor_card1,2026-07-12 05:00:00,20.0,20.5,0.0
fronius_plant_52kWpsensor_card1,2026-07-12 06:00:00,20.725,20.975,38.65
fronius_plant_52kWpsensor_card1,2026-07-12 07:00:00,23.555555555555557,22.377777777777776,156.6
fronius_plant_52kWpsensor_card1,2026-07-12 08:00:00,29.844444444444445,25.2,350.7111111111111
fronius_plant_52kWpsensor_card1,2026-07-12 09:00:00,32.62222222222222,27.444444444444443,327.6
fronius_plant_52kWpsensor_card1,2026-07-12 10:00:00,32.638297872340424,27.97872340425532,362.17021276595744
fronius_plant_52kWpsensor_card1,2026-07-12 11:00:00,30.0,27.4,277.31111111111113
fronius_plant_52kWpsensor_card1,2026-07-12 12:00:00,29.044444444444444,26.444444444444443,328.35555555555555
fronius_plant_52kWpsensor_card1,2026-07-12 13:00:00,30.177777777777777,27.555555555555557,257.93333333333334
fronius_plant_52kWpsensor_card1,2026-07-12 14:00:00,31.533333333333335,28.666666666666668,274.6
fronius_plant_52kWpsensor_card1,2026-07-12 15:00:00,33.28260869565217,30.08695652173913,389.82608695652175
fronius_plant_52kWpsensor_card1,2026-07-12 16:00:00,30.837209302325583,29.046511627906977,87.6046511627907
fronius_plant_52kWpsensor_card1,2026-07-12 17:00:00,28.12121212121212,27.757575757575758,24.96969696969697
fronius_plant_52kWpsensor_card1,2026-07-12 18:00:00,26.2,26.0,2.6
fronius_plant_52kWpsensor_card1,2026-07-12 20:00:00,25.0,25.0,0.0
fronius_plant_52kWpsensor_card1,2026-07-12 21:00:00,23.0,23.0,0.0
fronius_plant_52kWpsensor_card1,2026-07-13 04:00:00,21.0,21.0,0.0
fronius_plant_52kWpsensor_card1,2026-07-13 05:00:00,20.0,20.0,0.0
fronius_plant_52kWpsensor_card1,2026-07-13 06:00:00,20.56756756756757,20.35135135135135,32.08108108108108
fronius_plant_52kWpsensor_card1,2026-07-13 07:00:00,23.6046511627907,22.046511627906977,129.8139534883721
fronius_plant_52kWpsensor_card1,2026-07-13 08:00:00,29.666666666666668,25.844444444444445,369.68888888888887
fronius_plant_52kWpsensor_card1,2026-07-13 09:00:00,31.863636363636363,27.84090909090909,383.70454545454544
fronius_plant_52kWpsensor_card1,2026-07-13 10:00:00,34.78260869565217,29.782608695652176,599.195652173913
fronius_plant_52kWpsensor_card1,2026-07-13 11:00:00,39.17391304347826,32.69565217391305,792.1739130434783
fronius_plant_52kWpsensor_card1,2026-07-13 12:00:00,40.93478260869565,34.19565217391305,778.1304347826087
fronius_plant_52kWpsensor_card1,2026-07-13 13:00:00,38.41304347826087,34.21739130434783,555.7173913043479
fronius_plant_52kWpsensor_card1,2026-07-13 14:00:00,39.43478260869565,34.69565217391305,602.8695652173913
fronius_plant_52kWpsensor_card1,2026-07-13 15:00:00,38.30434782608695,34.93478260869565,472.3695652173913
fronius_plant_52kWpsensor_card1,2026-07-13 16:00:00,34.17391304347826,33.23913043478261,209.3695652173913
fronius_plant_52kWpsensor_card1,2026-07-13 17:00:00,29.454545454545453,29.333333333333332,31.575757575757574
fronius_plant_52kWpsensor_card1,2026-07-13 18:00:00,27.75,27.75,8.083333333333334
fronius_plant_52kWpsensor_card1,2026-07-13 20:00:00,26.0,26.0,0.0
fronius_plant_52kWpsensor_card1,2026-07-13 21:00:00,24.0,24.0,0.0
fronius_plant_52kWpsensor_card1,2026-07-14 00:00:00,22.0,23.0,0.0
fronius_plant_52kWpsensor_card1,2026-07-14 04:00:00,21.0,21.0,0.0
fronius_plant_52kWpsensor_card1,2026-07-14 05:00:00,20.0,21.0,0.0
fronius_plant_52kWpsensor_card1,2026-07-14 06:00:00,21.2,21.314285714285713,37.51428571428571
fronius_plant_52kWpsensor_card1,2026-07-14 07:00:00,25.795454545454547,23.75,179.36363636363637
fronius_plant_52kWpsensor_card1,2026-07-14 08:00:00,31.65909090909091,27.227272727272727,391.70454545454544
fronius_plant_52kWpsensor_card1,2026-07-14 09:00:00,37.55555555555556,30.955555555555556,597.3555555555556
fronius_plant_52kWpsensor_card1,2026-07-14 10:00:00,39.888888888888886,33.55555555555556,688.0888888888888
fronius_plant_52kWpsensor_card1,2026-07-14 11:00:00,41.34782608695652,35.06521739130435,785.1521739130435
fronius_plant_52kWpsensor_card1,2026-07-14 12:00:00,40.47826086956522,35.108695652173914,571.8260869565217
fronius_plant_52kWpsensor_card1,2026-07-14 13:00:00,38.47826086956522,34.52173913043478,552.9565217391304
fronius_plant_52kWpsensor_card1,2026-07-14 14:00:00,34.80434782608695,32.5,277.39130434782606
fronius_plant_52kWpsensor_card1,2026-07-14 15:00:00,33.95348837209303,32.13953488372093,246.5581395348837
fronius_plant_52kWpsensor_card1,2026-07-14 16:00:00,32.54347826086956,32.04347826086956,161.7173913043478
fronius_plant_52kWpsensor_card1,2026-07-14 17:00:00,31.26829268292683,30.78048780487805,66.17073170731707
fronius_plant_52kWpsensor_card1,2026-07-14 18:00:00,28.636363636363637,28.272727272727273,6.0
fronius_plant_52kWpsensor_card1,2026-07-14 21:00:00,25.0,25.0,0.0
fronius_plant_52kWpsensor_card1,2026-07-14 23:00:00,24.0,24.0,0.0
fronius_plant_52kWpsensor_card1,2026-07-15 00:00:00,23.0,23.0,0.0
fronius_plant_52kWpsensor_card1,2026-07-15 04:00:00,21.0,21.0,0.0
fronius_plant_52kWpsensor_card1,2026-07-15 05:00:00,21.0,21.0,5.8
fronius_plant_52kWpsensor_card1,2026-07-15 06:00:00,21.74418604651163,21.651162790697676,49.46511627906977
fronius_plant_52kWpsensor_card1,2026-07-15 07:00:00,26.142857142857142,24.285714285714285,177.21428571428572
fronius_plant_52kWpsensor_card1,2026-07-15 08:00:00,29.666666666666668,26.025641025641026,275.43589743589746
fronius_plant_52kWpsensor_card1,2026-07-15 09:00:00,32.432432432432435,28.16216216216216,354.6756756756757
fronius_plant_52kWpsensor_card1,2026-07-15 10:00:00,35.18604651162791,30.3953488372093,473.6511627906977
fronius_plant_52kWpsensor_card1,2026-07-15 11:00:00,36.78260869565217,32.369565217391305,491.1521739130435
fronius_plant_52kWpsensor_card1,2026-07-15 12:00:00,39.43478260869565,34.47826086956522,593.8913043478261
fronius_plant_52kWpsensor_card1,2026-07-15 13:00:00,37.84782608695652,33.84782608695652,402.6304347826087
fronius_plant_52kWpsensor_card1,2026-07-15 14:00:00,35.84444444444444,33.15555555555556,296.35555555555555
fronius_plant_52kWpsensor_card1,2026-07-15 15:00:00,33.73913043478261,31.717391304347824,157.0
fronius_plant_52kWpsensor_card1,2026-07-15 16:00:00,31.564102564102566,30.564102564102566,127.17948717948718
fronius_plant_52kWpsensor_card1,2026-07-15 17:00:00,29.25,28.6875,47.375
fronius_plant_52kWpsensor_card1,2026-07-15 18:00:00,27.928571428571427,27.857142857142858,10.071428571428571
fronius_plant_52kWpsensor_card1,2026-07-15 21:00:00,25.0,25.0,0.0
fronius_plant_52kWpsensor_card1,2026-07-15 22:00:00,24.0,24.0,0.0
fronius_plant_52kWpsensor_card1,2026-07-16 10:00:00,40.567567567567565,34.37837837837838,842.2432432432432
fronius_plant_52kWpsensor_card1,2026-07-16 11:00:00,38.80434782608695,33.97826086956522,629.8478260869565
fronius_plant_52kWpsensor_card1,2026-07-16 12:00:00,41.41304347826087,35.73913043478261,773.4782608695652
fronius_plant_52kWpsensor_card1,2026-07-16 13:00:00,40.55555555555556,36.08888888888889,691.4666666666667
fronius_plant_52kWpsensor_card1,2026-07-16 14:00:00,39.765957446808514,35.702127659574465,580.7659574468086
fronius_plant_52kWpsensor_card1,2026-07-16 15:00:00,37.523809523809526,34.642857142857146,359.45238095238096
fronius_plant_52kWpsensor_card1,2026-07-16 16:00:00,34.15555555555556,33.22222222222222,148.22222222222223
fronius_plant_52kWpsensor_card1,2026-07-16 17:00:00,32.371428571428574,31.6,79.88571428571429
fronius_plant_52kWpsensor_card1,2026-07-16 18:00:00,29.0,28.9,6.1
fronius_plant_52kWpsensor_card1,2026-07-16 23:00:00,24.0,25.0,0.0
fronius_plant_52kWpsensor_card1,2026-07-17 04:00:00,21.0,21.0,0.0
fronius_plant_52kWpsensor_card1,2026-07-17 05:00:00,21.0,21.0,4.0
fronius_plant_52kWpsensor_card1,2026-07-17 06:00:00,21.926829268292682,21.926829268292682,47.707317073170735
fronius_plant_52kWpsensor_card1,2026-07-17 07:00:00,25.636363636363637,23.954545454545453,161.0
fronius_plant_52kWpsensor_card1,2026-07-17 08:00:00,32.09756097560975,27.682926829268293,399.9756097560976
fronius_plant_52kWpsensor_card1,2026-07-17 09:00:00,35.23255813953488,30.325581395348838,437.25581395348837
fronius_plant_52kWpsensor_card1,2026-07-17 10:00:00,37.23913043478261,32.95652173913044,618.2608695652174
fronius_plant_52kWpsensor_card1,2026-07-17 11:00:00,40.13333333333333,34.53333333333333,686.5555555555555
fronius_plant_52kWpsensor_card1,2026-07-17 12:00:00,42.08510638297872,35.851063829787236,836.1063829787234
fronius_plant_52kWpsensor_card1,2026-07-17 13:00:00,41.95454545454545,35.97727272727273,532.0454545454545
fronius_plant_52kWpsensor_card1,2026-07-17 14:00:00,38.20454545454545,34.59090909090909,499.25
fronius_plant_52kWpsensor_card1,2026-07-17 15:00:00,38.4468085106383,35.234042553191486,377.9574468085106
fronius_plant_52kWpsensor_card1,2026-07-17 16:00:00,36.11363636363637,35.09090909090909,228.8181818181818
fronius_plant_52kWpsensor_card1,2026-07-17 17:00:00,31.775,31.2,57.325
fronius_plant_52kWpsensor_card1,2026-07-17 18:00:00,28.9,29.1,6.95
fronius_plant_52kWpsensor_card1,2026-07-17 21:00:00,26.0,26.0,0.0
fronius_plant_52kWpsensor_card1,2026-07-18 03:00:00,23.0,24.0,0.0
fronius_plant_52kWpsensor_card1,2026-07-18 04:00:00,23.0,23.0,0.0
fronius_plant_52kWpsensor_card1,2026-07-18 05:00:00,22.0,22.5,0.0
fronius_plant_52kWpsensor_card1,2026-07-18 06:00:00,22.58974358974359,22.974358974358974,30.256410256410255
fronius_plant_52kWpsensor_card1,2026-07-18 07:00:00,24.891304347826086,23.804347826086957,116.69565217391305
fronius_plant_52kWpsensor_card1,2026-07-18 08:00:00,29.863636363636363,26.34090909090909,340.54545454545456
fronius_plant_52kWpsensor_card1,2026-07-18 09:00:00,35.608695652173914,29.847826086956523,540.4347826086956
fronius_plant_52kWpsensor_card1,2026-07-18 10:00:00,40.02173913043478,32.630434782608695,657.695652173913
fronius_plant_52kWpsensor_card1,2026-07-18 11:00:00,43.06521739130435,34.82608695652174,785.8260869565217
fronius_plant_52kWpsensor_card1,2026-07-18 12:00:00,43.0,36.659574468085104,721.5531914893617
fronius_plant_52kWpsensor_card1,2026-07-18 13:00:00,42.609756097560975,37.170731707317074,761.6829268292682
fronius_plant_52kWpsensor_card1,2026-07-18 14:00:00,41.391304347826086,36.17391304347826,582.3913043478261
fronius_plant_52kWpsensor_card1,2026-07-18 15:00:00,38.44186046511628,35.27906976744186,387.3488372093023
fronius_plant_52kWpsensor_card1,2026-07-18 16:00:00,33.46666666666667,32.28888888888889,114.73333333333333
fronius_plant_52kWpsensor_card1,2026-07-18 17:00:00,31.096774193548388,30.516129032258064,29.580645161290324
fronius_plant_52kWpsensor_card1,2026-07-18 18:00:00,29.5,28.714285714285715,7.857142857142857
fronius_plant_52kWpsensor_card1,2026-07-18 22:00:00,24.0,24.0,0.0
fronius_plant_52kWpsensor_card1,2026-07-19 05:00:00,23.0,23.0,0.0
fronius_plant_52kWpsensor_card1,2026-07-19 06:00:00,22.04,22.36,17.72
fronius_plant_52kWpsensor_card1,2026-07-19 07:00:00,23.162790697674417,23.209302325581394,88.48837209302326
fronius_plant_52kWpsensor_card1,2026-07-19 08:00:00,27.30952380952381,25.428571428571427,185.54761904761904
fronius_plant_52kWpsensor_card1,2026-07-19 09:00:00,29.844444444444445,26.666666666666668,205.93333333333334
fronius_plant_52kWpsensor_card1,2026-07-19 10:00:00,32.891304347826086,28.891304347826086,423.89130434782606
fronius_plant_52kWpsensor_card1,2026-07-19 11:00:00,37.56521739130435,31.58695652173913,519.8478260869565
fronius_plant_52kWpsensor_card1,2026-07-19 12:00:00,37.06666666666667,32.31111111111111,444.2
fronius_plant_52kWpsensor_card1,2026-07-19 13:00:00,35.91304347826087,32.04347826086956,466.39130434782606
fronius_plant_52kWpsensor_card1,2026-07-19 14:00:00,35.54545454545455,32.04545454545455,373.1136363636364
fronius_plant_52kWpsensor_card1,2026-07-19 15:00:00,33.3421052631579,30.789473684210527,234.05263157894737
fronius_plant_52kWpsensor_card1,2026-07-19 16:00:00,31.5,29.772727272727273,159.52272727272728
fronius_plant_52kWpsensor_card1,2026-07-19 17:00:00,29.133333333333333,28.444444444444443,56.31111111111111
fronius_plant_52kWpsensor_card1,2026-07-19 18:00:00,27.133333333333333,26.866666666666667,8.0
fronius_plant_52kWpsensor_card1,2026-07-19 21:00:00,24.0,23.0,0.0
fronius_plant_52kWpsensor_card1,2026-07-20 05:00:00,20.0,20.0,0.0
fronius_plant_52kWpsensor_card1,2026-07-20 06:00:00,20.0,20.0,30.647058823529413
fronius_plant_52kWpsensor_card1,2026-07-20 07:00:00,21.80952380952381,21.30952380952381,130.61904761904762
fronius_plant_52kWpsensor_card1,2026-07-20 08:00:00,25.794871794871796,23.435897435897434,221.30769230769232
fronius_plant_52kWpsensor_card1,2026-07-20 09:00:00,28.88095238095238,25.11904761904762,295.3809523809524
fronius_plant_52kWpsensor_card1,2026-07-20 10:00:00,31.571428571428573,27.047619047619047,349.64285714285717
fronius_plant_52kWpsensor_card1,2026-07-20 11:00:00,36.41304347826087,29.869565217391305,567.695652173913
fronius_plant_52kWpsensor_card1,2026-07-20 12:00:00,40.24444444444445,32.22222222222222,585.9777777777778
fronius_plant_52kWpsensor_card1,2026-07-20 13:00:00,25.97142857142857,24.6,103.22857142857143
fronius_plant_52kWpsensor_card1,2026-07-20 14:00:00,25.795454545454547,23.90909090909091,302.47727272727275
fronius_plant_52kWpsensor_card1,2026-07-20 15:00:00,29.857142857142858,26.404761904761905,254.11904761904762
fronius_plant_52kWpsensor_card1,2026-07-20 16:00:00,30.58139534883721,27.372093023255815,225.13953488372093
fronius_plant_52kWpsensor_card1,2026-07-20 17:00:00,25.38095238095238,24.095238095238095,63.595238095238095
fronius_plant_52kWpsensor_card1,2026-07-20 18:00:00,23.785714285714285,23.285714285714285,5.714285714285714
fronius_plant_52kWpsensor_card1,2026-07-20 21:00:00,20.0,20.0,0.0
fronius_plant_52kWpsensor_card1,2026-07-21 05:00:00,19.0,19.4,0.0
fronius_plant_52kWpsensor_card1,2026-07-21 06:00:00,19.52777777777778,19.833333333333332,31.333333333333332
fronius_plant_52kWpsensor_card1,2026-07-21 07:00:00,20.622222222222224,20.42222222222222,117.44444444444444
fronius_plant_52kWpsensor_card1,2026-07-21 08:00:00,26.82608695652174,23.76086956521739,335.0
fronius_plant_52kWpsensor_card1,2026-07-21 09:00:00,35.17777777777778,28.333333333333332,591.8888888888889
fronius_plant_52kWpsensor_card1,2026-07-21 10:00:00,39.55555555555556,31.266666666666666,761.3333333333334
fronius_plant_52kWpsensor_card1,2026-07-21 11:00:00,42.85,33.425,805.35
fronius_plant_52kWpsensor_card1,2026-07-21 12:00:00,43.23809523809524,34.976190476190474,843.0238095238095
fronius_plant_52kWpsensor_card1,2026-07-21 13:00:00,43.116279069767444,36.48837209302326,781.8372093023256
fronius_plant_52kWpsensor_card1,2026-07-21 14:00:00,41.0,35.73913043478261,661.4347826086956
fronius_plant_52kWpsensor_card1,2026-07-21 15:00:00,39.28260869565217,35.41304347826087,480.17391304347825
fronius_plant_52kWpsensor_card1,2026-07-21 16:00:00,35.73913043478261,34.69565217391305,257.6304347826087
fronius_plant_52kWpsensor_card1,2026-07-21 17:00:00,31.976744186046513,31.25581395348837,65.0
fronius_plant_52kWpsensor_card1,2026-07-21 18:00:00,28.076923076923077,28.46153846153846,1.3076923076923077
fronius_plant_52kWpsensor_card1,2026-07-21 22:00:00,23.0,23.0,0.0
fronius_plant_52kWpsensor_card1,2026-07-22 01:00:00,22.0,22.0,0.0
fronius_plant_52kWpsensor_card1,2026-07-22 05:00:00,21.0,21.0,1.5
fronius_plant_52kWpsensor_card1,2026-07-22 06:00:00,22.78125,22.34375,35.1875
fronius_plant_52kWpsensor_card1,2026-07-22 07:00:00,25.74418604651163,23.976744186046513,132.11627906976744
fronius_plant_52kWpsensor_card1,2026-07-22 08:00:00,30.772727272727273,26.568181818181817,360.45454545454544
fronius_plant_52kWpsensor_card1,2026-07-22 09:00:00,34.6,28.8,548.6
fronius_plant_52kWpsensor_card1,2026-07-22 10:00:00,40.391304347826086,32.69565217391305,640.9782608695652
fronius_plant_52kWpsensor_card1,2026-07-22 11:00:00,40.95454545454545,33.40909090909091,678.5909090909091
fronius_plant_52kWpsensor_card1,2026-07-22 12:00:00,40.93478260869565,34.69565217391305,576.1086956521739
fronius_plant_52kWpsensor_card1,2026-07-22 13:00:00,40.27272727272727,34.5,479.5
fronius_plant_52kWpsensor_card1,2026-07-22 14:00:00,33.61363636363637,30.863636363636363,281.15909090909093
fronius_plant_52kWpsensor_card1,2026-07-22 15:00:00,31.047619047619047,29.452380952380953,92.4047619047619
fronius_plant_52kWpsensor_card1,2026-07-22 16:00:00,28.444444444444443,27.305555555555557,92.88888888888889
fronius_plant_52kWpsensor_card1,2026-07-22 17:00:00,26.62162162162162,26.216216216216218,34.567567567567565
fronius_plant_52kWpsensor_card1,2026-07-22 18:00:00,25.833333333333332,25.666666666666668,2.1666666666666665
fronius_plant_52kWpsensor_card1,2026-07-22 20:00:00,24.0,24.0,0.0
fronius_plant_52kWpsensor_card1,2026-07-22 22:00:00,23.0,23.0,0.0
fronius_plant_52kWpsensor_card1,2026-07-23 00:00:00,23.0,22.0,0.0
fronius_plant_52kWpsensor_card1,2026-07-23 05:00:00,19.0,18.333333333333332,0.0
fronius_plant_52kWpsensor_card1,2026-07-23 06:00:00,19.633333333333333,19.7,16.1
fronius_plant_52kWpsensor_card1,2026-07-23 07:00:00,20.428571428571427,20.17142857142857,61.48571428571429
fronius_plant_52kWpsensor_card1,2026-07-23 08:00:00,22.048780487804876,21.317073170731707,155.82926829268294
fronius_plant_52kWpsensor_card1,2026-07-23 09:00:00,25.863636363636363,23.59090909090909,337.0
fronius_plant_52kWpsensor_card1,2026-07-23 10:00:00,27.4,24.244444444444444,290.4
fronius_plant_52kWpsensor_card1,2026-07-23 11:00:00,31.133333333333333,26.511111111111113,552.2444444444444
fronius_plant_52kWpsensor_card1,2026-07-23 12:00:00,36.22222222222222,29.555555555555557,476.26666666666665
fronius_plant_52kWpsensor_card1,2026-07-23 13:00:00,38.57446808510638,32.08510638297872,499.25531914893617
fronius_plant_52kWpsensor_card1,2026-07-23 14:00:00,21.5609756097561,20.682926829268293,35.78048780487805
fronius_plant_52kWpsensor_card1,2026-07-23 15:00:00,20.974358974358974,20.512820512820515,43.35897435897436
fronius_plant_52kWpsensor_card1,2026-07-23 16:00:00,21.186046511627907,20.3953488372093,106.13953488372093
fronius_plant_52kWpsensor_card1,2026-07-23 17:00:00,21.10810810810811,20.45945945945946,41.08108108108108
fronius_plant_52kWpsensor_card1,2026-07-23 18:00:00,20.785714285714285,20.642857142857142,2.642857142857143
fronius_plant_52kWpsensor_card1,2026-07-23 21:00:00,20.0,20.0,0.0
fronius_plant_52kWpsensor_card1,2026-07-23 22:00:00,19.0,18.0,0.0
fronius_plant_52kWpsensor_card1,2026-07-24 04:00:00,18.0,18.0,0.0
fronius_plant_52kWpsensor_card1,2026-07-24 05:00:00,18.0,18.666666666666668,0.0
fronius_plant_52kWpsensor_card1,2026-07-24 06:00:00,18.846153846153847,19.076923076923077,44.46153846153846
fronius_plant_52kWpsensor_card1,2026-07-24 07:00:00,20.348837209302324,20.11627906976744,125.48837209302326
fronius_plant_52kWpsensor_card1,2026-07-24 08:00:00,24.282608695652176,22.347826086956523,325.9130434782609
fronius_plant_52kWpsensor_card1,2026-07-24 09:00:00,32.26086956521739,27.0,643.2608695652174
fronius_plant_52kWpsensor_card1,2026-07-24 10:00:00,34.91489361702128,29.106382978723403,543.9787234042553
fronius_plant_52kWpsensor_card1,2026-07-24 11:00:00,34.702127659574465,30.0,546.1702127659574
fronius_plant_52kWpsensor_card1,2026-07-24 12:00:00,40.48936170212766,33.255319148936174,732.468085106383
fronius_plant_52kWpsensor_card1,2026-07-24 13:00:00,41.24444444444445,34.8,795.9555555555555
fronius_plant_52kWpsensor_card1,2026-07-24 14:00:00,39.8936170212766,34.744680851063826,661.7446808510638
fronius_plant_52kWpsensor_card1,2026-07-24 15:00:00,37.68888888888889,34.355555555555554,477.1333333333333
fronius_plant_52kWpsensor_card1,2026-07-24 16:00:00,34.02272727272727,32.95454545454545,207.45454545454547
fronius_plant_52kWpsensor_card1,2026-07-24 17:00:00,29.682926829268293,29.317073170731707,46.926829268292686
fronius_plant_52kWpsensor_card1,2026-07-24 18:00:00,27.0,27.285714285714285,2.0714285714285716
fronius_plant_52kWpsensor_card1,2026-07-24 21:00:00,23.0,24.0,0.0
fronius_plant_52kWpsensor_card1,2026-07-24 22:00:00,23.0,23.0,0.0
fronius_plant_52kWpsensor_card1,2026-07-25 01:00:00,21.0,21.0,0.0
fronius_plant_52kWpsensor_card1,2026-07-25 05:00:00,19.0,19.6,0.0
fronius_plant_52kWpsensor_card1,2026-07-25 06:00:00,19.783783783783782,20.2972972972973,39.08108108108108
fronius_plant_52kWpsensor_card1,2026-07-25 07:00:00,24.717391304347824,22.67391304347826,191.0
fronius_plant_52kWpsensor_card1,2026-07-25 08:00:00,30.17391304347826,25.76086956521739,358.0652173913044
fronius_plant_52kWpsensor_card1,2026-07-25 09:00:00,34.608695652173914,29.0,568.6521739130435
fronius_plant_52kWpsensor_card1,2026-07-25 10:00:00,38.37777777777778,31.377777777777776,733.4
fronius_plant_52kWpsensor_card1,2026-07-25 11:00:00,42.5,34.82608695652174,869.5652173913044
fronius_plant_52kWpsensor_card1,2026-07-25 12:00:00,42.22222222222222,35.022222222222226,820.4444444444445
fronius_plant_52kWpsensor_card1,2026-07-25 13:00:00,43.04347826086956,36.28260869565217,841.3913043478261
fronius_plant_52kWpsensor_card1,2026-07-25 14:00:00,38.08695652173913,34.28260869565217,430.2391304347826
fronius_plant_52kWpsensor_card1,2026-07-25 15:00:00,36.43181818181818,33.36363636363637,286.45454545454544
fronius_plant_52kWpsensor_card1,2026-07-25 16:00:00,33.53333333333333,32.266666666666666,185.66666666666666
fronius_plant_52kWpsensor_card1,2026-07-25 17:00:00,30.523809523809526,29.904761904761905,59.523809523809526
fronius_plant_52kWpsensor_card1,2026-07-25 18:00:00,28.533333333333335,28.066666666666666,2.6666666666666665
fronius_plant_52kWpsensor_card1,2026-07-25 20:00:00,25.0,25.0,0.0
fronius_plant_52kWpsensor_card1,2026-07-25 21:00:00,23.0,23.0,0.0
fronius_plant_52kWpsensor_card1,2026-07-25 22:00:00,22.0,21.0,0.0
fronius_plant_52kWpsensor_card1,2026-07-26 00:00:00,21.0,21.0,0.0
fronius_plant_52kWpsensor_card1,2026-07-26 05:00:00,19.0,19.0,0.0
fronius_plant_52kWpsensor_card1,2026-07-26 06:00:00,19.484848484848484,19.87878787878788,22.87878787878788
fronius_plant_52kWpsensor_card1,2026-07-26 07:00:00,22.266666666666666,21.2,128.51111111111112
fronius_plant_52kWpsensor_card1,2026-07-26 08:00:00,27.404761904761905,24.11904761904762,270.54761904761904
fronius_plant_52kWpsensor_card1,2026-07-26 09:00:00,33.577777777777776,27.42222222222222,484.73333333333335
fronius_plant_52kWpsensor_card1,2026-07-26 10:00:00,36.0,29.444444444444443,454.75555555555553
fronius_plant_52kWpsensor_card1,2026-07-26 11:00:00,37.28260869565217,30.02173913043478,519.4347826086956
fronius_plant_52kWpsensor_card1,2026-07-26 12:00:00,39.80434782608695,32.130434782608695,632.6739130434783
fronius_plant_52kWpsensor_card1,2026-07-26 13:00:00,38.78260869565217,32.84782608695652,503.0
fronius_plant_52kWpsensor_card1,2026-07-26 14:00:00,38.32608695652174,33.28260869565217,515.3913043478261
fronius_plant_52kWpsensor_card1,2026-07-26 15:00:00,34.61904761904762,31.547619047619047,403.26190476190476
fronius_plant_52kWpsensor_card1,2026-07-26 16:00:00,29.697674418604652,28.511627906976745,139.6046511627907
fronius_plant_52kWpsensor_card1,2026-07-26 17:00:00,27.88888888888889,27.22222222222222,53.361111111111114
fronius_plant_52kWpsensor_card1,2026-07-26 18:00:00,26.333333333333332,26.083333333333332,7.416666666666667
fronius_plant_52kWpsensor_card1,2026-07-26 21:00:00,23.0,23.0,0.0
fronius_plant_52kWpsensor_card1,2026-07-27 01:00:00,23.0,22.0,0.0
fronius_plant_52kWpsensor_card1,2026-07-27 05:00:00,20.0,20.0,0.0
fronius_plant_52kWpsensor_card1,2026-07-27 06:00:00,20.804878048780488,20.51219512195122,44.048780487804876
fronius_plant_52kWpsensor_card1,2026-07-27 07:00:00,23.3953488372093,22.302325581395348,93.37209302325581
fronius_plant_52kWpsensor_card1,2026-07-27 08:00:00,23.886363636363637,22.363636363636363,170.22727272727272
fronius_plant_52kWpsensor_card1,2026-07-27 09:00:00,30.355555555555554,26.08888888888889,608.0
fronius_plant_52kWpsensor_card1,2026-07-27 10:00:00,37.97826086956522,30.17391304347826,754.9347826086956
fronius_plant_52kWpsensor_card1,2026-07-27 11:00:00,40.21739130434783,32.21739130434783,726.7826086956521
fronius_plant_52kWpsensor_card1,2026-07-27 12:00:00,38.82222222222222,33.17777777777778,609.8666666666667
fronius_plant_52kWpsensor_card1,2026-07-27 13:00:00,41.48936170212766,35.38297872340426,711.1489361702128
fronius_plant_52kWpsensor_card1,2026-07-27 14:00:00,43.58695652173913,37.30434782608695,715.3478260869565
fronius_plant_52kWpsensor_card1,2026-07-27 15:00:00,36.62222222222222,33.93333333333333,345.6
fronius_plant_52kWpsensor_card1,2026-07-27 16:00:00,31.40909090909091,30.181818181818183,98.63636363636364
fronius_plant_52kWpsensor_card1,2026-07-27 17:00:00,27.333333333333332,26.666666666666668,17.925925925925927
fronius_plant_52kWpsensor_card1,2026-07-27 18:00:00,25.22222222222222,24.666666666666668,0.3333333333333333
fronius_plant_52kWpsensor_card1,2026-07-27 20:00:00,24.0,24.0,0.0
fronius_plant_52kWpsensor_card1,2026-07-27 22:00:00,23.0,23.0,0.0
fronius_plant_52kWpsensor_card1,2026-07-28 00:00:00,22.0,22.0,0.0
fronius_plant_52kWpsensor_card1,2026-07-28 05:00:00,20.5,21.0,0.0
fronius_plant_52kWpsensor_card1,2026-07-28 06:00:00,20.794117647058822,21.08823529411765,38.35294117647059
fronius_plant_52kWpsensor_card1,2026-07-28 07:00:00,25.130434782608695,23.130434782608695,183.08695652173913
fronius_plant_52kWpsensor_card1,2026-07-28 08:00:00,30.627906976744185,26.348837209302324,394.6046511627907
fronius_plant_52kWpsensor_card1,2026-07-28 09:00:00,36.93181818181818,29.977272727272727,622.4772727272727
fronius_plant_52kWpsensor_card1,2026-07-28 10:00:00,40.47826086956522,32.43478260869565,804.7608695652174
fronius_plant_52kWpsensor_card1,2026-07-28 11:00:00,42.333333333333336,34.68888888888889,836.2222222222222
fronius_plant_52kWpsensor_card1,2026-07-28 12:00:00,43.69047619047619,36.476190476190474,872.4285714285714
fronius_plant_52kWpsensor_card1,2026-07-28 13:00:00,43.40909090909091,36.79545454545455,813.25
fronius_plant_52kWpsensor_card1,2026-07-28 14:00:00,41.16279069767442,35.72093023255814,656.2093023255813
fronius_plant_52kWpsensor_card1,2026-07-28 15:00:00,38.142857142857146,34.51428571428571,475.34285714285716
fronius_plant_52kWpsensor_card1,2026-07-29 09:00:00,34.333333333333336,29.166666666666668,562.1666666666666
fronius_plant_52kWpsensor_card1,2026-07-29 10:00:00,34.5,29.782608695652176,455.7391304347826
fronius_plant_52kWpsensor_card1,2026-07-29 11:00:00,39.08695652173913,32.69565217391305,734.0652173913044
fronius_plant_52kWpsensor_card1,2026-07-29 12:00:00,42.17391304347826,36.21739130434783,884.2826086956521
fronius_plant_52kWpsensor_card1,2026-07-29 13:00:00,43.18604651162791,36.93023255813954,794.6976744186046
fronius_plant_52kWpsensor_card1,2026-07-29 14:00:00,42.651162790697676,36.72093023255814,651.2558139534884
fronius_plant_52kWpsensor_card1,2026-07-29 15:00:00,39.67391304347826,35.93478260869565,496.8478260869565
fronius_plant_52kWpsensor_card1,2026-07-29 16:00:00,36.62222222222222,35.24444444444445,257.77777777777777
fronius_plant_52kWpsensor_card1,2026-07-29 17:00:00,31.22222222222222,30.61111111111111,44.69444444444444
fronius_plant_52kWpsensor_card1,2026-07-29 18:00:00,28.333333333333332,28.666666666666668,0.5
fronius_plant_52kWpsensor_card1,2026-07-29 21:00:00,25.0,25.0,0.0
fronius_plant_52kWpsensor_card1,2026-07-30 05:00:00,21.5,22.0,0.0
fronius_plant_52kWpsensor_card1,2026-07-30 06:00:00,22.59090909090909,22.613636363636363,47.06818181818182
fronius_plant_52kWpsensor_card1,2026-07-30 07:00:00,27.866666666666667,25.511111111111113,242.62222222222223
fronius_plant_52kWpsensor_card1,2026-07-30 08:00:00,31.65909090909091,27.727272727272727,322.5681818181818
fronius_plant_52kWpsensor_card1,2026-07-30 09:00:00,36.43181818181818,30.795454545454547,548.5681818181819
fronius_plant_52kWpsensor_card1,2026-07-30 10:00:00,40.06666666666667,33.37777777777778,703.9333333333333
fronius_plant_52kWpsensor_card1,2026-07-30 11:00:00,41.76086956521739,35.73913043478261,724.4782608695652
fronius_plant_52kWpsensor_card1,2026-07-30 12:00:00,40.80434782608695,35.891304347826086,570.1304347826087
fronius_plant_52kWpsensor_card1,2026-07-30 13:00:00,41.84090909090909,36.72727272727273,716.6363636363636
fronius_plant_52kWpsensor_card1,2026-07-30 14:00:00,42.06521739130435,36.869565217391305,455.1304347826087
fronius_plant_52kWpsensor_card1,2026-07-30 15:00:00,36.77272727272727,34.40909090909091,281.72727272727275
fronius_plant_52kWpsensor_card1,2026-07-30 16:00:00,33.476190476190474,32.54761904761905,139.97619047619048
fronius_plant_52kWpsensor_card1,2026-07-30 17:00:00,31.488372093023255,30.651162790697676,71.18604651162791
fronius_plant_52kWpsensor_card1,2026-07-30 18:00:00,29.133333333333333,28.8,7.6
fronius_plant_52kWpsensor_card1,2026-07-30 20:00:00,26.0,27.0,0.0
fronius_plant_52kWpsensor_card1,2026-07-30 21:00:00,26.0,26.0,0.0
fronius_plant_52kWpsensor_card1,2026-07-30 23:00:00,25.0,25.0,0.0
fronius_plant_52kWpsensor_card1,2026-07-31 04:00:00,23.0,23.0,0.0
fronius_plant_52kWpsensor_card1,2026-07-31 05:00:00,22.0,22.333333333333332,0.0
fronius_plant_52kWpsensor_card1,2026-07-31 06:00:00,22.651162790697676,22.88372093023256,34.30232558139535
fronius_plant_52kWpsensor_card1,2026-07-31 07:00:00,25.108695652173914,23.956521739130434,123.06521739130434
fronius_plant_52kWpsensor_card1,2026-07-31 08:00:00,28.375,25.9,261.625
fronius_plant_52kWpsensor_card1,2026-07-31 12:00:00,41.30769230769231,35.88461538461539,699.1923076923077
fronius_plant_52kWpsensor_card1,2026-07-31 13:00:00,42.723404255319146,37.276595744680854,761.6382978723404
fronius_plant_52kWpsensor_card1,2026-07-31 14:00:00,41.18604651162791,36.674418604651166,559.5581395348837
fronius_plant_52kWpsensor_card1,2026-07-31 15:00:00,37.80952380952381,35.023809523809526,369.23809523809524
fronius_plant_52kWpsensor_card1,2026-07-31 16:00:00,35.51111111111111,34.17777777777778,227.93333333333334
fronius_plant_52kWpsensor_card1,2026-07-31 17:00:00,30.307692307692307,30.076923076923077,32.73076923076923
fronius_plant_52kWpsensor_card1,2026-07-31 18:00:00,28.692307692307693,28.692307692307693,3.923076923076923
fronius_plant_52kWpsensor_card1,2026-07-31 21:00:00,25.0,26.0,0.0
fronius_plant_52kWpsensor_card1,2026-08-01 04:00:00,21.0,21.0,0.0
fronius_plant_52kWpsensor_card1,2026-08-01 05:00:00,22.0,21.6,2.8
fronius_plant_52kWpsensor_card1,2026-08-01 06:00:00,22.813953488372093,22.41860465116279,63.651162790697676
fronius_plant_52kWpsensor_card1,2026-08-01 07:00:00,26.13953488372093,24.441860465116278,176.58139534883722
fronius_plant_52kWpsensor_card1,2026-08-01 08:00:00,32.27272727272727,27.772727272727273,388.79545454545456
fronius_plant_52kWpsensor_card1,2026-08-01 09:00:00,35.37777777777778,30.066666666666666,549.6444444444444
fronius_plant_52kWpsensor_card1,2026-08-01 10:00:00,36.15217391304348,31.23913043478261,465.0
fronius_plant_52kWpsensor_card1,2026-08-01 11:00:00,38.71739130434783,33.93478260869565,560.8913043478261
fronius_plant_52kWpsensor_card1,2026-08-01 12:00:00,40.130434782608695,35.19565217391305,655.2608695652174
fronius_plant_52kWpsensor_card1,2026-08-01 13:00:00,39.08695652173913,34.71739130434783,545.6086956521739
fronius_plant_52kWpsensor_card1,2026-08-01 14:00:00,36.58695652173913,33.54347826086956,309.7391304347826
fronius_plant_52kWpsensor_card1,2026-08-01 15:00:00,35.644444444444446,33.15555555555556,280.0888888888889
fronius_plant_52kWpsensor_card1,2026-08-01 16:00:00,30.363636363636363,29.772727272727273,70.97727272727273
fronius_plant_52kWpsensor_card1,2026-08-01 17:00:00,29.060606060606062,29.0,26.242424242424242
fronius_plant_52kWpsensor_card1,2026-08-01 18:00:00,28.454545454545453,28.272727272727273,0.45454545454545453
fronius_plant_52kWpsensor_card1,2026-08-01 21:00:00,26.0,26.0,0.0
fronius_plant_52kWpsensor_card1,2026-08-02 03:00:00,22.0,23.0,0.0
fronius_plant_52kWpsensor_card1,2026-08-02 04:00:00,21.0,22.0,0.0
fronius_plant_52kWpsensor_card1,2026-08-02 05:00:00,21.0,21.428571428571427,0.0
fronius_plant_52kWpsensor_card1,2026-08-02 06:00:00,22.204545454545453,22.022727272727273,62.68181818181818
fronius_plant_52kWpsensor_card1,2026-08-02 07:00:00,27.095238095238095,24.952380952380953,212.02380952380952
fronius_plant_52kWpsensor_card1,2026-08-02 08:00:00,30.82608695652174,27.08695652173913,349.3695652173913
fronius_plant_52kWpsensor_card1,2026-08-02 09:00:00,33.73913043478261,29.043478260869566,460.2608695652174
fronius_plant_52kWpsensor_card1,2026-08-02 10:00:00,37.13333333333333,31.822222222222223,663.2
fronius_plant_52kWpsensor_card1,2026-08-02 11:00:00,40.46666666666667,34.6,727.4222222222222
fronius_plant_52kWpsensor_card1,2026-08-02 12:00:00,41.422222222222224,35.48888888888889,827.1333333333333
fronius_plant_52kWpsensor_card1,2026-08-02 13:00:00,43.43478260869565,36.76086956521739,773.1086956521739
fronius_plant_52kWpsensor_card1,2026-08-02 14:00:00,41.40909090909091,36.43181818181818,686.75
fronius_plant_52kWpsensor_card1,2026-08-02 15:00:00,39.25581395348837,35.7906976744186,493.4186046511628
fronius_plant_52kWpsensor_card1,2026-08-02 16:00:00,36.25,35.27272727272727,263.47727272727275
fronius_plant_52kWpsensor_card1,2026-08-02 17:00:00,32.1,31.575,62.075
fronius_plant_52kWpsensor_card1,2026-08-02 18:00:00,28.9,29.0,3.9
fronius_plant_52kWpsensor_card1,2026-08-02 20:00:00,27.0,27.0,0.0
fronius_plant_52kWpsensor_card1,2026-08-03 04:00:00,23.0,24.0,0.0
fronius_plant_52kWpsensor_card1,2026-08-03 05:00:00,22.0,22.0,0.0
fronius_plant_52kWpsensor_card1,2026-08-03 06:00:00,22.333333333333332,22.566666666666666,34.5
fronius_plant_52kWpsensor_card1,2026-08-03 07:00:00,27.0,25.130434782608695,182.7391304347826
fronius_plant_52kWpsensor_card1,2026-08-03 08:00:00,30.266666666666666,27.11111111111111,297.8888888888889
fronius_plant_52kWpsensor_card1,2026-08-03 09:00:00,34.84782608695652,29.956521739130434,510.3695652173913
fronius_plant_52kWpsensor_card1,2026-08-03 10:00:00,35.87179487179487,30.487179487179485,502.20512820512823
fronius_plant_52kWpsensor_card1,2026-08-03 16:00:00,33.92,32.4,185.04
fronius_plant_52kWpsensor_card1,2026-08-03 17:00:00,30.204545454545453,29.431818181818183,53.77272727272727
fronius_plant_52kWpsensor_card1,2026-08-03 18:00:00,28.466666666666665,28.0,3.4
fronius_plant_52kWpsensor_card1,2026-08-03 20:00:00,26.0,26.0,0.0
fronius_plant_52kWpsensor_card1,2026-08-04 05:00:00,22.0,22.0,0.0
fronius_plant_52kWpsensor_card1,2026-08-04 06:00:00,22.151515151515152,21.78787878787879,25.87878787878788
fronius_plant_52kWpsensor_card1,2026-08-04 07:00:00,23.0,22.22222222222222,62.111111111111114
fronius_plant_52kWpsensor_card1,2026-08-04 11:00:00,36.138888888888886,32.111111111111114,308.27777777777777
fronius_plant_52kWpsensor_card1,2026-08-04 12:00:00,38.659574468085104,34.12765957446808,600.5531914893617
fronius_plant_52kWpsensor_card1,2026-08-04 13:00:00,40.422222222222224,35.24444444444445,591.4666666666667
fronius_plant_52kWpsensor_card1,2026-08-04 14:00:00,34.04651162790697,31.86046511627907,224.93023255813952
fronius_plant_52kWpsensor_card1,2026-08-04 15:00:00,32.71739130434783,30.934782608695652,220.30434782608697
fronius_plant_52kWpsensor_card1,2026-08-04 16:00:00,30.863636363636363,29.636363636363637,124.79545454545455
fronius_plant_52kWpsensor_card1,2026-08-04 17:00:00,28.871794871794872,28.384615384615383,31.23076923076923
fronius_plant_52kWpsensor_card1,2026-08-04 18:00:00,27.75,27.25,0.0
fronius_plant_52kWpsensor_card1,2026-08-04 20:00:00,26.0,27.0,0.0
fronius_plant_52kWpsensor_card1,2026-08-04 21:00:00,26.0,26.0,0.0
fronius_plant_52kWpsensor_card1,2026-08-05 05:00:00,22.5,22.0,0.0
fronius_plant_52kWpsensor_card1,2026-08-05 06:00:00,22.625,22.0,26.78125
fronius_plant_52kWpsensor_card1,2026-08-05 07:00:00,24.488372093023255,23.13953488372093,143.2093023255814
fronius_plant_52kWpsensor_card1,2026-08-05 08:00:00,26.13953488372093,24.093023255813954,210.95348837209303
fronius_plant_52kWpsensor_card1,2026-08-05 09:00:00,28.75,26.0,349.0
fronius_plant_52kWpsensor_card1,2026-08-05 10:00:00,35.26086956521739,29.67391304347826,583.2826086956521
fronius_plant_52kWpsensor_card1,2026-08-05 11:00:00,39.67391304347826,32.47826086956522,615.6739130434783
fronius_plant_52kWpsensor_card1,2026-08-05 12:00:00,38.44444444444444,33.24444444444445,551.4222222222222
fronius_plant_52kWpsensor_card1,2026-08-05 13:00:00,37.48888888888889,33.422222222222224,473.55555555555554
fronius_plant_52kWpsensor_card1,2026-08-05 14:00:00,35.75555555555555,32.68888888888889,415.7111111111111
fronius_plant_52kWpsensor_card1,2026-08-05 15:00:00,34.422222222222224,31.88888888888889,317.1111111111111
fronius_plant_52kWpsensor_card1,2026-08-05 16:00:00,33.0,31.652173913043477,201.95652173913044
fronius_plant_52kWpsensor_card1,2026-08-05 17:00:00,30.047619047619047,29.333333333333332,60.666666666666664
fronius_plant_52kWpsensor_card1,2026-08-05 18:00:00,27.875,27.75,4.5
fronius_plant_52kWpsensor_card1,2026-08-05 21:00:00,25.0,25.0,0.0
fronius_plant_52kWpsensor_card1,2026-08-05 22:00:00,24.0,24.0,0.0
fronius_plant_52kWpsensor_card1,2026-08-06 09:00:00,33.3,29.3,367.2
fronius_plant_52kWpsensor_card1,2026-08-06 10:00:00,36.8,31.288888888888888,568.0222222222222
fronius_plant_52kWpsensor_card1,2026-08-06 11:00:00,39.06521739130435,33.65217391304348,520.9565217391304
fronius_plant_52kWpsensor_card1,2026-08-06 12:00:00,35.38636363636363,32.13636363636363,306.0681818181818
fronius_plant_52kWpsensor_card1,2026-08-06 13:00:00,34.30232558139535,31.790697674418606,308.7674418604651
fronius_plant_52kWpsensor_card1,2026-08-06 14:00:00,33.77272727272727,31.568181818181817,245.3409090909091
fronius_plant_52kWpsensor_card1,2026-08-06 15:00:00,33.1219512195122,30.951219512195124,193.70731707317074
fronius_plant_52kWpsensor_card1,2026-08-06 16:00:00,31.641025641025642,30.17948717948718,117.97435897435898
fronius_plant_52kWpsensor_card1,2026-08-06 17:00:00,27.694444444444443,26.805555555555557,30.666666666666668
fronius_plant_52kWpsensor_card1,2026-08-06 18:00:00,26.0,25.555555555555557,0.8888888888888888
fronius_plant_52kWpsensor_card1,2026-08-06 21:00:00,23.0,23.0,0.0
fronius_plant_52kWpsensor_card1,2026-08-07 05:00:00,20.0,20.333333333333332,0.0
fronius_plant_52kWpsensor_card1,2026-08-07 06:00:00,20.5625,20.5,34.53125
fronius_plant_52kWpsensor_card1,2026-08-07 07:00:00,25.4,23.266666666666666,212.66666666666666
fronius_plant_52kWpsensor_card1,2026-08-07 08:00:00,31.377777777777776,26.733333333333334,426.0444444444444
fronius_plant_52kWpsensor_card1,2026-08-07 09:00:00,35.666666666666664,29.77777777777778,623.6666666666666
fronius_plant_52kWpsensor_card1,2026-08-07 10:00:00,40.577777777777776,32.68888888888889,763.0444444444445
fronius_plant_52kWpsensor_card1,2026-08-07 11:00:00,40.61702127659574,34.297872340425535,832.5744680851063
fronius_plant_52kWpsensor_card1,2026-08-07 12:00:00,43.651162790697676,36.55813953488372,942.6744186046511
fronius_plant_52kWpsensor_card1,2026-08-07 13:00:00,43.22222222222222,37.31111111111111,851.8
fronius_plant_52kWpsensor_card1,2026-08-07 14:00:00,41.84090909090909,36.31818181818182,694.6590909090909
fronius_plant_52kWpsensor_card1,2026-08-07 15:00:00,39.37777777777778,35.68888888888889,438.15555555555557
fronius_plant_52kWpsensor_card1,2026-08-07 16:00:00,36.43478260869565,35.19565217391305,288.0652173913044
fronius_plant_52kWpsensor_card1,2026-08-07 17:00:00,32.733333333333334,31.77777777777778,98.86666666666666
fronius_plant_52kWpsensor_card1,2026-08-07 18:00:00,29.307692307692307,29.23076923076923,8.76923076923077
fronius_plant_52kWpsensor_card1,2026-08-07 21:00:00,24.0,24.0,0.0
fronius_plant_52kWpsensor_card1,2026-08-08 05:00:00,22.5,22.0,0.0
fronius_plant_52kWpsensor_card1,2026-08-08 06:00:00,23.70731707317073,23.26829268292683,43.170731707317074
fronius_plant_52kWpsensor_card1,2026-08-08 07:00:00,26.170731707317074,24.658536585365855,104.82926829268293
fronius_plant_52kWpsensor_card1,2026-08-08 08:00:00,28.34090909090909,25.90909090909091,251.54545454545453
fronius_plant_52kWpsensor_card1,2026-08-08 09:00:00,36.31111111111111,30.4,621.9333333333333
fronius_plant_52kWpsensor_card1,2026-08-08 10:00:00,40.37777777777778,33.22222222222222,651.3777777777777
fronius_plant_52kWpsensor_card1,2026-08-08 11:00:00,36.391304347826086,31.956521739130434,380.45652173913044
fronius_plant_52kWpsensor_card1,2026-08-08 12:00:00,44.73913043478261,37.17391304347826,871.1521739130435
fronius_plant_52kWpsensor_card1,2026-08-08 13:00:00,43.6,37.51111111111111,739.8444444444444
fronius_plant_52kWpsensor_card1,2026-08-08 14:00:00,38.23913043478261,34.76086956521739,429.7826086956522
fronius_plant_52kWpsensor_card1,2026-08-08 15:00:00,33.24390243902439,31.878048780487806,166.41463414634146
fronius_plant_52kWpsensor_card1,2026-08-08 16:00:00,30.68421052631579,30.0,46.55263157894737
fronius_plant_52kWpsensor_card1,2026-08-08 17:00:00,29.6,29.233333333333334,30.733333333333334
fronius_plant_52kWpsensor_card1,2026-08-08 18:00:00,28.857142857142858,28.428571428571427,4.285714285714286
fronius_plant_52kWpsensor_card1,2026-08-08 20:00:00,28.0,27.0,0.0
fronius_plant_52kWpsensor_card1,2026-08-08 21:00:00,24.0,25.0,0.0
fronius_plant_52kWpsensor_card1,2026-08-08 22:00:00,25.0,25.0,0.0
fronius_plant_52kWpsensor_card1,2026-08-09 02:00:00,21.0,21.0,0.0
fronius_plant_52kWpsensor_card1,2026-08-09 06:00:00,21.242424242424242,20.96969696969697,27.939393939393938
fronius_plant_52kWpsensor_card1,2026-08-09 07:00:00,25.477272727272727,23.568181818181817,157.86363636363637
fronius_plant_52kWpsensor_card1,2026-08-09 08:00:00,29.65909090909091,26.181818181818183,340.90909090909093
fronius_plant_52kWpsensor_card1,2026-08-09 09:00:00,38.04545454545455,31.0,713.3636363636364
fronius_plant_52kWpsensor_card1,2026-08-09 10:00:00,37.0,31.043478260869566,541.695652173913
fronius_plant_52kWpsensor_card1,2026-08-09 11:00:00,37.45652173913044,32.04347826086956,544.0652173913044
fronius_plant_52kWpsensor_card1,2026-08-09 12:00:00,38.65217391304348,34.23913043478261,588.7826086956521
fronius_plant_52kWpsensor_card1,2026-08-09 13:00:00,42.43478260869565,36.56521739130435,645.7826086956521
fronius_plant_52kWpsensor_card1,2026-08-09 14:00:00,40.43181818181818,36.18181818181818,589.2272727272727
fronius_plant_52kWpsensor_card1,2026-08-09 15:00:00,38.642857142857146,35.61904761904762,409.8095238095238
fronius_plant_52kWpsensor_card1,2026-08-09 16:00:00,35.52173913043478,34.43478260869565,232.5
fronius_plant_52kWpsensor_card1,2026-08-09 17:00:00,31.0,30.5,38.875
fronius_plant_52kWpsensor_card1,2026-08-09 18:00:00,29.0,28.6,0.0
fronius_plant_52kWpsensor_card1,2026-08-09 20:00:00,27.0,27.0,0.0
fronius_plant_52kWpsensor_card1,2026-08-09 21:00:00,26.0,26.0,0.0
fronius_plant_52kWpsensor_card1,2026-08-10 03:00:00,24.0,24.0,0.0
fronius_plant_52kWpsensor_card1,2026-08-10 05:00:00,22.0,22.0,0.0
fronius_plant_52kWpsensor_card1,2026-08-10 06:00:00,22.45945945945946,22.216216216216218,35.24324324324324
fronius_plant_52kWpsensor_card1,2026-08-10 07:00:00,26.73913043478261,25.0,219.43478260869566
fronius_plant_52kWpsensor_card1,2026-08-10 08:00:00,32.4,28.08888888888889,477.5777777777778
fronius_plant_52kWpsensor_card1,2026-08-10 09:00:00,37.130434782608695,31.565217391304348,672.3260869565217
fronius_plant_52kWpsensor_card1,2026-08-10 10:00:00,39.422222222222224,33.955555555555556,748.2444444444444
fronius_plant_52kWpsensor_card1,2026-08-10 11:00:00,42.666666666666664,36.2,833.3111111111111
fronius_plant_52kWpsensor_card1,2026-08-10 12:00:00,44.51111111111111,37.422222222222224,890.9333333333333
fronius_plant_52kWpsensor_card1,2026-08-10 13:00:00,44.775,37.975,836.15
fronius_plant_52kWpsensor_card1,2026-08-10 14:00:00,42.82608695652174,37.58695652173913,707.5
fronius_plant_52kWpsensor_card1,2026-08-10 15:00:00,40.02173913043478,36.69565217391305,459.7608695652174
fronius_plant_52kWpsensor_card1,2026-08-10 16:00:00,36.84444444444444,35.733333333333334,266.3777777777778
fronius_plant_52kWpsensor_card1,2026-08-10 17:00:00,32.17142857142857,31.571428571428573,49.114285714285714
fronius_plant_52kWpsensor_card1,2026-08-10 18:00:00,29.166666666666668,29.666666666666668,2.1666666666666665
fronius_plant_52kWpsensor_card1,2026-08-10 20:00:00,26.0,27.0,0.0
fronius_plant_52kWpsensor_card1,2026-08-10 21:00:00,25.0,26.0,0.0
fronius_plant_52kWpsensor_card1,2026-08-10 22:00:00,25.0,25.0,0.0
fronius_plant_52kWpsensor_card1,2026-08-11 04:00:00,22.0,22.0,0.0
fronius_plant_52kWpsensor_card1,2026-08-11 05:00:00,21.0,21.5,0.0
fronius_plant_52kWpsensor_card1,2026-08-11 06:00:00,22.323529411764707,22.5,41.411764705882355
fronius_plant_52kWpsensor_card1,2026-08-11 07:00:00,27.434782608695652,25.67391304347826,213.56521739130434
fronius_plant_52kWpsensor_card1,2026-08-11 08:00:00,31.847826086956523,28.347826086956523,442.45652173913044
fronius_plant_52kWpsensor_card1,2026-08-11 09:00:00,36.8,31.533333333333335,640.6888888888889
fronius_plant_52kWpsensor_card1,2026-08-11 10:00:00,38.76086956521739,33.84782608695652,605.9347826086956
fronius_plant_52kWpsensor_card1,2026-08-11 11:00:00,36.80434782608695,33.21739130434783,469.3695652173913
fronius_plant_52kWpsensor_card1,2026-08-11 12:00:00,35.0,32.355555555555554,424.24444444444447
fronius_plant_52kWpsensor_card1,2026-08-11 13:00:00,40.333333333333336,35.333333333333336,587.7777777777778
fronius_plant_52kWpsensor_card1,2026-08-11 14:00:00,39.21739130434783,35.43478260869565,537.8478260869565
fronius_plant_52kWpsensor_card1,2026-08-11 15:00:00,38.95652173913044,35.76086956521739,442.7173913043478
fronius_plant_52kWpsensor_card1,2026-08-11 16:00:00,35.55263157894737,34.921052631578945,251.47368421052633
fronius_plant_52kWpsensor_card1,2026-08-11 17:00:00,31.511627906976745,30.767441860465116,61.51162790697674
fronius_plant_52kWpsensor_card1,2026-08-11 18:00:00,28.6,28.8,4.4
fronius_plant_52kWpsensor_card1,2026-08-11 21:00:00,26.0,26.0,0.0
fronius_plant_52kWpsensor_card1,2026-08-11 22:00:00,25.0,26.0,0.0
fronius_plant_52kWpsensor_card1,2026-08-12 04:00:00,23.0,23.0,0.0
fronius_plant_52kWpsensor_card1,2026-08-12 05:00:00,22.11111111111111,22.333333333333332,1.8888888888888888
fronius_plant_52kWpsensor_card1,2026-08-12 06:00:00,23.785714285714285,23.452380952380953,66.35714285714286
fronius_plant_52kWpsensor_card1,2026-08-12 07:00:00,28.25581395348837,25.906976744186046,210.25581395348837
fronius_plant_52kWpsensor_card1,2026-08-12 08:00:00,32.71739130434783,28.73913043478261,380.04347826086956
fronius_plant_52kWpsensor_card1,2026-08-12 09:00:00,36.09090909090909,31.5,585.8863636363636
fronius_plant_52kWpsensor_card1,2026-08-12 10:00:00,38.73913043478261,33.52173913043478,670.0869565217391
fronius_plant_52kWpsensor_card1,2026-08-12 11:00:00,40.65909090909091,35.04545454545455,815.0681818181819
fronius_plant_52kWpsensor_card1,2026-08-12 12:00:00,43.28260869565217,36.97826086956522,860.304347826087
fronius_plant_52kWpsensor_card1,2026-08-12 13:00:00,42.15555555555556,36.84444444444444,765.0222222222222
fronius_plant_52kWpsensor_card1,2026-08-12 14:00:00,39.62222222222222,35.75555555555555,568.8666666666667
fronius_plant_52kWpsensor_card1,2026-08-12 15:00:00,37.38636363636363,34.84090909090909,429.95454545454544
fronius_plant_52kWpsensor_card1,2026-08-12 16:00:00,34.292682926829265,33.19512195121951,224.26829268292684
fronius_plant_52kWpsensor_card1,2026-08-12 17:00:00,30.822222222222223,30.177777777777777,67.4
fronius_plant_52kWpsensor_card1,2026-08-12 18:00:00,28.3,28.5,3.6
fronius_plant_52kWpsensor_card1,2026-08-12 21:00:00,25.0,26.0,0.0
fronius_plant_52kWpsensor_card1,2026-08-12 22:00:00,24.0,25.0,0.0
fronius_plant_52kWpsensor_card1,2026-08-13 22:00:00,26.0,25.0,0.0
fronius_plant_52kWpsensor_card1,2026-08-14 04:00:00,22.0,23.0,0.0
fronius_plant_52kWpsensor_card1,2026-08-14 05:00:00,22.0,22.5,0.0
fronius_plant_52kWpsensor_card1,2026-08-14 06:00:00,23.044444444444444,23.0,56.82222222222222
fronius_plant_52kWpsensor_card1,2026-08-14 07:00:00,28.355555555555554,25.977777777777778,247.48888888888888
fronius_plant_52kWpsensor_card1,2026-08-14 08:00:00,33.595238095238095,28.785714285714285,433.1904761904762
fronius_plant_52kWpsensor_card1,2026-08-14 09:00:00,37.82608695652174,31.195652173913043,627.5652173913044
fronius_plant_52kWpsensor_card1,2026-08-14 10:00:00,41.30434782608695,33.891304347826086,729.4347826086956
fronius_plant_52kWpsensor_card1,2026-08-14 11:00:00,42.888888888888886,36.111111111111114,768.4444444444445
fronius_plant_52kWpsensor_card1,2026-08-14 12:00:00,44.28260869565217,37.97826086956522,958.9782608695652
fronius_plant_52kWpsensor_card1,2026-08-14 13:00:00,41.977777777777774,36.888888888888886,738.1777777777778
fronius_plant_52kWpsensor_card1,2026-08-14 14:00:00,38.369565217391305,35.02173913043478,411.9130434782609
fronius_plant_52kWpsensor_card1,2026-08-14 15:00:00,36.608695652173914,34.41304347826087,281.82608695652175
fronius_plant_52kWpsensor_card1,2026-08-14 16:00:00,34.71111111111111,34.15555555555556,174.53333333333333
fronius_plant_52kWpsensor_card1,2026-08-14 17:00:00,31.6,30.833333333333332,32.166666666666664
fronius_plant_52kWpsensor_card1,2026-08-14 18:00:00,29.75,29.25,0.0
fronius_plant_52kWpsensor_card1,2026-08-14 21:00:00,26.0,26.0,0.0
fronius_plant_52kWpsensor_card1,2026-08-14 22:00:00,25.0,25.0,0.0
fronius_plant_52kWpsensor_card1,2026-08-15 05:00:00,23.5,23.0,0.0
fronius_plant_52kWpsensor_card1,2026-08-15 06:00:00,23.129032258064516,23.161290322580644,28.322580645161292
fronius_plant_52kWpsensor_card1,2026-08-15 07:00:00,27.227272727272727,25.477272727272727,192.25
fronius_plant_52kWpsensor_card1,2026-08-15 08:00:00,32.63414634146341,28.26829268292683,403.1707317073171
fronius_plant_52kWpsensor_card1,2026-08-15 09:00:00,38.36363636363637,31.613636363636363,658.75
fronius_plant_52kWpsensor_card1,2026-08-15 10:00:00,43.15217391304348,34.84782608695652,779.3478260869565
fronius_plant_52kWpsensor_card1,2026-08-15 11:00:00,44.47826086956522,36.54347826086956,814.2391304347826
fronius_plant_52kWpsensor_card1,2026-08-15 12:00:00,43.630434782608695,37.71739130434783,694.4130434782609
fronius_plant_52kWpsensor_card1,2026-08-15 13:00:00,40.21739130434783,35.95652173913044,600.2391304347826
fronius_plant_52kWpsensor_card1,2026-08-15 14:00:00,42.29545454545455,37.09090909090909,605.2727272727273
fronius_plant_52kWpsensor_card1,2026-08-15 15:00:00,34.82222222222222,33.13333333333333,134.64444444444445
fronius_plant_52kWpsensor_card1,2026-08-15 16:00:00,32.89473684210526,31.789473684210527,133.42105263157896
fronius_plant_52kWpsensor_card1,2026-08-15 17:00:00,31.5,30.595238095238095,57.73809523809524
fronius_plant_52kWpsensor_card1,2026-08-15 18:00:00,29.181818181818183,28.545454545454547,1.8181818181818181
fronius_plant_52kWpsensor_card1,2026-08-15 21:00:00,24.0,24.0,0.0
fronius_plant_52kWpsensor_card1,2026-08-15 23:00:00,22.0,23.0,0.0
fronius_plant_52kWpsensor_card1,2026-08-16 00:00:00,23.0,23.0,0.0
fronius_plant_52kWpsensor_card1,2026-08-16 03:00:00,22.0,21.0,0.0
fronius_plant_52kWpsensor_card1,2026-08-16 05:00:00,20.571428571428573,20.142857142857142,0.0
fronius_plant_52kWpsensor_card1,2026-08-16 06:00:00,20.9375,20.9375,12.6875
fronius_plant_52kWpsensor_card1,2026-08-16 07:00:00,22.5,22.071428571428573,96.54761904761905
fronius_plant_52kWpsensor_card1,2026-08-16 08:00:00,27.318181818181817,24.59090909090909,274.20454545454544
fronius_plant_52kWpsensor_card1,2026-08-16 09:00:00,34.630434782608695,28.5,566.8695652173913
fronius_plant_52kWpsensor_card1,2026-08-16 10:00:00,40.21739130434783,32.26086956521739,759.8260869565217
fronius_plant_52kWpsensor_card1,2026-08-16 11:00:00,41.62222222222222,33.46666666666667,740.0888888888888
fronius_plant_52kWpsensor_card1,2026-08-16 12:00:00,43.4,35.48888888888889,826.6888888888889
fronius_plant_52kWpsensor_card1,2026-08-16 13:00:00,41.43478260869565,35.17391304347826,659.3913043478261
fronius_plant_52kWpsensor_card1,2026-08-16 14:00:00,39.644444444444446,35.62222222222222,526.2666666666667
fronius_plant_52kWpsensor_card1,2026-08-16 15:00:00,37.644444444444446,34.4,426.46666666666664
fronius_plant_52kWpsensor_card1,2026-08-16 16:00:00,33.116279069767444,31.813953488372093,238.62790697674419
fronius_plant_52kWpsensor_card1,2026-08-16 17:00:00,30.59375,29.6875,53.6875
fronius_plant_52kWpsensor_card1,2026-08-16 18:00:00,28.22222222222222,27.88888888888889,0.0
fronius_plant_52kWpsensor_card1,2026-08-16 20:00:00,26.0,26.0,0.0
fronius_plant_52kWpsensor_card1,2026-08-16 21:00:00,25.0,24.0,0.0
fronius_plant_52kWpsensor_card1,2026-08-17 05:00:00,20.0,20.0,0.0
fronius_plant_52kWpsensor_card1,2026-08-17 06:00:00,20.0,20.0,25.620689655172413
fronius_plant_52kWpsensor_card1,2026-08-17 07:00:00,22.5609756097561,21.51219512195122,110.39024390243902
fronius_plant_52kWpsensor_card1,2026-08-17 08:00:00,26.558139534883722,23.6046511627907,231.53488372093022
fronius_plant_52kWpsensor_card1,2026-08-17 09:00:00,31.5,26.613636363636363,389.9318181818182
fronius_plant_52kWpsensor_card1,2026-08-17 10:00:00,34.52173913043478,28.956521739130434,462.6521739130435
fronius_plant_52kWpsensor_card1,2026-08-17 11:00:00,36.95652173913044,31.195652173913043,587.2608695652174
fronius_plant_52kWpsensor_card1,2026-08-17 12:00:00,30.3953488372093,28.372093023255815,216.04651162790697
fronius_plant_52kWpsensor_card1,2026-08-17 13:00:00,25.84090909090909,24.363636363636363,101.68181818181819
fronius_plant_52kWpsensor_card1,2026-08-17 14:00:00,22.90909090909091,21.454545454545453,126.36363636363636
fronius_plant_52kWpsensor_card1,2026-08-17 15:00:00,27.477272727272727,25.704545454545453,242.27272727272728
fronius_plant_52kWpsensor_card1,2026-08-17 16:00:00,28.162790697674417,26.093023255813954,140.88372093023256
fronius_plant_52kWpsensor_card1,2026-08-17 17:00:00,22.666666666666668,21.962962962962962,9.518518518518519
fronius_plant_52kWpsensor_card1,2026-08-17 18:00:00,20.0,19.533333333333335,0.0
fronius_plant_52kWpsensor_card1,2026-08-18 06:00:00,20.0,20.0,21.863636363636363
fronius_plant_52kWpsensor_card1,2026-08-18 07:00:00,20.75,20.75,111.75
fronius_plant_52kWpsensor_card1,2026-08-18 08:00:00,23.77777777777778,22.666666666666668,269.4888888888889
fronius_plant_52kWpsensor_card1,2026-08-18 09:00:00,26.953488372093023,24.372093023255815,423.1860465116279
fronius_plant_52kWpsensor_card1,2026-08-18 10:00:00,28.170212765957448,24.72340425531915,458.6170212765957
fronius_plant_52kWpsensor_card1,2026-08-18 11:00:00,35.57446808510638,28.97872340425532,979.2978723404256
fronius_plant_52kWpsensor_card1,2026-08-18 12:00:00,39.270833333333336,31.354166666666668,881.5208333333334
fronius_plant_52kWpsensor_card1,2026-08-18 13:00:00,35.276595744680854,29.93617021276596,577.468085106383
fronius_plant_52kWpsensor_card1,2026-08-18 14:00:00,36.78260869565217,31.82608695652174,676.5652173913044
fronius_plant_52kWpsensor_card1,2026-08-18 15:00:00,33.59574468085106,30.382978723404257,363.3404255319149
fronius_plant_52kWpsensor_card1,2026-08-18 16:00:00,32.91489361702128,31.659574468085108,256.6595744680851
fronius_plant_52kWpsensor_card1,2026-08-18 17:00:00,30.044444444444444,28.977777777777778,72.04444444444445
fronius_plant_52kWpsensor_card1,2026-08-18 18:00:00,26.615384615384617,26.615384615384617,3.0
fronius_plant_52kWpsensor_card1,2026-08-18 22:00:00,22.0,23.0,0.0
fronius_plant_52kWpsensor_card1,2026-08-19 05:00:00,19.0,19.5,0.0
fronius_plant_52kWpsensor_card1,2026-08-19 06:00:00,19.81578947368421,20.210526315789473,41.89473684210526
fronius_plant_52kWpsensor_card1,2026-08-19 07:00:00,24.75,22.875,218.58333333333334
fronius_plant_52kWpsensor_card1,2026-08-19 08:00:00,31.733333333333334,26.622222222222224,440.31111111111113
fronius_plant_52kWpsensor_card1,2026-08-19 09:00:00,37.17391304347826,30.41304347826087,658.6521739130435
fronius_plant_52kWpsensor_card1,2026-08-19 10:00:00,40.82222222222222,33.955555555555556,813.7333333333333
fronius_plant_52kWpsensor_card1,2026-08-19 11:00:00,44.93181818181818,36.90909090909091,894.2272727272727
fronius_plant_52kWpsensor_card1,2026-08-19 12:00:00,45.022222222222226,38.37777777777778,917.4
fronius_plant_52kWpsensor_card1,2026-08-19 13:00:00,44.32608695652174,38.391304347826086,863.5434782608696
fronius_plant_52kWpsensor_card1,2026-08-19 14:00:00,38.1875,34.9375,357.1875
fronius_plant_52kWpsensor_card1,2026-08-19 15:00:00,34.51111111111111,33.08888888888889,176.3111111111111
fronius_plant_52kWpsensor_card1,2026-08-19 16:00:00,32.0,31.066666666666666,79.28888888888889
fronius_plant_52kWpsensor_card1,2026-08-19 17:00:00,29.692307692307693,29.615384615384617,26.076923076923077
fronius_plant_52kWpsensor_card1,2026-08-19 18:00:00,27.77777777777778,28.444444444444443,1.2222222222222223
fronius_plant_52kWpsensor_card1,2026-08-19 21:00:00,26.0,26.0,0.0
fronius_plant_52kWpsensor_card1,2026-08-19 22:00:00,25.0,25.0,0.0
fronius_plant_52kWpsensor_card1,2026-08-20 21:00:00,25.0,26.0,0.0
fronius_plant_52kWpsensor_card1,2026-08-20 22:00:00,24.0,24.0,0.0
fronius_plant_52kWpsensor_card1,2026-08-21 02:00:00,22.0,23.0,0.0
fronius_plant_52kWpsensor_card1,2026-08-21 05:00:00,22.0,22.0,0.0
fronius_plant_52kWpsensor_card1,2026-08-21 06:00:00,22.633333333333333,22.366666666666667,41.333333333333336
fronius_plant_52kWpsensor_card1,2026-08-21 07:00:00,25.295454545454547,23.977272727272727,87.04545454545455
fronius_plant_52kWpsensor_card1,2026-08-21 08:00:00,28.52173913043478,25.956521739130434,312.54347826086956
fronius_plant_52kWpsensor_card1,2026-08-21 09:00:00,33.84090909090909,29.136363636363637,606.7954545454545
fronius_plant_52kWpsensor_card1,2026-08-21 10:00:00,37.84782608695652,32.06521739130435,656.4782608695652
fronius_plant_52kWpsensor_card1,2026-08-21 11:00:00,37.67391304347826,33.47826086956522,507.9782608695652
fronius_plant_52kWpsensor_card1,2026-08-21 12:00:00,38.0,33.93478260869565,577.8695652173913
fronius_plant_52kWpsensor_card1,2026-08-21 13:00:00,40.54347826086956,35.32608695652174,699.0652173913044
fronius_plant_52kWpsensor_card1,2026-08-21 14:00:00,41.888888888888886,36.422222222222224,607.7777777777778
fronius_plant_52kWpsensor_card1,2026-08-21 15:00:00,38.71739130434783,35.130434782608695,430.67391304347825
fronius_plant_52kWpsensor_card1,2026-08-21 16:00:00,35.86666666666667,34.8,252.24444444444444
fronius_plant_52kWpsensor_card1,2026-08-21 17:00:00,31.666666666666668,30.77777777777778,42.666666666666664
fronius_plant_52kWpsensor_card1,2026-08-21 18:00:00,28.0,28.5,0.0
fronius_plant_52kWpsensor_card1,2026-08-21 21:00:00,26.0,25.0,0.0
fronius_plant_52kWpsensor_card1,2026-08-22 04:00:00,21.0,21.0,0.0
fronius_plant_52kWpsensor_card1,2026-08-22 06:00:00,21.0,21.0,32.416666666666664
fronius_plant_52kWpsensor_card1,2026-08-22 07:00:00,22.26829268292683,21.317073170731707,110.65853658536585
fronius_plant_52kWpsensor_card1,2026-08-22 08:00:00,26.3,24.075,199.7
fronius_plant_52kWpsensor_card1,2026-08-22 09:00:00,28.214285714285715,25.523809523809526,220.61904761904762
fronius_plant_52kWpsensor_card1,2026-08-22 10:00:00,31.441860465116278,27.46511627906977,373.3720930232558
fronius_plant_52kWpsensor_card1,2026-08-22 11:00:00,36.68181818181818,30.318181818181817,517.9318181818181
fronius_plant_52kWpsensor_card1,2026-08-22 12:00:00,34.23255813953488,30.093023255813954,343.5813953488372
fronius_plant_52kWpsensor_card1,2026-08-22 13:00:00,36.18604651162791,32.0,417.48837209302326
fronius_plant_52kWpsensor_card1,2026-08-22 14:00:00,37.58695652173913,33.608695652173914,516.2826086956521
fronius_plant_52kWpsensor_card1,2026-08-22 15:00:00,36.13953488372093,32.83720930232558,278.48837209302326
fronius_plant_52kWpsensor_card1,2026-08-22 16:00:00,32.116279069767444,30.558139534883722,152.8139534883721
fronius_plant_52kWpsensor_card1,2026-08-22 17:00:00,30.511111111111113,29.644444444444446,60.17777777777778
fronius_plant_52kWpsensor_card1,2026-08-22 18:00:00,27.857142857142858,27.571428571428573,1.4285714285714286
fronius_plant_52kWpsensor_card1,2026-08-22 22:00:00,24.0,24.0,0.0
fronius_plant_52kWpsensor_card1,2026-08-23 02:00:00,22.0,22.0,0.0
fronius_plant_52kWpsensor_card1,2026-08-23 05:00:00,20.666666666666668,21.0,0.0
fronius_plant_52kWpsensor_card1,2026-08-23 06:00:00,21.833333333333332,21.333333333333332,55.857142857142854
fronius_plant_52kWpsensor_card1,2026-08-23 07:00:00,25.73913043478261,23.565217391304348,208.1304347826087
fronius_plant_52kWpsensor_card1,2026-08-23 08:00:00,32.86666666666667,27.711111111111112,468.0444444444444
fronius_plant_52kWpsensor_card1,2026-08-23 09:00:00,37.67391304347826,30.304347826086957,665.195652173913
fronius_plant_52kWpsensor_card1,2026-08-23 10:00:00,39.73913043478261,32.5,747.1521739130435
fronius_plant_52kWpsensor_card1,2026-08-23 11:00:00,38.58695652173913,32.891304347826086,587.6304347826087
fronius_plant_52kWpsensor_card1,2026-08-23 12:00:00,38.47826086956522,34.02173913043478,562.5869565217391
fronius_plant_52kWpsensor_card1,2026-08-23 13:00:00,39.55555555555556,34.91111111111111,650.2444444444444
fronius_plant_52kWpsensor_card1,2026-08-23 14:00:00,42.22222222222222,36.37777777777778,702.4222222222222
fronius_plant_52kWpsensor_card1,2026-08-23 15:00:00,31.536585365853657,30.097560975609756,97.7560975609756
fronius_plant_52kWpsensor_card1,2026-08-23 16:00:00,27.307692307692307,26.025641025641026,46.717948717948715
fronius_plant_52kWpsensor_card1,2026-08-23 17:00:00,23.0,22.821428571428573,23.428571428571427
fronius_plant_52kWpsensor_card1,2026-08-23 18:00:00,23.0,23.454545454545453,1.4545454545454546
fronius_plant_52kWpsensor_card1,2026-08-23 20:00:00,24.0,24.0,0.0
fronius_plant_52kWpsensor_card1,2026-08-23 21:00:00,23.0,23.0,0.0
fronius_plant_52kWpsensor_card1,2026-08-24 05:00:00,20.25,21.0,0.25
fronius_plant_52kWpsensor_card1,2026-08-24 06:00:00,21.4468085106383,21.53191489361702,73.36170212765957
fronius_plant_52kWpsensor_card1,2026-08-24 07:00:00,26.232558139534884,24.441860465116278,227.04651162790697
fronius_plant_52kWpsensor_card1,2026-08-24 08:00:00,31.26829268292683,27.414634146341463,418.0487804878049
fronius_plant_52kWpsensor_card1,2026-08-24 09:00:00,35.23913043478261,29.956521739130434,589.2173913043479
fronius_plant_52kWpsensor_card1,2026-08-24 10:00:00,39.69565217391305,32.73913043478261,753.804347826087
fronius_plant_52kWpsensor_card1,2026-08-24 11:00:00,43.83720930232558,36.2093023255814,825.5348837209302
fronius_plant_52kWpsensor_card1,2026-08-24 12:00:00,42.82608695652174,36.67391304347826,664.695652173913
fronius_plant_52kWpsensor_card1,2026-08-24 13:00:00,38.56521739130435,35.15217391304348,486.7391304347826
fronius_plant_52kWpsensor_card1,2026-08-24 14:00:00,38.04347826086956,34.93478260869565,477.45652173913044
fronius_plant_52kWpsensor_card1,2026-08-24 15:00:00,38.04545454545455,34.59090909090909,395.45454545454544
fronius_plant_52kWpsensor_card1,2026-08-24 16:00:00,32.1578947368421,30.94736842105263,114.0
fronius_plant_52kWpsensor_card1,2026-08-24 17:00:00,29.515151515151516,29.454545454545453,28.12121212121212
fronius_plant_52kWpsensor_card1,2026-08-24 18:00:00,28.6,28.8,1.0
fronius_plant_52kWpsensor_card1,2026-08-24 21:00:00,26.0,26.0,0.0
fronius_plant_52kWpsensor_card1,2026-08-24 22:00:00,25.0,25.0,0.0
fronius_plant_52kWpsensor_card1,2026-08-25 00:00:00,24.0,24.0,0.0
fronius_plant_52kWpsensor_card1,2026-08-25 01:00:00,23.0,23.0,0.0
fronius_plant_52kWpsensor_card1,2026-08-25 05:00:00,22.0,22.0,0.0
fronius_plant_52kWpsensor_card1,2026-08-25 06:00:00,23.16216216216216,22.513513513513512,37.351351351351354
fronius_plant_52kWpsensor_card1,2026-08-25 07:00:00,26.022222222222222,24.4,133.26666666666668
fronius_plant_52kWpsensor_card1,2026-08-25 08:00:00,30.65909090909091,27.15909090909091,400.3636363636364
fronius_plant_52kWpsensor_card1,2026-08-25 09:00:00,37.0,30.844444444444445,666.8888888888889
fronius_plant_52kWpsensor_card1,2026-08-25 10:00:00,42.044444444444444,33.8,807.4444444444445
fronius_plant_52kWpsensor_card1,2026-08-25 11:00:00,42.69767441860465,35.53488372093023,913.3488372093024
fronius_plant_52kWpsensor_card1,2026-08-25 12:00:00,42.111111111111114,36.13333333333333,790.2888888888889
fronius_plant_52kWpsensor_card1,2026-08-25 13:00:00,38.23913043478261,34.630434782608695,471.9130434782609
fronius_plant_52kWpsensor_card1,2026-08-25 14:00:00,34.8,32.68888888888889,255.93333333333334
fronius_plant_52kWpsensor_card1,2026-08-25 15:00:00,34.93333333333333,32.55555555555556,278.77777777777777
fronius_plant_52kWpsensor_card1,2026-08-25 16:00:00,31.846153846153847,30.692307692307693,115.7948717948718
fronius_plant_52kWpsensor_card1,2026-08-25 17:00:00,29.263157894736842,29.05263157894737,33.10526315789474
fronius_plant_52kWpsensor_card1,2026-08-25 18:00:00,28.25,28.25,0.0
fronius_plant_52kWpsensor_card1,2026-08-25 19:00:00,27.0,27.0,0.0
fronius_plant_52kWpsensor_card1,2026-08-25 21:00:00,26.0,26.0,0.0
fronius_plant_52kWpsensor_card1,2026-08-26 02:00:00,23.0,23.0,0.0
fronius_plant_52kWpsensor_card1,2026-08-26 06:00:00,21.607142857142858,21.0,10.535714285714286
fronius_plant_52kWpsensor_card1,2026-08-26 07:00:00,21.926829268292682,20.341463414634145,172.1219512195122
fronius_plant_52kWpsensor_card1,2026-08-26 08:00:00,29.977777777777778,25.8,475.02222222222224
fronius_plant_52kWpsensor_card1,2026-08-26 09:00:00,34.577777777777776,28.177777777777777,616.0666666666667
fronius_plant_52kWpsensor_card1,2026-08-26 10:00:00,38.15217391304348,30.934782608695652,641.8913043478261
fronius_plant_52kWpsensor_card1,2026-08-26 11:00:00,43.56521739130435,34.30434782608695,882.4782608695652
fronius_plant_52kWpsensor_card1,2026-08-26 12:00:00,40.08888888888889,34.0,611.7333333333333
fronius_plant_52kWpsensor_card1,2026-08-26 13:00:00,37.24444444444445,33.48888888888889,474.24444444444447
fronius_plant_52kWpsensor_card1,2026-08-26 14:00:00,38.333333333333336,34.733333333333334,415.53333333333336
fronius_plant_52kWpsensor_card1,2026-08-26 15:00:00,34.68181818181818,32.77272727272727,259.0681818181818
fronius_plant_52kWpsensor_card1,2026-08-26 16:00:00,32.0,30.953488372093023,114.51162790697674
fronius_plant_52kWpsensor_card1,2026-08-26 17:00:00,30.057142857142857,29.571428571428573,31.057142857142857
fronius_plant_52kWpsensor_card1,2026-08-26 18:00:00,28.75,28.5,1.0
fronius_plant_52kWpsensor_card1,2026-08-26 22:00:00,25.0,24.0,0.0
fronius_plant_52kWpsensor_card1,2026-08-27 00:00:00,24.0,24.0,0.0
fronius_plant_52kWpsensor_card1,2026-08-27 01:00:00,23.0,23.0,0.0
fronius_plant_52kWpsensor_card1,2026-08-27 05:00:00,23.0,23.0,3.0
fronius_plant_52kWpsensor_card1,2026-08-27 06:00:00,23.511627906976745,23.372093023255815,58.395348837209305
fronius_plant_52kWpsensor_card1,2026-08-27 07:00:00,28.108695652173914,26.0,253.2608695652174
fronius_plant_52kWpsensor_card1,2026-08-27 08:00:00,32.422222222222224,28.466666666666665,478.5111111111111
fronius_plant_52kWpsensor_card1,2026-08-27 09:00:00,36.45652173913044,30.782608695652176,516.8913043478261
fronius_plant_52kWpsensor_card1,2026-08-27 10:00:00,34.04545454545455,30.386363636363637,356.4318181818182
fronius_plant_52kWpsensor_card1,2026-08-27 11:00:00,38.56521739130435,33.391304347826086,502.0
fronius_plant_52kWpsensor_card1,2026-08-27 12:00:00,41.0,35.369565217391305,772.5217391304348
fronius_plant_52kWpsensor_card1,2026-08-27 13:00:00,43.95652173913044,37.69565217391305,774.1521739130435
fronius_plant_52kWpsensor_card1,2026-08-27 14:00:00,42.61363636363637,37.52272727272727,684.5909090909091
fronius_plant_52kWpsensor_card1,2026-08-27 15:00:00,39.95454545454545,36.22727272727273,463.8181818181818
fronius_plant_52kWpsensor_card1,2026-08-27 16:00:00,35.43181818181818,34.27272727272727,179.8409090909091
fronius_plant_52kWpsensor_card1,2026-08-27 17:00:00,31.78125,31.09375,47.71875
fronius_plant_52kWpsensor_card1,2026-08-27 18:00:00,30.0,29.333333333333332,0.0
fronius_plant_52kWpsensor_card1,2026-08-27 19:00:00,28.0,28.0,0.0
fronius_plant_52kWpsensor_card1,2026-08-27 21:00:00,27.0,27.0,0.0
fronius_plant_52kWpsensor_card1,2026-08-27 22:00:00,25.0,25.0,0.0
fronius_plant_52kWpsensor_card1,2026-08-28 04:00:00,21.0,21.0,0.0
fronius_plant_52kWpsensor_card1,2026-08-28 05:00:00,21.636363636363637,21.818181818181817,1.7272727272727273
fronius_plant_52kWpsensor_card1,2026-08-28 06:00:00,22.5,22.13888888888889,43.52777777777778
fronius_plant_52kWpsensor_card1,2026-08-28 07:00:00,25.511627906976745,23.930232558139537,186.1627906976744
fronius_plant_52kWpsensor_card1,2026-08-28 08:00:00,30.217391304347824,26.456521739130434,305.2608695652174
fronius_plant_52kWpsensor_card1,2026-08-28 09:00:00,35.77777777777778,29.844444444444445,587.0666666666667
fronius_plant_52kWpsensor_card1,2026-08-28 10:00:00,40.6,33.46666666666667,788.5333333333333
fronius_plant_52kWpsensor_card1,2026-08-28 11:00:00,41.45454545454545,35.75,881.4545454545455
fronius_plant_52kWpsensor_card1,2026-08-28 12:00:00,43.77272727272727,37.22727272727273,893.3863636363636
fronius_plant_52kWpsensor_card1,2026-08-28 13:00:00,42.30232558139535,36.83720930232558,712.2093023255813
fronius_plant_52kWpsensor_card1,2026-08-28 14:00:00,40.32608695652174,36.23913043478261,497.6304347826087
fronius_plant_52kWpsensor_card1,2026-08-28 15:00:00,38.97826086956522,36.02173913043478,363.17391304347825
fronius_plant_52kWpsensor_card1,2026-08-28 16:00:00,36.02173913043478,34.97826086956522,195.84782608695653
fronius_plant_52kWpsensor_card1,2026-08-28 17:00:00,32.325,31.7,54.5
fronius_plant_52kWpsensor_card1,2026-08-28 18:00:00,29.4,29.6,0.8
fronius_plant_52kWpsensor_card1,2026-08-28 21:00:00,26.0,27.0,0.0
fronius_plant_52kWpsensor_card1,2026-08-28 22:00:00,25.0,26.0,0.0
fronius_plant_52kWpsensor_card1,2026-08-29 02:00:00,19.0,20.0,0.0
fronius_plant_52kWpsensor_card1,2026-08-29 05:00:00,20.0,20.0,0.0
fronius_plant_52kWpsensor_card1,2026-08-29 06:00:00,20.6046511627907,20.41860465116279,47.604651162790695
fronius_plant_52kWpsensor_card1,2026-08-29 07:00:00,24.204545454545453,22.5,163.86363636363637
fronius_plant_52kWpsensor_card1,2026-08-29 08:00:00,28.4,24.711111111111112,301.6222222222222
fronius_plant_52kWpsensor_card1,2026-08-29 09:00:00,34.891304347826086,28.543478260869566,601.0869565217391
fronius_plant_52kWpsensor_card1,2026-08-29 10:00:00,40.26086956521739,31.934782608695652,775.4565217391304
fronius_plant_52kWpsensor_card1,2026-08-29 11:00:00,41.45652173913044,33.17391304347826,726.5434782608696
fronius_plant_52kWpsensor_card1,2026-08-29 12:00:00,39.355555555555554,33.2,632.2
fronius_plant_52kWpsensor_card1,2026-08-29 13:00:00,41.6,34.422222222222224,667.6444444444444
fronius_plant_52kWpsensor_card1,2026-08-29 14:00:00,38.644444444444446,33.68888888888889,623.8222222222222
fronius_plant_52kWpsensor_card1,2026-08-29 15:00:00,33.81818181818182,31.386363636363637,217.63636363636363
fronius_plant_52kWpsensor_card1,2026-08-29 16:00:00,30.86842105263158,30.0,133.89473684210526
fronius_plant_52kWpsensor_card1,2026-08-29 17:00:00,28.733333333333334,27.866666666666667,55.577777777777776
fronius_plant_52kWpsensor_card1,2026-08-29 18:00:00,27.0,26.75,1.75
fronius_plant_52kWpsensor_card1,2026-08-29 19:00:00,26.0,26.0,0.0
fronius_plant_52kWpsensor_card1,2026-08-29 21:00:00,24.0,24.0,0.0
fronius_plant_52kWpsensor_card1,2026-08-29 22:00:00,20.0,19.0,0.0
fronius_plant_52kWpsensor_card1,2026-08-30 05:00:00,20.0,19.666666666666668,0.0
fronius_plant_52kWpsensor_card1,2026-08-30 06:00:00,20.609756097560975,20.634146341463413,42.09756097560975
fronius_plant_52kWpsensor_card1,2026-08-30 07:00:00,25.372093023255815,23.11627906976744,215.51162790697674
fronius_plant_52kWpsensor_card1,2026-08-30 08:00:00,31.543478260869566,26.08695652173913,442.3695652173913
fronius_plant_52kWpsensor_card1,2026-08-30 09:00:00,38.93333333333333,30.4,699.2888888888889
fronius_plant_52kWpsensor_card1,2026-08-30 10:00:00,39.54347826086956,31.5,668.304347826087
fronius_plant_52kWpsensor_card1,2026-08-30 11:00:00,42.608695652173914,34.08695652173913,772.195652173913
fronius_plant_52kWpsensor_card1,2026-08-30 12:00:00,42.54347826086956,34.630434782608695,618.0434782608696
fronius_plant_52kWpsensor_card1,2026-08-30 13:00:00,41.41304347826087,36.06521739130435,764.695652173913
fronius_plant_52kWpsensor_card1,2026-08-30 14:00:00,38.76086956521739,34.84782608695652,405.7608695652174
fronius_plant_52kWpsensor_card1,2026-08-30 15:00:00,35.17391304347826,33.32608695652174,258.0869565217391
fronius_plant_52kWpsensor_card1,2026-08-30 16:00:00,35.79545454545455,34.34090909090909,248.27272727272728
fronius_plant_52kWpsensor_card1,2026-08-30 17:00:00,29.75,29.46875,23.65625
fronius_plant_52kWpsensor_card1,2026-08-30 18:00:00,28.0,27.5,0.0
fronius_plant_52kWpsensor_card1,2026-08-30 21:00:00,26.0,26.0,0.0
fronius_plant_52kWpsensor_card1,2026-08-30 22:00:00,25.0,25.0,0.0
fronius_plant_52kWpsensor_card1,2026-08-31 05:00:00,22.428571428571427,22.0,0.0
fronius_plant_52kWpsensor_card1,2026-08-31 06:00:00,23.05,22.55,35.275
fronius_plant_52kWpsensor_card1,2026-08-31 07:00:00,25.285714285714285,23.928571428571427,114.47619047619048
fronius_plant_52kWpsensor_card1,2026-08-31 08:00:00,29.651162790697676,26.511627906976745,270.5813953488372
fronius_plant_52kWpsensor_card1,2026-08-31 09:00:00,34.55555555555556,29.57777777777778,584.8666666666667
fronius_plant_52kWpsensor_card1,2026-08-31 10:00:00,43.044444444444444,34.355555555555554,832.8
fronius_plant_52kWpsensor_card1,2026-08-31 11:00:00,43.1063829787234,35.12765957446808,686.1276595744681
fronius_plant_52kWpsensor_card1,2026-08-31 12:00:00,39.8936170212766,33.851063829787236,485.6808510638298
fronius_plant_52kWpsensor_card1,2026-08-31 13:00:00,35.12765957446808,32.04255319148936,370.5531914893617
fronius_plant_52kWpsensor_card1,2026-08-31 14:00:00,35.583333333333336,32.208333333333336,474.625
fronius_plant_52kWpsensor_card1,2026-08-31 15:00:00,37.87234042553192,34.276595744680854,433.36170212765956
fronius_plant_52kWpsensor_card1,2026-08-31 16:00:00,35.355555555555554,34.22222222222222,200.24444444444444
fronius_plant_52kWpsensor_card1,2026-08-31 17:00:00,29.551724137931036,29.379310344827587,26.482758620689655
fronius_plant_52kWpsensor_card1,2026-08-31 18:00:00,28.333333333333332,28.666666666666668,0.0
fronius_plant_52kWpsensor_card1,2026-08-31 19:00:00,27.0,27.0,0.0
fronius_plant_52kWpsensor_card1,2026-08-31 21:00:00,25.0,25.0,0.0
fronius_plant_52kWpsensor_card1,2026-08-31 22:00:00,22.0,22.0,0.0
fronius_plant_52kWpsensor_card1,2026-09-01 05:00:00,19.25,20.0,1.25
fronius_plant_52kWpsensor_card1,2026-09-01 06:00:00,20.14814814814815,20.0,24.074074074074073
fronius_plant_52kWpsensor_card1,2026-09-01 07:00:00,22.282608695652176,21.41304347826087,120.34782608695652
fronius_plant_52kWpsensor_card1,2026-09-01 08:00:00,25.57777777777778,23.511111111111113,191.6
fronius_plant_52kWpsensor_card1,2026-09-01 09:00:00,32.291666666666664,26.708333333333332,525.6458333333334
fronius_plant_52kWpsensor_card1,2026-09-01 10:00:00,37.361702127659576,30.361702127659573,664.4893617021277
fronius_plant_52kWpsensor_card1,2026-09-01 11:00:00,41.340425531914896,32.59574468085106,693.1914893617021
fronius_plant_52kWpsensor_card1,2026-09-01 12:00:00,36.25,31.25,384.4375
fronius_plant_52kWpsensor_card1,2026-09-01 13:00:00,31.204545454545453,29.204545454545453,187.5681818181818
fronius_plant_52kWpsensor_card1,2026-09-01 14:00:00,33.84782608695652,30.847826086956523,467.32608695652175
fronius_plant_52kWpsensor_card1,2026-09-01 15:00:00,35.06382978723404,32.319148936170215,422.27659574468083
fronius_plant_52kWpsensor_card1,2026-09-01 16:00:00,32.80434782608695,31.956521739130434,220.41304347826087
fronius_plant_52kWpsensor_card1,2026-09-01 17:00:00,29.666666666666668,28.727272727272727,64.03030303030303
fronius_plant_52kWpsensor_card1,2026-09-01 18:00:00,26.75,26.25,0.0
fronius_plant_52kWpsensor_card1,2026-09-01 19:00:00,24.0,25.0,0.0
fronius_plant_52kWpsensor_card1,2026-09-01 21:00:00,23.0,24.0,0.0
fronius_plant_52kWpsensor_card1,2026-09-01 22:00:00,22.0,21.0,0.0
fronius_plant_52kWpsensor_card1,2026-09-02 00:00:00,20.0,19.0,0.0
fronius_plant_52kWpsensor_card1,2026-09-02 05:00:00,19.5,19.0,0.0
fronius_plant_52kWpsensor_card1,2026-09-02 06:00:00,20.242424242424242,20.151515151515152,49.27272727272727
fronius_plant_52kWpsensor_card1,2026-09-02 07:00:00,22.844444444444445,21.977777777777778,159.42222222222222
fronius_plant_52kWpsensor_card1,2026-09-02 08:00:00,30.0,25.23404255319149,448.06382978723406
fronius_plant_52kWpsensor_card1,2026-09-02 09:00:00,34.770833333333336,28.208333333333332,654.6875
fronius_plant_52kWpsensor_card1,2026-09-02 10:00:00,41.13333333333333,31.91111111111111,843.5333333333333
fronius_plant_52kWpsensor_card1,2026-09-02 11:00:00,42.45652173913044,33.80434782608695,958.195652173913
fronius_plant_52kWpsensor_card1,2026-09-02 12:00:00,40.765957446808514,33.57446808510638,813.936170212766
fronius_plant_52kWpsensor_card1,2026-09-02 13:00:00,43.56818181818182,36.61363636363637,926.5909090909091
fronius_plant_52kWpsensor_card1,2026-09-02 14:00:00,41.8125,36.395833333333336,712.1666666666666
fronius_plant_52kWpsensor_card1,2026-09-02 15:00:00,40.82608695652174,35.71739130434783,463.80434782608694
fronius_plant_52kWpsensor_card1,2026-09-02 16:00:00,32.9,31.575,124.55
fronius_plant_52kWpsensor_card1,2026-09-02 17:00:00,30.075,29.35,54.425
fronius_plant_52kWpsensor_card1,2026-09-02 18:00:00,28.571428571428573,28.0,3.4285714285714284
fronius_plant_52kWpsensor_card1,2026-09-02 19:00:00,26.0,26.0,0.0
fronius_plant_52kWpsensor_card1,2026-09-02 21:00:00,24.0,24.0,0.0
fronius_plant_52kWpsensor_card1,2026-09-03 02:00:00,23.0,23.0,0.0
fronius_plant_52kWpsensor_card1,2026-09-03 04:00:00,21.0,21.0,0.0
fronius_plant_52kWpsensor_card1,2026-09-03 05:00:00,22.0,22.0,0.0
fronius_plant_52kWpsensor_card1,2026-09-03 06:00:00,22.78048780487805,22.390243902439025,56.19512195121951
fronius_plant_52kWpsensor_card1,2026-09-03 07:00:00,26.466666666666665,24.4,188.13333333333333
fronius_plant_52kWpsensor_card1,2026-09-03 08:00:00,32.625,28.0625,495.375
fronius_plant_52kWpsensor_card1,2026-09-03 09:00:00,38.27272727272727,31.0,706.5681818181819
fronius_plant_52kWpsensor_card1,2026-09-03 10:00:00,41.041666666666664,33.333333333333336,814.375
fronius_plant_52kWpsensor_card1,2026-09-03 11:00:00,39.58695652173913,33.69565217391305,636.2608695652174
fronius_plant_52kWpsensor_card1,2026-09-03 12:00:00,42.65909090909091,36.43181818181818,725.9318181818181
fronius_plant_52kWpsensor_card1,2026-09-03 13:00:00,41.955555555555556,36.77777777777778,722.2888888888889
fronius_plant_52kWpsensor_card1,2026-09-03 14:00:00,37.395833333333336,34.395833333333336,403.9791666666667
fronius_plant_52kWpsensor_card1,2026-09-03 15:00:00,37.04545454545455,34.38636363636363,357.34090909090907
fronius_plant_52kWpsensor_card1,2026-09-03 16:00:00,33.80487804878049,32.41463414634146,162.9268292682927
fronius_plant_52kWpsensor_card1,2026-09-03 17:00:00,30.068181818181817,29.545454545454547,50.40909090909091
fronius_plant_52kWpsensor_card1,2026-09-03 18:00:00,28.5,28.0,0.0
fronius_plant_52kWpsensor_card1,2026-09-03 22:00:00,25.0,25.0,0.0
fronius_plant_52kWpsensor_card1,2026-09-04 05:00:00,21.25,21.75,0.25
fronius_plant_52kWpsensor_card1,2026-09-04 06:00:00,22.358974358974358,22.41025641025641,64.17948717948718
fronius_plant_52kWpsensor_card1,2026-09-04 07:00:00,27.045454545454547,24.681818181818183,253.72727272727272
fronius_plant_52kWpsensor_card1,2026-09-04 08:00:00,32.69767441860465,28.441860465116278,488.6279069767442
fronius_plant_52kWpsensor_card1,2026-09-04 09:00:00,37.2,30.733333333333334,704.6
fronius_plant_52kWpsensor_card1,2026-09-04 10:00:00,37.93478260869565,31.97826086956522,498.0869565217391
fronius_plant_52kWpsensor_card1,2026-09-04 11:00:00,36.86666666666667,32.266666666666666,517.6666666666666
fronius_plant_52kWpsensor_card1,2026-09-04 12:00:00,42.111111111111114,36.31111111111111,769.0888888888888
fronius_plant_52kWpsensor_card1,2026-09-04 13:00:00,40.19565217391305,35.65217391304348,641.8695652173913
fronius_plant_52kWpsensor_card1,2026-09-04 14:00:00,37.45652173913044,34.08695652173913,410.2173913043478
fronius_plant_52kWpsensor_card1,2026-09-04 15:00:00,35.75,33.13636363636363,322.22727272727275
fronius_plant_52kWpsensor_card1,2026-09-04 16:00:00,31.57894736842105,30.5,88.23684210526316
fronius_plant_52kWpsensor_card1,2026-09-04 17:00:00,29.035714285714285,28.428571428571427,22.642857142857142
fronius_plant_52kWpsensor_card1,2026-09-04 18:00:00,28.0,27.4,0.0
fronius_plant_52kWpsensor_card1,2026-09-04 22:00:00,25.0,25.0,0.0
fronius_plant_52kWpsensor_card1,2026-09-05 05:00:00,21.0,21.571428571428573,0.2857142857142857
fronius_plant_52kWpsensor_card1,2026-09-05 06:00:00,22.75,22.575,43.7
fronius_plant_52kWpsensor_card1,2026-09-05 07:00:00,25.933333333333334,24.31111111111111,205.9111111111111
fronius_plant_52kWpsensor_card1,2026-09-05 08:00:00,31.67391304347826,27.652173913043477,429.7826086956522
fronius_plant_52kWpsensor_card1,2026-09-05 09:00:00,35.93478260869565,30.47826086956522,628.9130434782609
fronius_plant_52kWpsensor_card1,2026-09-05 10:00:00,39.214285714285715,32.857142857142854,791.5714285714286
